seed,neuron,a,b,activation
0,99,0,0,1.11631
0,99,0,1,0.489297
0,99,0,2,0.826835
0,99,0,3,0.371299
0,99,0,4,1.00057
0,99,0,5,0.849617
0,99,0,6,0.687033
0,99,0,7,0.652029
0,99,0,8,0.443335
0,99,0,9,0.982612
0,99,0,10,0.55677
0,99,0,11,0.917524
0,99,0,12,0.458626
0,99,0,13,1.03979
0,99,0,14,1.0248
0,99,0,15,0.894868
0,99,0,16,0.715848
0,99,0,17,0.391891
0,99,0,18,0.869194
0,99,0,19,0.568758
0,99,0,20,0.943225
0,99,0,21,0.427227
0,99,0,22,0.949138
0,99,0,23,0.967854
0,99,0,24,0.948255
0,99,0,25,0.820729
0,99,0,26,0.302388
0,99,0,27,0.791832
0,99,0,28,0.504607
0,99,0,29,0.987806
0,99,0,30,0.392185
0,99,0,31,0.785604
0,99,0,32,0.875222
0,99,0,33,0.926791
0,99,0,34,0.968413
0,99,0,35,0.395432
0,99,0,36,0.893093
0,99,0,37,0.569249
0,99,0,38,1.1808
0,99,0,39,0.5619
0,99,0,40,0.734197
0,99,0,41,0.725149
0,99,0,42,0.777727
0,99,0,43,0.985104
0,99,0,44,0.364601
0,99,0,45,0.836076
0,99,0,46,0.496036
0,99,0,47,1.1997
0,99,0,48,0.70172
0,99,0,49,0.716439
0,99,0,50,0.699194
0,99,0,51,0.58008
0,99,0,52,0.96907
0,99,0,53,0.329183
0,99,0,54,0.756368
0,99,0,55,0.421208
0,99,0,56,1.13382
0,99,0,57,0.945449
0,99,0,58,0.866271
0,99,0,59,0.800751
0,99,0,60,0.594602
0,99,0,61,1.03815
0,99,0,62,0.468706
0,99,0,63,0.768294
0,99,0,64,0.353954
0,99,0,65,0.986406
0,99,0,66,0.951187
0,99,0,67,0.867529
0,99,0,68,0.788684
0,99,0,69,0.494194
0,99,0,70,0.993118
0,99,0,71,0.562176
0,99,0,72,0.855021
0,99,0,73,0.305151
0,99,0,74,0.823983
0,99,0,75,0.865287
0,99,0,76,0.832878
0,99,0,77,0.767949
0,99,0,78,0.402527
0,99,0,79,0.963891
0,99,0,80,0.680359
0,99,0,81,1.098
0,99,0,82,0.506985
0,99,0,83,0.891095
0,99,0,84,0.865991
0,99,0,85,0.871319
0,99,0,86,0.771888
0,99,0,87,0.293934
0,99,0,88,0.813006
0,99,0,89,0.576734
0,99,0,90,1.17226
0,99,0,91,0.558132
0,99,0,92,0.820597
0,99,0,93,0.832052
0,99,0,94,0.834605
0,99,0,95,0.867173
0,99,0,96,0.220345
0,99,0,97,0.716567
0,99,0,98,0.420344
0,99,0,99,1.13481
0,99,0,100,0.647766
0,99,0,101,0.797591
0,99,0,102,0.86423
0,99,0,103,0.819833
0,99,0,104,1.12884
0,99,0,105,0.428188
0,99,0,106,0.770421
0,99,0,107,0.390834
0,99,0,108,1.08921
0,99,0,109,0.710151
0,99,0,110,0.744154
0,99,0,111,0.750004
0,99,0,112,0.652657
0,99,1,0,0.490548
0,99,1,1,0.963185
0,99,1,2,0.445939
0,99,1,3,0.961518
0,99,1,4,0.685963
0,99,1,5,0.871058
0,99,1,6,0.876538
0,99,1,7,0.583763
0,99,1,8,0.907136
0,99,1,9,0.471394
0,99,1,10,0.972253
0,99,1,11,0.532206
0,99,1,12,0.997631
0,99,1,13,0.769947
0,99,1,14,0.870162
0,99,1,15,0.946276
0,99,1,16,0.51342
0,99,1,17,0.755593
0,99,1,18,0.311882
0,99,1,19,0.779762
0,99,1,20,0.433508
0,99,1,21,0.871939
0,99,1,22,0.774889
0,99,1,23,0.873112
0,99,1,24,1.02685
0,99,1,25,0.610606
0,99,1,26,0.869183
0,99,1,27,0.398831
0,99,1,28,0.880437
0,99,1,29,0.520715
0,99,1,30,0.880135
0,99,1,31,0.808154
0,99,1,32,0.854227
0,99,1,33,1.00038
0,99,1,34,0.64162
0,99,1,35,0.942462
0,99,1,36,0.461381
0,99,1,37,0.939125
0,99,1,38,0.532862
0,99,1,39,0.827699
0,99,1,40,0.655781
0,99,1,41,0.646307
0,99,1,42,0.836864
0,99,1,43,0.471025
0,99,1,44,0.855057
0,99,1,45,0.420763
0,99,1,46,0.990818
0,99,1,47,0.64778
0,99,1,48,0.955724
0,99,1,49,0.859283
0,99,1,50,0.691324
0,99,1,51,0.898636
0,99,1,52,0.474001
0,99,1,53,0.870464
0,99,1,54,0.381827
0,99,1,55,0.987387
0,99,1,56,0.720906
0,99,1,57,0.994594
0,99,1,58,0.994396
0,99,1,59,0.683578
0,99,1,60,0.908877
0,99,1,61,0.37133
0,99,1,62,0.792651
0,99,1,63,0.302976
0,99,1,64,0.81696
0,99,1,65,0.613788
0,99,1,66,0.796618
0,99,1,67,0.965635
0,99,1,68,0.652835
0,99,1,69,0.97918
0,99,1,70,0.488341
0,99,1,71,0.933942
0,99,1,72,0.468626
0,99,1,73,0.855356
0,99,1,74,0.694819
0,99,1,75,0.815971
0,99,1,76,0.953578
0,99,1,77,0.607357
0,99,1,78,0.953482
0,99,1,79,0.4975
0,99,1,80,0.981951
0,99,1,81,0.58462
0,99,1,82,0.924374
0,99,1,83,0.737745
0,99,1,84,0.748297
0,99,1,85,0.83529
0,99,1,86,0.431976
0,99,1,87,0.719161
0,99,1,88,0.337953
0,99,1,89,0.887005
0,99,1,90,0.592143
0,99,1,91,0.971782
0,99,1,92,0.84125
0,99,1,93,0.825197
0,99,1,94,0.949482
0,99,1,95,0.542644
0,99,1,96,0.820206
0,99,1,97,0.358812
0,99,1,98,0.920774
0,99,1,99,0.604789
0,99,1,100,0.964165
0,99,1,101,0.908436
0,99,1,102,0.830944
0,99,1,103,1.02361
0,99,1,104,0.552799
0,99,1,105,0.89104
0,99,1,106,0.325615
0,99,1,107,0.814444
0,99,1,108,0.51238
0,99,1,109,0.790484
0,99,1,110,0.768743
0,99,1,111,0.653627
0,99,1,112,0.934031
0,99,2,0,0.826997
0,99,2,1,0.444719
0,99,2,2,1.0643
0,99,2,3,0.758652
0,99,2,4,0.875407
0,99,2,5,0.855511
0,99,2,6,0.777032
0,99,2,7,1.15898
0,99,2,8,0.5737
0,99,2,9,0.895422
0,99,2,10,0.448711
0,99,2,11,1.07043
0,99,2,12,0.841278
0,99,2,13,0.909215
0,99,2,14,0.837172
0,99,2,15,0.577559
0,99,2,16,0.947382
0,99,2,17,0.347843
0,99,2,18,0.688654
0,99,2,19,0.136117
0,99,2,20,0.792247
0,99,2,21,0.71303
0,99,2,22,0.910225
0,99,2,23,0.951193
0,99,2,24,0.60837
0,99,2,25,1.13223
0,99,2,26,0.574812
0,99,2,27,0.964038
0,99,2,28,0.399857
0,99,2,29,0.875835
0,99,2,30,0.87162
0,99,2,31,0.99656
0,99,2,32,1.08731
0,99,2,33,0.586093
0,99,2,34,1.08087
0,99,2,35,0.558843
0,99,2,36,1.0085
0,99,2,37,0.39711
0,99,2,38,0.689358
0,99,2,39,0.686502
0,99,2,40,0.71568
0,99,2,41,0.871535
0,99,2,42,0.303794
0,99,2,43,0.79394
0,99,2,44,0.385233
0,99,2,45,1.00464
0,99,2,46,0.580854
0,99,2,47,0.827123
0,99,2,48,0.899685
0,99,2,49,0.923299
0,99,2,50,1.16729
0,99,2,51,0.521339
0,99,2,52,0.857065
0,99,2,53,0.469616
0,99,2,54,1.05996
0,99,2,55,0.747083
0,99,2,56,0.893698
0,99,2,57,0.913414
0,99,2,58,0.859375
0,99,2,59,1.13825
0,99,2,60,0.4231
0,99,2,61,0.689798
0,99,2,62,0.193742
0,99,2,63,0.773138
0,99,2,64,0.545517
0,99,2,65,0.698386
0,99,2,66,0.722361
0,99,2,67,0.683611
0,99,2,68,1.15928
0,99,2,69,0.590469
0,99,2,70,0.920312
0,99,2,71,0.396874
0,99,2,72,0.981796
0,99,2,73,0.806507
0,99,2,74,0.917146
0,99,2,75,0.909699
0,99,2,76,0.678434
0,99,2,77,1.17198
0,99,2,78,0.627047
0,99,2,79,0.999685
0,99,2,80,0.397692
0,99,2,81,0.921113
0,99,2,82,0.797439
0,99,2,83,0.832982
0,99,2,84,0.825075
0,99,2,85,0.332034
0,99,2,86,0.821888
0,99,2,87,0.327044
0,99,2,88,0.812573
0,99,2,89,0.317542
0,99,2,90,0.812534
0,99,2,91,0.876971
0,99,2,92,0.987624
0,99,2,93,1.11156
0,99,2,94,0.532654
0,99,2,95,0.976075
0,99,2,96,0.495093
0,99,2,97,1.01931
0,99,2,98,0.538336
0,99,2,99,0.833494
0,99,2,100,0.93711
0,99,2,101,0.985728
0,99,2,102,1.22971
0,99,2,103,0.525552
0,99,2,104,0.873816
0,99,2,105,0.382599
0,99,2,106,0.864305
0,99,2,107,0.40615
0,99,2,108,0.598346
0,99,2,109,0.634427
0,99,2,110,0.682761
0,99,2,111,1.04911
0,99,2,112,0.448019
0,99,3,0,0.373698
0,99,3,1,0.962195
0,99,3,2,0.761557
0,99,3,3,1.03184
0,99,3,4,0.991892
0,99,3,5,0.812202
0,99,3,6,1.25181
0,99,3,7,0.785738
0,99,3,8,1.15426
0,99,3,9,0.513975
0,99,3,10,0.956432
0,99,3,11,0.848892
0,99,3,12,1.00707
0,99,3,13,0.995921
0,99,3,14,0.63823
0,99,3,15,1.0259
0,99,3,16,0.472856
0,99,3,17,0.822803
0,99,3,18,0.238294
0,99,3,19,0.572775
0,99,3,20,0.593417
0,99,3,21,0.821593
0,99,3,22,1.04742
0,99,3,23,0.713001
0,99,3,24,1.11619
0,99,3,25,0.713352
0,99,3,26,1.12541
0,99,3,27,0.598058
0,99,3,28,0.861438
0,99,3,29,0.825386
0,99,3,30,1.01676
0,99,3,31,1.26734
0,99,3,32,0.849749
0,99,3,33,1.09629
0,99,3,34,0.660495
0,99,3,35,1.06829
0,99,3,36,0.570244
0,99,3,37,0.739471
0,99,3,38,0.598084
0,99,3,39,0.695947
0,99,3,40,0.930883
0,99,3,41,0.526915
0,99,3,42,0.810489
0,99,3,43,0.341927
0,99,3,44,0.893698
0,99,3,45,0.601305
0,99,3,46,0.90674
0,99,3,47,0.824519
0,99,3,48,0.933101
0,99,3,49,1.2965
0,99,3,50,0.839206
0,99,3,51,1.09488
0,99,3,52,0.508222
0,99,3,53,1.03155
0,99,3,54,0.752435
0,99,3,55,1.04566
0,99,3,56,0.947261
0,99,3,57,0.841613
0,99,3,58,1.25253
0,99,3,59,0.676808
0,99,3,60,0.935383
0,99,3,61,0.220818
0,99,3,62,0.665851
0,99,3,63,0.466579
0,99,3,64,0.716326
0,99,3,65,0.762288
0,99,3,66,0.560085
0,99,3,67,1.12184
0,99,3,68,0.699755
0,99,3,69,1.13478
0,99,3,70,0.501365
0,99,3,71,0.901951
0,99,3,72,0.833985
0,99,3,73,1.00951
0,99,3,74,1.12288
0,99,3,75,0.774642
0,99,3,76,1.19143
0,99,3,77,0.773264
0,99,3,78,1.17317
0,99,3,79,0.575347
0,99,3,80,0.824986
0,99,3,81,0.751361
0,99,3,82,0.865469
0,99,3,83,0.981532
0,99,3,84,0.54218
0,99,3,85,0.815939
0,99,3,86,0.36584
0,99,3,87,0.801821
0,99,3,88,0.383248
0,99,3,89,0.691901
0,99,3,90,0.712425
0,99,3,91,0.955434
0,99,3,92,1.23618
0,99,3,93,0.835438
0,99,3,94,1.07683
0,99,3,95,0.620802
0,99,3,96,1.07126
0,99,3,97,0.68133
0,99,3,98,0.942481
0,99,3,99,0.841775
0,99,3,100,0.996104
0,99,3,101,1.3159
0,99,3,102,0.852079
0,99,3,103,1.03879
0,99,3,104,0.411077
0,99,3,105,0.880592
0,99,3,106,0.466491
0,99,3,107,0.665337
0,99,3,108,0.598051
0,99,3,109,0.586048
0,99,3,110,1.00631
0,99,3,111,0.614877
0,99,3,112,0.964537
0,99,4,0,1.00141
0,99,4,1,0.685065
0,99,4,2,0.87646
0,99,4,3,0.990055
0,99,4,4,1.04285
0,99,4,5,1.34803
0,99,4,6,0.892061
0,99,4,7,1.16818
0,99,4,8,0.739849
0,99,4,9,1.1124
0,99,4,10,0.832943
0,99,4,11,0.934331
0,99,4,12,0.936858
0,99,4,13,0.863401
0,99,4,14,1.15746
0,99,4,15,0.655313
0,99,4,16,0.797239
0,99,4,17,0.287529
0,99,4,18,0.70045
0,99,4,19,0.51125
0,99,4,20,0.678411
0,99,4,21,0.75419
0,99,4,22,0.775142
0,99,4,23,1.23636
0,99,4,24,0.854463
0,99,4,25,1.14622
0,99,4,26,0.621768
0,99,4,27,1.02326
0,99,4,28,0.906971
0,99,4,29,1.04062
0,99,4,30,1.11112
0,99,4,31,0.943027
0,99,4,32,1.35572
0,99,4,33,0.882284
0,99,4,34,1.14573
0,99,4,35,0.536694
0,99,4,36,0.813757
0,99,4,37,0.719521
0,99,4,38,0.75717
0,99,4,39,0.822006
0,99,4,40,0.470483
0,99,4,41,0.899285
0,99,4,42,0.509879
0,99,4,43,0.898795
0,99,4,44,0.420997
0,99,4,45,0.772552
0,99,4,46,0.888832
0,99,4,47,1.00551
0,99,4,48,1.25092
0,99,4,49,0.879057
0,99,4,50,1.24677
0,99,4,51,0.803685
0,99,4,52,1.15866
0,99,4,53,0.734212
0,99,4,54,0.91691
0,99,4,55,1.00762
0,99,4,56,1.0238
0,99,4,57,1.2806
0,99,4,58,0.789271
0,99,4,59,0.998074
0,99,4,60,0.486805
0,99,4,61,0.81131
0,99,4,62,0.430249
0,99,4,63,0.52108
0,99,4,64,0.599995
0,99,4,65,0.686327
0,99,4,66,1.06332
0,99,4,67,0.731942
0,99,4,68,1.03665
0,99,4,69,0.63347
0,99,4,70,1.06788
0,99,4,71,0.840353
0,99,4,72,0.972569
0,99,4,73,1.0122
0,99,4,74,0.983522
0,99,4,75,1.35545
0,99,4,76,0.940845
0,99,4,77,1.17673
0,99,4,78,0.655641
0,99,4,79,1.01795
0,99,4,80,0.8061
0,99,4,81,0.867171
0,99,4,82,0.833463
0,99,4,83,0.633376
0,99,4,84,1.01235
0,99,4,85,0.540557
0,99,4,86,0.78809
0,99,4,87,0.246858
0,99,4,88,0.676388
0,99,4,89,0.686395
0,99,4,90,0.885445
0,99,4,91,1.03758
0,99,4,92,0.852454
0,99,4,93,1.3093
0,99,4,94,0.859268
0,99,4,95,1.17232
0,99,4,96,0.623493
0,99,4,97,0.951149
0,99,4,98,0.974812
0,99,4,99,1.06736
0,99,4,100,1.24316
0,99,4,101,0.874655
0,99,4,102,1.24128
0,99,4,103,0.732527
0,99,4,104,1.01318
0,99,4,105,0.45849
0,99,4,106,0.580161
0,99,4,107,0.58759
0,99,4,108,0.667273
0,99,4,109,0.901024
0,99,4,110,0.523159
0,99,4,111,0.939881
0,99,4,112,0.576089
0,99,5,0,0.852935
0,99,5,1,0.872002
0,99,5,2,0.859201
0,99,5,3,0.812824
0,99,5,4,1.35009
0,99,5,5,1.14155
0,99,5,6,1.26519
0,99,5,7,0.774942
0,99,5,8,1.04994
0,99,5,9,0.969216
0,99,5,10,1.02745
0,99,5,11,0.961228
0,99,5,12,0.689174
0,99,5,13,1.10699
0,99,5,14,0.89289
0,99,5,15,1.05378
0,99,5,16,0.355162
0,99,5,17,0.557902
0,99,5,18,0.495102
0,99,5,19,0.715676
0,99,5,20,0.754457
0,99,5,21,0.497391
0,99,5,22,1.03311
0,99,5,23,0.913494
0,99,5,24,1.32136
0,99,5,25,0.780601
0,99,5,26,0.879812
0,99,5,27,0.857999
0,99,5,28,1.05278
0,99,5,29,1.27364
0,99,5,30,0.841114
0,99,5,31,1.24738
0,99,5,32,0.988571
0,99,5,33,1.3561
0,99,5,34,0.832421
0,99,5,35,0.757958
0,99,5,36,0.634255
0,99,5,37,0.708739
0,99,5,38,1.02588
0,99,5,39,0.497624
0,99,5,40,0.767784
0,99,5,41,0.449133
0,99,5,42,0.950961
0,99,5,43,0.648647
0,99,5,44,0.6207
0,99,5,45,0.646032
0,99,5,46,0.795448
0,99,5,47,1.34344
0,99,5,48,0.980667
0,99,5,49,1.21986
0,99,5,50,0.843855
0,99,5,51,1.18621
0,99,5,52,1.02363
0,99,5,53,0.931885
0,99,5,54,0.87596
0,99,5,55,0.848963
0,99,5,56,1.32532
0,99,5,57,1.02264
0,99,5,58,1.12295
0,99,5,59,0.537527
0,99,5,60,0.796095
0,99,5,61,0.649325
0,99,5,62,0.624501
0,99,5,63,0.483574
0,99,5,64,0.390417
0,99,5,65,0.938212
0,99,5,66,0.827494
0,99,5,67,1.09898
0,99,5,68,0.612977
0,99,5,69,0.921224
0,99,5,70,0.902674
0,99,5,71,1.06006
0,99,5,72,1.06798
0,99,5,73,0.790211
0,99,5,74,1.27843
0,99,5,75,1.10105
0,99,5,76,1.38722
0,99,5,77,0.800424
0,99,5,78,0.914344
0,99,5,79,0.828051
0,99,5,80,0.965163
0,99,5,81,0.996967
0,99,5,82,0.548081
0,99,5,83,0.895714
0,99,5,84,0.626752
0,99,5,85,1.01646
0,99,5,86,0.411267
0,99,5,87,0.490709
0,99,5,88,0.486027
0,99,5,89,0.751509
0,99,5,90,1.1206
0,99,5,91,0.736174
0,99,5,92,1.14797
0,99,5,93,0.915516
0,99,5,94,1.3477
0,99,5,95,0.92491
0,99,5,96,0.858895
0,99,5,97,0.846645
0,99,5,98,0.9572
0,99,5,99,1.40031
0,99,5,100,0.952869
0,99,5,101,1.19386
0,99,5,102,0.788852
0,99,5,103,1.11706
0,99,5,104,0.808089
0,99,5,105,0.643301
0,99,5,106,0.454201
0,99,5,107,0.451001
0,99,5,108,0.975889
0,99,5,109,0.61802
0,99,5,110,0.845572
0,99,5,111,0.472941
0,99,5,112,0.904693
0,99,6,0,0.688488
0,99,6,1,0.877276
0,99,6,2,0.778949
0,99,6,3,1.25194
0,99,6,4,0.893911
0,99,6,5,1.26522
0,99,6,6,0.987992
0,99,6,7,1.1618
0,99,6,8,0.980837
0,99,6,9,0.845435
0,99,6,10,0.98488
0,99,6,11,0.79095
0,99,6,12,1.14009
0,99,6,13,0.714006
0,99,6,14,0.973865
0,99,6,15,0.619382
0,99,6,16,0.731249
0,99,6,17,0.478619
0,99,6,18,0.469894
0,99,6,19,0.586905
0,99,6,20,0.496649
0,99,6,21,0.948001
0,99,6,22,0.72167
0,99,6,23,1.08544
0,99,6,24,0.833704
0,99,6,25,1.02999
0,99,6,26,0.92565
0,99,6,27,0.873192
0,99,6,28,1.07366
0,99,6,29,0.844769
0,99,6,30,1.33385
0,99,6,31,0.99375
0,99,6,32,1.25166
0,99,6,33,0.854849
0,99,6,34,0.940945
0,99,6,35,0.785124
0,99,6,36,0.668006
0,99,6,37,0.829043
0,99,6,38,0.465746
0,99,6,39,0.889644
0,99,6,40,0.471963
0,99,6,41,0.838352
0,99,6,42,0.498663
0,99,6,43,0.647578
0,99,6,44,0.661105
0,99,6,45,0.662975
0,99,6,46,1.06177
0,99,6,47,0.736105
0,99,6,48,1.26937
0,99,6,49,0.974325
0,99,6,50,1.2433
0,99,6,51,0.950431
0,99,6,52,0.903643
0,99,6,53,1.00528
0,99,6,54,0.832494
0,99,6,55,1.24319
0,99,6,56,0.792544
0,99,6,57,1.16734
0,99,6,58,0.798335
0,99,6,59,0.932917
0,99,6,60,0.601003
0,99,6,61,0.501095
0,99,6,62,0.556648
0,99,6,63,0.413045
0,99,6,64,0.816622
0,99,6,65,0.526306
0,99,6,66,0.904914
0,99,6,67,0.735403
0,99,6,68,0.978675
0,99,6,69,0.862606
0,99,6,70,0.80941
0,99,6,71,0.990093
0,99,6,72,0.842305
0,99,6,73,1.27648
0,99,6,74,0.963423
0,99,6,75,1.24392
0,99,6,76,0.968493
0,99,6,77,1.10697
0,99,6,78,0.923276
0,99,6,79,0.787429
0,99,6,80,0.884412
0,99,6,81,0.62823
0,99,6,82,0.991679
0,99,6,83,0.592429
0,99,6,84,0.880948
0,99,6,85,0.481127
0,99,6,86,0.637397
0,99,6,87,0.476542
0,99,6,88,0.528858
0,99,6,89,0.787034
0,99,6,90,0.621187
0,99,6,91,1.16588
0,99,6,92,0.879463
0,99,6,93,1.22675
0,99,6,94,0.878973
0,99,6,95,0.991092
0,99,6,96,0.970919
0,99,6,97,0.881735
0,99,6,98,1.19185
0,99,6,99,0.813007
0,99,6,100,1.30081
0,99,6,101,0.92095
0,99,6,102,1.17346
0,99,6,103,0.753729
0,99,6,104,0.703702
0,99,6,105,0.653317
0,99,6,106,0.474145
0,99,6,107,0.756492
0,99,6,108,0.412742
0,99,6,109,0.861811
0,99,6,110,0.550249
0,99,6,111,0.903913
0,99,6,112,0.676624
0,99,7,0,0.654933
0,99,7,1,0.584414
0,99,7,2,1.16187
0,99,7,3,0.786002
0,99,7,4,1.16967
0,99,7,5,0.774728
0,99,7,6,1.16195
0,99,7,7,1.06967
0,99,7,8,0.917389
0,99,7,9,0.854916
0,99,7,10,0.590792
0,99,7,11,1.15256
0,99,7,12,0.710438
0,99,7,13,1.02398
0,99,7,14,0.520564
0,99,7,15,0.748544
0,99,7,16,0.608646
0,99,7,17,0.512431
0,99,7,18,0.51261
0,99,7,19,0.183923
0,99,7,20,0.832195
0,99,7,21,0.564482
0,99,7,22,1.07552
0,99,7,23,0.676748
0,99,7,24,0.849346
0,99,7,25,0.959701
0,99,7,26,0.874534
0,99,7,27,1.02083
0,99,7,28,0.582274
0,99,7,29,1.1686
0,99,7,30,0.888678
0,99,7,31,1.34059
0,99,7,32,0.89031
0,99,7,33,0.827245
0,99,7,34,0.865339
0,99,7,35,0.711987
0,99,7,36,0.887587
0,99,7,37,0.33482
0,99,7,38,0.753547
0,99,7,39,0.438887
0,99,7,40,0.885369
0,99,7,41,0.522033
0,99,7,42,0.493067
0,99,7,43,0.560949
0,99,7,44,0.525514
0,99,7,45,0.961879
0,99,7,46,0.557295
0,99,7,47,1.01392
0,99,7,48,0.782974
0,99,7,49,1.27373
0,99,7,50,1.05449
0,99,7,51,0.87976
0,99,7,52,0.843667
0,99,7,53,0.744586
0,99,7,54,1.21179
0,99,7,55,0.759268
0,99,7,56,1.07415
0,99,7,57,0.661718
0,99,7,58,1.03767
0,99,7,59,0.783041
0,99,7,60,0.573741
0,99,7,61,0.478141
0,99,7,62,0.272566
0,99,7,63,0.752046
0,99,7,64,0.422886
0,99,7,65,0.819082
0,99,7,66,0.448981
0,99,7,67,0.886484
0,99,7,68,0.885977
0,99,7,69,0.823438
0,99,7,70,0.843177
0,99,7,71,0.568026
0,99,7,72,1.20586
0,99,7,73,0.858126
0,99,7,74,1.2828
0,99,7,75,0.811067
0,99,7,76,1.03444
0,99,7,77,1.03861
0,99,7,78,0.875321
0,99,7,79,0.897297
0,99,7,80,0.415447
0,99,7,81,0.961816
0,99,7,82,0.595625
0,99,7,83,0.967184
0,99,7,84,0.47475
0,99,7,85,0.515781
0,99,7,86,0.531842
0,99,7,87,0.49087
0,99,7,88,0.691712
0,99,7,89,0.31617
0,99,7,90,0.914117
0,99,7,91,0.714444
0,99,7,92,1.23992
0,99,7,93,0.904536
0,99,7,94,0.840586
0,99,7,95,0.919393
0,99,7,96,0.833978
0,99,7,97,1.17172
0,99,7,98,0.671852
0,99,7,99,1.09123
0,99,7,100,0.82359
0,99,7,101,1.24962
0,99,7,102,0.923863
0,99,7,103,0.68651
0,99,7,104,0.625085
0,99,7,105,0.472957
0,99,7,106,0.778964
0,99,7,107,0.310198
0,99,7,108,0.702745
0,99,7,109,0.382268
0,99,7,110,0.869877
0,99,7,111,0.708284
0,99,7,112,0.629144
0,99,8,0,0.445075
0,99,8,1,0.90864
0,99,8,2,0.575863
0,99,8,3,1.15496
0,99,8,4,0.742268
0,99,8,5,1.05041
0,99,8,6,0.98162
0,99,8,7,0.91745
0,99,8,8,1.01299
0,99,8,9,0.578605
0,99,8,10,0.965109
0,99,8,11,0.591808
0,99,8,12,1.03275
0,99,8,13,0.598202
0,99,8,14,0.766699
0,99,8,15,0.648421
0,99,8,16,0.522977
0,99,8,17,0.547312
0,99,8,18,0.253351
0,99,8,19,0.583045
0,99,8,20,0.347922
0,99,8,21,0.867681
0,99,8,22,0.644857
0,99,8,23,0.872372
0,99,8,24,0.853238
0,99,8,25,0.803266
0,99,8,26,0.973986
0,99,8,27,0.633882
0,99,8,28,1.0129
0,99,8,29,0.645186
0,99,8,30,1.1811
0,99,8,31,0.901749
0,99,8,32,1.01206
0,99,8,33,0.854101
0,99,8,34,0.700712
0,99,8,35,0.833641
0,99,8,36,0.443721
0,99,8,37,0.779528
0,99,8,38,0.309048
0,99,8,39,0.779498
0,99,8,40,0.45465
0,99,8,41,0.649559
0,99,8,42,0.545983
0,99,8,43,0.422271
0,99,8,44,0.730659
0,99,8,45,0.46
0,99,8,46,0.999244
0,99,8,47,0.567494
0,99,8,48,1.10187
0,99,8,49,0.936344
0,99,8,50,1.00379
0,99,8,51,0.973499
0,99,8,52,0.639534
0,99,8,53,1.0255
0,99,8,54,0.603573
0,99,8,55,1.1384
0,99,8,56,0.624286
0,99,8,57,0.967781
0,99,8,58,0.799584
0,99,8,59,0.710549
0,99,8,60,0.663832
0,99,8,61,0.265998
0,99,8,62,0.588154
0,99,8,63,0.251078
0,99,8,64,0.763644
0,99,8,65,0.427137
0,99,8,66,0.716332
0,99,8,67,0.762754
0,99,8,68,0.75846
0,99,8,69,0.919797
0,99,8,70,0.560784
0,99,8,71,0.969813
0,99,8,72,0.652085
0,99,8,73,1.15193
0,99,8,74,0.840693
0,99,8,75,1.00696
0,99,8,76,0.959272
0,99,8,77,0.859628
0,99,8,78,0.963167
0,99,8,79,0.5391
0,99,8,80,0.842106
0,99,8,81,0.4537
0,99,8,82,0.88417
0,99,8,83,0.530833
0,99,8,84,0.68222
0,99,8,85,0.517261
0,99,8,86,0.435695
0,99,8,87,0.552084
0,99,8,88,0.327078
0,99,8,89,0.749267
0,99,8,90,0.45622
0,99,8,91,1.04941
0,99,8,92,0.820713
0,99,8,93,1.0044
0,99,8,94,0.895057
0,99,8,95,0.745171
0,99,8,96,1.00936
0,99,8,97,0.64059
0,99,8,98,1.10562
0,99,8,99,0.618345
0,99,8,100,1.13238
0,99,8,101,0.871871
0,99,8,102,0.934116
0,99,8,103,0.777822
0,99,8,104,0.457531
0,99,8,105,0.710791
0,99,8,106,0.287248
0,99,8,107,0.715683
0,99,8,108,0.286363
0,99,8,109,0.717601
0,99,8,110,0.563236
0,99,8,111,0.698979
0,99,8,112,0.731113
0,99,9,0,0.98446
0,99,9,1,0.471393
0,99,9,2,0.897258
0,99,9,3,0.51313
0,99,9,4,1.11267
0,99,9,5,0.967411
0,99,9,6,0.844404
0,99,9,7,0.853395
0,99,9,8,0.577322
0,99,9,9,1.06574
0,99,9,10,0.564386
0,99,9,11,0.933609
0,99,9,12,0.431253
0,99,9,13,0.909087
0,99,9,14,0.810035
0,99,9,15,0.68407
0,99,9,16,0.510863
0,99,9,17,0.209887
0,99,9,18,0.65321
0,99,9,19,0.324707
0,99,9,20,0.757466
0,99,9,21,0.319161
0,99,9,22,0.842265
0,99,9,23,0.898001
0,99,9,24,0.884274
0,99,9,25,0.930531
0,99,9,26,0.443296
0,99,9,27,0.97708
0,99,9,28,0.595719
0,99,9,29,1.12384
0,99,9,30,0.566682
0,99,9,31,0.912239
0,99,9,32,0.973694
0,99,9,33,0.87192
0,99,9,34,0.958133
0,99,9,35,0.346382
0,99,9,36,0.759175
0,99,9,37,0.376618
0,99,9,38,0.90148
0,99,9,39,0.372602
0,99,9,40,0.538215
0,99,9,41,0.53772
0,99,9,42,0.546916
0,99,9,43,0.795276
0,99,9,44,0.256028
0,99,9,45,0.757714
0,99,9,46,0.489651
0,99,9,47,1.1521
0,99,9,48,0.801713
0,99,9,49,0.86
0,99,9,50,0.904547
0,99,9,51,0.708148
0,99,9,52,1.09729
0,99,9,53,0.465144
0,99,9,54,0.891346
0,99,9,55,0.511923
0,99,9,56,1.10057
0,99,9,57,0.860756
0,99,9,58,0.774678
0,99,9,59,0.658879
0,99,9,60,0.414773
0,99,9,61,0.782986
0,99,9,62,0.256302
0,99,9,63,0.552705
0,99,9,64,0.197502
0,99,9,65,0.783598
0,99,9,66,0.739846
0,99,9,67,0.749416
0,99,9,68,0.756144
0,99,9,69,0.520114
0,99,9,70,1.04276
0,99,9,71,0.602751
0,99,9,72,1.012
0,99,9,73,0.492743
0,99,9,74,0.990125
0,99,9,75,0.996593
0,99,9,76,0.91739
0,99,9,77,0.908874
0,99,9,78,0.464922
0,99,9,79,0.959286
0,99,9,80,0.533337
0,99,9,81,0.941511
0,99,9,82,0.363609
0,99,9,83,0.690055
0,99,9,84,0.648316
0,99,9,85,0.604777
0,99,9,86,0.579326
0,99,9,87,0.139127
0,99,9,88,0.64122
0,99,9,89,0.405949
0,99,9,90,1.01855
0,99,9,91,0.562336
0,99,9,92,0.869194
0,99,9,93,0.952695
0,99,9,94,0.864899
0,99,9,95,1.03023
0,99,9,96,0.390667
0,99,9,97,0.903248
0,99,9,98,0.54707
0,99,9,99,1.17661
0,99,9,100,0.739848
0,99,9,101,0.841944
0,99,9,102,0.862665
0,99,9,103,0.681468
0,99,9,104,0.930849
0,99,9,105,0.26745
0,99,9,106,0.557907
0,99,9,107,0.210403
0,99,9,108,0.819816
0,99,9,109,0.506734
0,99,9,110,0.57253
0,99,9,111,0.601546
0,99,9,112,0.521872
0,99,10,0,0.558623
0,99,10,1,0.973813
0,99,10,2,0.451126
0,99,10,3,0.95695
0,99,10,4,0.835303
0,99,10,5,1.0272
0,99,10,6,0.985326
0,99,10,7,0.590338
0,99,10,8,0.964773
0,99,10,9,0.565116
0,99,10,10,1.05262
0,99,10,11,0.500901
0,99,10,12,0.86869
0,99,10,13,0.720869
0,99,10,14,0.872216
0,99,10,15,0.901862
0,99,10,16,0.369697
0,99,10,17,0.607909
0,99,10,18,0.278671
0,99,10,19,0.80519
0,99,10,20,0.396853
0,99,10,21,0.727277
0,99,10,22,0.720298
0,99,10,23,0.895086
0,99,10,24,1.15116
0,99,10,25,0.615873
0,99,10,26,0.895803
0,99,10,27,0.461586
0,99,10,28,1.0513
0,99,10,29,0.661924
0,99,10,30,0.882379
0,99,10,31,0.841796
0,99,10,32,0.881384
0,99,10,33,1.14369
0,99,10,34,0.619093
0,99,10,35,0.829061
0,99,10,36,0.348107
0,99,10,37,0.867706
0,99,10,38,0.567101
0,99,10,39,0.691912
0,99,10,40,0.529159
0,99,10,41,0.539415
0,99,10,42,0.862985
0,99,10,43,0.473104
0,99,10,44,0.748661
0,99,10,45,0.354732
0,99,10,46,0.969437
0,99,10,47,0.807881
0,99,10,48,1.01244
0,99,10,49,0.917652
0,99,10,50,0.710286
0,99,10,51,1.04436
0,99,10,52,0.622364
0,99,10,53,0.939468
0,99,10,54,0.387456
0,99,10,55,0.955367
0,99,10,56,0.801971
0,99,10,57,1.01646
0,99,10,58,0.915835
0,99,10,59,0.539194
0,99,10,60,0.808109
0,99,10,61,0.387171
0,99,10,62,0.732467
0,99,10,63,0.202486
0,99,10,64,0.646199
0,99,10,65,0.595854
0,99,10,66,0.832417
0,99,10,67,0.949859
0,99,10,68,0.574434
0,99,10,69,0.950677
0,99,10,70,0.566473
0,99,10,71,1.08442
0,99,10,72,0.544508
0,99,10,73,0.868872
0,99,10,74,0.789005
0,99,10,75,0.945139
0,99,10,76,1.112
0,99,10,77,0.591895
0,99,10,78,0.918124
0,99,10,79,0.47912
0,99,10,80,1.02515
0,99,10,81,0.551196
0,99,10,82,0.747039
0,99,10,83,0.609253
0,99,10,84,0.683909
0,99,10,85,0.872908
0,99,10,86,0.35229
0,99,10,87,0.579473
0,99,10,88,0.261665
0,99,10,89,0.885649
0,99,10,90,0.659984
0,99,10,91,0.903559
0,99,10,92,0.842191
0,99,10,93,0.85517
0,99,10,94,1.15328
0,99,10,95,0.630153
0,99,10,96,0.865078
0,99,10,97,0.384958
0,99,10,98,1.00169
0,99,10,99,0.777412
0,99,10,100,0.975238
0,99,10,101,0.887346
0,99,10,102,0.746259
0,99,10,103,1.034
0,99,10,104,0.55684
0,99,10,105,0.759137
0,99,10,106,0.200746
0,99,10,107,0.674896
0,99,10,108,0.555123
0,99,10,109,0.742301
0,99,10,110,0.66156
0,99,10,111,0.532274
0,99,10,112,0.901453
0,99,11,0,0.917911
0,99,11,1,0.530838
0,99,11,2,1.07064
0,99,11,3,0.846021
0,99,11,4,0.933298
0,99,11,5,0.957732
0,99,11,6,0.788731
0,99,11,7,1.14973
0,99,11,8,0.589254
0,99,11,9,0.932001
0,99,11,10,0.498298
0,99,11,11,1.05011
0,99,11,12,0.866445
0,99,11,13,0.93521
0,99,11,14,0.935639
0,99,11,15,0.637841
0,99,11,16,0.983796
0,99,11,17,0.412197
0,99,11,18,0.775631
0,99,11,19,0.269762
0,99,11,20,0.852225
0,99,11,21,0.790833
0,99,11,22,0.967895
0,99,11,23,1.0717
0,99,11,24,0.686048
0,99,11,25,1.18318
0,99,11,26,0.586
0,99,11,27,1.00646
0,99,11,28,0.480501
0,99,11,29,0.905145
0,99,11,30,0.90561
0,99,11,31,0.971888
0,99,11,32,1.14884
0,99,11,33,0.621251
0,99,11,34,1.10951
0,99,11,35,0.553004
0,99,11,36,1.01284
0,99,11,37,0.501299
0,99,11,38,0.754146
0,99,11,39,0.784993
0,99,11,40,0.731128
0,99,11,41,0.972089
0,99,11,42,0.409437
0,99,11,43,0.891351
0,99,11,44,0.45793
0,99,11,45,1.01979
0,99,11,46,0.700868
0,99,11,47,0.901493
0,99,11,48,1.00802
0,99,11,49,0.927919
0,99,11,50,1.20963
0,99,11,51,0.563972
0,99,11,52,0.908345
0,99,11,53,0.493328
0,99,11,54,1.01317
0,99,11,55,0.799667
0,99,11,56,0.920363
0,99,11,57,0.995254
0,99,11,58,0.862897
0,99,11,59,1.13959
0,99,11,60,0.4879
0,99,11,61,0.772044
0,99,11,62,0.302671
0,99,11,63,0.805053
0,99,11,64,0.645549
0,99,11,65,0.782503
0,99,11,66,0.860302
0,99,11,67,0.753743
0,99,11,68,1.18986
0,99,11,69,0.653195
0,99,11,70,0.997014
0,99,11,71,0.486047
0,99,11,72,1.00436
0,99,11,73,0.838801
0,99,11,74,0.935579
0,99,11,75,0.993475
0,99,11,76,0.703584
0,99,11,77,1.17206
0,99,11,78,0.612902
0,99,11,79,1.01946
0,99,11,80,0.471259
0,99,11,81,0.942198
0,99,11,82,0.841264
0,99,11,83,0.859363
0,99,11,84,0.936051
0,99,11,85,0.427931
0,99,11,86,0.897128
0,99,11,87,0.372931
0,99,11,88,0.880415
0,99,11,89,0.452759
0,99,11,90,0.890614
0,99,11,91,0.971657
0,99,11,92,0.998068
0,99,11,93,1.20508
0,99,11,94,0.598823
0,99,11,95,1.03684
0,99,11,96,0.501276
0,99,11,97,1.00518
0,99,11,98,0.603282
0,99,11,99,0.862245
0,99,11,100,0.995785
0,99,11,101,0.949709
0,99,11,102,1.25978
0,99,11,103,0.573378
0,99,11,104,0.931642
0,99,11,105,0.434662
0,99,11,106,0.860514
0,99,11,107,0.527019
0,99,11,108,0.68405
0,99,11,109,0.769039
0,99,11,110,0.730843
0,99,11,111,1.10256
0,99,11,112,0.538796
0,99,12,0,0.460363
0,99,12,1,0.997424
0,99,12,2,0.843161
0,99,12,3,1.00597
0,99,12,4,0.93765
0,99,12,5,0.687434
0,99,12,6,1.13929
0,99,12,7,0.709305
0,99,12,8,1.03147
0,99,12,9,0.430987
0,99,12,10,0.86728
0,99,12,11,0.868208
0,99,12,12,1.05876
0,99,12,13,1.09047
0,99,12,14,0.709804
0,99,12,15,1.14741
0,99,12,16,0.652209
0,99,12,17,1.0076
0,99,12,18,0.397431
0,99,12,19,0.69326
0,99,12,20,0.778045
0,99,12,21,0.993579
0,99,12,22,1.21016
0,99,12,23,0.77073
0,99,12,24,1.14512
0,99,12,25,0.72145
0,99,12,26,1.10439
0,99,12,27,0.535106
0,99,12,28,0.724622
0,99,12,29,0.724526
0,99,12,30,0.900577
0,99,12,31,1.21485
0,99,12,32,0.760669
0,99,12,33,1.03689
0,99,12,34,0.665852
0,99,12,35,1.12977
0,99,12,36,0.691189
0,99,12,37,0.825726
0,99,12,38,0.753037
0,99,12,39,0.842242
0,99,12,40,1.16413
0,99,12,41,0.68588
0,99,12,42,0.9463
0,99,12,43,0.475989
0,99,12,44,1.02831
0,99,12,45,0.764902
0,99,12,46,0.949655
0,99,12,47,0.864277
0,99,12,48,0.891421
0,99,12,49,1.27872
0,99,12,50,0.768416
0,99,12,51,0.965952
0,99,12,52,0.393699
0,99,12,53,0.896758
0,99,12,54,0.720888
0,99,12,55,0.966843
0,99,12,56,0.932278
0,99,12,57,0.832057
0,99,12,58,1.32418
0,99,12,59,0.810051
0,99,12,60,1.05355
0,99,12,61,0.352459
0,99,12,62,0.795474
0,99,12,63,0.686742
0,99,12,64,0.908884
0,99,12,65,0.941673
0,99,12,66,0.670565
0,99,12,67,1.23869
0,99,12,68,0.826539
0,99,12,69,1.1917
0,99,12,70,0.512239
0,99,12,71,0.830745
0,99,12,72,0.792039
0,99,12,73,0.931547
0,99,12,74,1.02366
0,99,12,75,0.63477
0,99,12,76,1.06613
0,99,12,77,0.70541
0,99,12,78,1.14445
0,99,12,79,0.578918
0,99,12,80,0.826188
0,99,12,81,0.856963
0,99,12,82,1.00114
0,99,12,83,1.17497
0,99,12,84,0.669756
0,99,12,85,0.950479
0,99,12,86,0.524504
0,99,12,87,0.996023
0,99,12,88,0.558003
0,99,12,89,0.791719
0,99,12,90,0.838903
0,99,12,91,1.02619
0,99,12,92,1.32357
0,99,12,93,0.811258
0,99,12,94,1.01222
0,99,12,95,0.543672
0,99,12,96,0.969211
0,99,12,97,0.61447
0,99,12,98,0.791471
0,99,12,99,0.753323
0,99,12,100,0.907434
0,99,12,101,1.32669
0,99,12,102,0.865422
0,99,12,103,1.07018
0,99,12,104,0.492804
0,99,12,105,0.987174
0,99,12,106,0.678339
0,99,12,107,0.816985
0,99,12,108,0.775052
0,99,12,109,0.724071
0,99,12,110,1.20746
0,99,12,111,0.78932
0,99,12,112,1.07535
0,99,13,0,1.03948
0,99,13,1,0.767018
0,99,13,2,0.908368
0,99,13,3,0.992165
0,99,13,4,0.861527
0,99,13,5,1.10354
0,99,13,6,0.710812
0,99,13,7,1.02157
0,99,13,8,0.594466
0,99,13,9,0.907299
0,99,13,10,0.716603
0,99,13,11,0.934364
0,99,13,12,1.08769
0,99,13,13,0.991755
0,99,13,14,1.25291
0,99,13,15,0.847689
0,99,13,16,1.09809
0,99,13,17,0.614604
0,99,13,18,0.913331
0,99,13,19,0.695099
0,99,13,20,0.920437
0,99,13,21,1.08004
0,99,13,22,0.996726
0,99,13,23,1.30241
0,99,13,24,0.830565
0,99,13,25,1.13443
0,99,13,26,0.585163
0,99,13,27,0.871614
0,99,13,28,0.678015
0,99,13,29,0.791538
0,99,13,30,0.987336
0,99,13,31,0.827356
0,99,13,32,1.22352
0,99,13,33,0.740732
0,99,13,34,1.13882
0,99,13,35,0.679982
0,99,13,36,0.988967
0,99,13,37,0.915882
0,99,13,38,0.903461
0,99,13,39,1.13918
0,99,13,40,0.80491
0,99,13,41,1.19524
0,99,13,42,0.687551
0,99,13,43,1.05863
0,99,13,44,0.68675
0,99,13,45,0.96371
0,99,13,46,1.00542
0,99,13,47,0.922677
0,99,13,48,1.19018
0,99,13,49,0.802131
0,99,13,50,1.12132
0,99,13,51,0.593148
0,99,13,52,0.88496
0,99,13,53,0.579249
0,99,13,54,0.79988
0,99,13,55,0.971741
0,99,13,56,0.922973
0,99,13,57,1.26495
0,99,13,58,0.926966
0,99,13,59,1.2157
0,99,13,60,0.722274
0,99,13,61,0.945922
0,99,13,62,0.673295
0,99,13,63,0.835531
0,99,13,64,0.97843
0,99,13,65,0.916663
0,99,13,66,1.20495
0,99,13,67,0.906375
0,99,13,68,1.20626
0,99,13,69,0.737345
0,99,13,70,0.995609
0,99,13,71,0.702753
0,99,13,72,0.839977
0,99,13,73,0.917185
0,99,13,74,0.794219
0,99,13,75,1.09913
0,99,13,76,0.711754
0,99,13,77,1.07106
0,99,13,78,0.648649
0,99,13,79,0.993332
0,99,13,80,0.818449
0,99,13,81,0.984181
0,99,13,82,1.12352
0,99,13,83,0.926979
0,99,13,84,1.23414
0,99,13,85,0.706311
0,99,13,86,1.04703
0,99,13,87,0.572493
0,99,13,88,0.93373
0,99,13,89,0.860861
0,99,13,90,0.974344
0,99,13,91,1.20678
0,99,13,92,0.921418
0,99,13,93,1.26134
0,99,13,94,0.678418
0,99,13,95,0.994121
0,99,13,96,0.500166
0,99,13,97,0.79068
0,99,13,98,0.788709
0,99,13,99,0.813655
0,99,13,100,1.15386
0,99,13,101,0.869918
0,99,13,102,1.29363
0,99,13,103,0.783649
0,99,13,104,1.08102
0,99,13,105,0.707745
0,99,13,106,0.873327
0,99,13,107,0.919711
0,99,13,108,0.847468
0,99,13,109,1.14856
0,99,13,110,0.83426
0,99,13,111,1.22339
0,99,13,112,0.764781
0,99,14,0,1.02572
0,99,14,1,0.86891
0,99,14,2,0.838064
0,99,14,3,0.63635
0,99,14,4,1.1574
0,99,14,5,0.890552
0,99,14,6,0.972704
0,99,14,7,0.518866
0,99,14,8,0.765128
0,99,14,9,0.809251
0,99,14,10,0.870501
0,99,14,11,0.936354
0,99,14,12,0.708658
0,99,14,13,1.2539
0,99,14,14,1.10364
0,99,14,15,1.27457
0,99,14,16,0.696584
0,99,14,17,0.816724
0,99,14,18,0.84731
0,99,14,19,0.970229
0,99,14,20,1.08299
0,99,14,21,0.725472
0,99,14,22,1.22796
0,99,14,23,1.02216
0,99,14,24,1.3099
0,99,14,25,0.710331
0,99,14,26,0.656825
0,99,14,27,0.654737
0,99,14,28,0.783602
0,99,14,29,1.02703
0,99,14,30,0.557614
0,99,14,31,1.01391
0,99,14,32,0.823656
0,99,14,33,1.24279
0,99,14,34,0.847339
0,99,14,35,0.762407
0,99,14,36,0.839002
0,99,14,37,0.907901
0,99,14,38,1.34694
0,99,14,39,0.804849
0,99,14,40,1.08053
0,99,14,41,0.791099
0,99,14,42,1.19938
0,99,14,43,0.94655
0,99,14,44,0.785338
0,99,14,45,0.840243
0,99,14,46,0.817096
0,99,14,47,1.34657
0,99,14,48,0.848801
0,99,14,49,1.00246
0,99,14,50,0.603378
0,99,14,51,0.896623
0,99,14,52,0.789383
0,99,14,53,0.644959
0,99,14,54,0.692417
0,99,14,55,0.668775
0,99,14,56,1.27621
0,99,14,57,1.04797
0,99,14,58,1.19337
0,99,14,59,0.756169
0,99,14,60,0.995764
0,99,14,61,0.973234
0,99,14,62,0.879418
0,99,14,63,0.864877
0,99,14,64,0.685285
0,99,14,65,1.25028
0,99,14,66,1.09044
0,99,14,67,1.2524
0,99,14,68,0.745382
0,99,14,69,0.879917
0,99,14,70,0.869158
0,99,14,71,0.885993
0,99,14,72,0.879684
0,99,14,73,0.515204
0,99,14,74,1.00211
0,99,14,75,0.83746
0,99,14,76,1.12501
0,99,14,77,0.619754
0,99,14,78,0.747209
0,99,14,79,0.833019
0,99,14,80,1.00351
0,99,14,81,1.19198
0,99,14,82,0.756438
0,99,14,83,1.18088
0,99,14,84,0.943343
0,99,14,85,1.28057
0,99,14,86,0.756008
0,99,14,87,0.729213
0,99,14,88,0.813658
0,99,14,89,0.945289
0,99,14,90,1.32456
0,99,14,91,0.792628
0,99,14,92,1.10547
0,99,14,93,0.804478
0,99,14,94,1.16524
0,99,14,95,0.724537
0,99,14,96,0.551569
0,99,14,97,0.605812
0,99,14,98,0.675532
0,99,14,99,1.20913
0,99,14,100,0.78055
0,99,14,101,1.07545
0,99,14,102,0.797253
0,99,14,103,1.17613
0,99,14,104,1.02492
0,99,14,105,0.820783
0,99,14,106,0.804126
0,99,14,107,0.738883
0,99,14,108,1.31934
0,99,14,109,0.929966
0,99,14,110,1.12208
0,99,14,111,0.76474
0,99,14,112,1.06321
0,99,15,0,0.894404
0,99,15,1,0.943663
0,99,15,2,0.576976
0,99,15,3,1.02354
0,99,15,4,0.654393
0,99,15,5,1.05192
0,99,15,6,0.616857
0,99,15,7,0.74733
0,99,15,8,0.645135
0,99,15,9,0.683203
0,99,15,10,0.898321
0,99,15,11,0.637515
0,99,15,12,1.14564
0,99,15,13,0.848007
0,99,15,14,1.27404
0,99,15,15,0.974772
0,99,15,16,0.975763
0,99,15,17,0.85857
0,99,15,18,0.80954
0,99,15,19,1.06374
0,99,15,20,0.772421
0,99,15,21,1.19259
0,99,15,22,0.86564
0,99,15,23,1.2247
0,99,15,24,0.90314
0,99,15,25,0.841065
0,99,15,26,0.652356
0,99,15,27,0.557173
0,99,15,28,0.844651
0,99,15,29,0.548481
0,99,15,30,0.951845
0,99,15,31,0.645308
0,99,15,32,1.05917
0,99,15,33,0.819696
0,99,15,34,0.903875
0,99,15,35,0.835115
0,99,15,36,0.741426
0,99,15,37,1.18191
0,99,15,38,0.847077
0,99,15,39,1.24523
0,99,15,40,0.81098
0,99,15,41,1.14707
0,99,15,42,0.938734
0,99,15,43,0.962277
0,99,15,44,0.917772
0,99,15,45,0.698057
0,99,15,46,1.13786
0,99,15,47,0.750167
0,99,15,48,1.12967
0,99,15,49,0.652812
0,99,15,50,0.861441
0,99,15,51,0.641142
0,99,15,52,0.681555
0,99,15,53,0.689934
0,99,15,54,0.472528
0,99,15,55,1.03178
0,99,15,56,0.750648
0,99,15,57,1.25704
0,99,15,58,0.893629
0,99,15,59,1.03651
0,99,15,60,0.928591
0,99,15,61,0.873483
0,99,15,62,1.00654
0,99,15,63,0.687048
0,99,15,64,1.18411
0,99,15,65,0.868627
0,99,15,66,1.27137
0,99,15,67,0.959994
0,99,15,68,0.97138
0,99,15,69,0.831792
0,99,15,70,0.746613
0,99,15,71,0.882354
0,99,15,72,0.524282
0,99,15,73,0.903808
0,99,15,74,0.575254
0,99,15,75,1.00615
0,99,15,76,0.703956
0,99,15,77,0.789545
0,99,15,78,0.743041
0,99,15,79,0.728016
0,99,15,80,1.06521
0,99,15,81,0.788419
0,99,15,82,1.20381
0,99,15,83,0.871352
0,99,15,84,1.23858
0,99,15,85,0.948028
0,99,15,86,0.938312
0,99,15,87,0.82611
0,99,15,88,0.760734
0,99,15,89,1.14487
0,99,15,90,0.831828
0,99,15,91,1.19633
0,99,15,92,0.749335
0,99,15,93,1.05159
0,99,15,94,0.739099
0,99,15,95,0.741864
0,99,15,96,0.589175
0,99,15,97,0.466066
0,99,15,98,0.907905
0,99,15,99,0.634736
0,99,15,100,1.10043
0,99,15,101,0.739291
0,99,15,102,1.07711
0,99,15,103,0.932664
0,99,15,104,0.956106
0,99,15,105,0.953259
0,99,15,106,0.695666
0,99,15,107,1.16855
0,99,15,108,0.83022
0,99,15,109,1.26544
0,99,15,110,0.876791
0,99,15,111,1.09494
0,99,15,112,0.945501
0,99,16,0,0.714402
0,99,16,1,0.511583
0,99,16,2,0.946392
0,99,16,3,0.470014
0,99,16,4,0.796273
0,99,16,5,0.351439
0,99,16,6,0.730052
0,99,16,7,0.60512
0,99,16,8,0.5215
0,99,16,9,0.50813
0,99,16,10,0.367698
0,99,16,11,0.982821
0,99,16,12,0.649599
0,99,16,13,1.09761
0,99,16,14,0.694331
0,99,16,15,0.975416
0,99,16,16,0.979488
0,99,16,17,0.782466
0,99,16,18,0.881458
0,99,16,19,0.461304
0,99,16,20,1.11909
0,99,16,21,0.733454
0,99,16,22,1.18013
0,99,16,23,0.687611
0,99,16,24,0.753348
0,99,16,25,0.733927
0,99,16,26,0.516838
0,99,16,27,0.601397
0,99,16,28,0.194779
0,99,16,29,0.707171
0,99,16,30,0.446136
0,99,16,31,0.937322
0,99,16,32,0.590226
0,99,16,33,0.640906
0,99,16,34,0.774328
0,99,16,35,0.655935
0,99,16,36,1.02039
0,99,16,37,0.535374
0,99,16,38,1.03617
0,99,16,39,0.763491
0,99,16,40,1.17152
0,99,16,41,0.905094
0,99,16,42,0.763777
0,99,16,43,0.839482
0,99,16,44,0.660956
0,99,16,45,1.03613
0,99,16,46,0.495538
0,99,16,47,0.851415
0,99,16,48,0.515571
0,99,16,49,0.892824
0,99,16,50,0.61623
0,99,16,51,0.473157
0,99,16,52,0.390059
0,99,16,53,0.352118
0,99,16,54,0.808908
0,99,16,55,0.481993
0,99,16,56,0.897638
0,99,16,57,0.61103
0,99,16,58,1.05564
0,99,16,59,0.965318
0,99,16,60,0.782794
0,99,16,61,0.79161
0,99,16,62,0.562385
0,99,16,63,1.12389
0,99,16,64,0.704297
0,99,16,65,1.10392
0,99,16,66,0.682005
0,99,16,67,0.996024
0,99,16,68,0.914435
0,99,16,69,0.688542
0,99,16,70,0.633978
0,99,16,71,0.293777
0,99,16,72,0.806231
0,99,16,73,0.415396
0,99,16,74,0.821978
0,99,16,75,0.369644
0,99,16,76,0.656513
0,99,16,77,0.69425
0,99,16,78,0.61505
0,99,16,79,0.775989
0,99,16,80,0.417585
0,99,16,81,1.07284
0,99,16,82,0.763467
0,99,16,83,1.21463
0,99,16,84,0.815398
0,99,16,85,0.809048
0,99,16,86,0.913536
0,99,16,87,0.718989
0,99,16,88,1.00242
0,99,16,89,0.492298
0,99,16,90,1.01026
0,99,16,91,0.670753
0,99,16,92,1.04262
0,99,16,93,0.639855
0,99,16,94,0.547991
0,99,16,95,0.520019
0,99,16,96,0.390841
0,99,16,97,0.690745
0,99,16,98,0.277905
0,99,16,99,0.713749
0,99,16,100,0.54134
0,99,16,101,1.00781
0,99,16,102,0.846935
0,99,16,103,0.718655
0,99,16,104,0.783158
0,99,16,105,0.652513
0,99,16,106,1.09923
0,99,16,107,0.61789
0,99,16,108,1.0282
0,99,16,109,0.711275
0,99,16,110,1.12764
0,99,16,111,0.986711
0,99,16,112,0.765318
0,99,17,0,0.391692
0,99,17,1,0.752993
0,99,17,2,0.347517
0,99,17,3,0.820715
0,99,17,4,0.286647
0,99,17,5,0.556445
0,99,17,6,0.47608
0,99,17,7,0.511645
0,99,17,8,0.544156
0,99,17,9,0.209407
0,99,17,10,0.604527
0,99,17,11,0.412062
0,99,17,12,1.00605
0,99,17,13,0.61479
0,99,17,14,0.816412
0,99,17,15,0.85829
0,99,17,16,0.782984
0,99,17,17,0.960401
0,99,17,18,0.462602
0,99,17,19,0.801218
0,99,17,20,0.52819
0,99,17,21,1.08225
0,99,17,22,0.716043
0,99,17,23,0.765162
0,99,17,24,0.622421
0,99,17,25,0.523471
0,99,17,26,0.638876
0,99,17,27,0.206637
0,99,17,28,0.458296
0,99,17,29,0.163985
0,99,17,30,0.743767
0,99,17,31,0.539254
0,99,17,32,0.658892
0,99,17,33,0.520217
0,99,17,34,0.533957
0,99,17,35,0.868154
0,99,17,36,0.494018
0,99,17,37,0.912836
0,99,17,38,0.480593
0,99,17,39,1.05283
0,99,17,40,0.859168
0,99,17,41,0.894843
0,99,17,42,0.77825
0,99,17,43,0.551074
0,99,17,44,0.929548
0,99,17,45,0.473179
0,99,17,46,0.860212
0,99,17,47,0.295074
0,99,17,48,0.748012
0,99,17,49,0.569734
0,99,17,50,0.582553
0,99,17,51,0.418085
0,99,17,52,0.180191
0,99,17,53,0.535972
0,99,17,54,0.268936
0,99,17,55,0.822206
0,99,17,56,0.374358
0,99,17,57,0.809639
0,99,17,58,0.840725
0,99,17,59,0.823327
0,99,17,60,0.892553
0,99,17,61,0.436414
0,99,17,62,0.872103
0,99,17,63,0.537285
0,99,17,64,1.11799
0,99,17,65,0.629429
0,99,17,66,0.824639
0,99,17,67,0.838321
0,99,17,68,0.725453
0,99,17,69,0.792176
0,99,17,70,0.274284
0,99,17,71,0.529747
0,99,17,72,0.243553
0,99,17,73,0.729267
0,99,17,74,0.351444
0,99,17,75,0.520911
0,99,17,76,0.448144
0,99,17,77,0.52369
0,99,17,78,0.746706
0,99,17,79,0.355462
0,99,17,80,0.716703
0,99,17,81,0.477129
0,99,17,82,1.07527
0,99,17,83,0.814608
0,99,17,84,0.87909
0,99,17,85,0.771735
0,99,17,86,0.671134
0,99,17,87,0.948464
0,99,17,88,0.499705
0,99,17,89,0.841464
0,99,17,90,0.430656
0,99,17,91,0.966596
0,99,17,92,0.656027
0,99,17,93,0.671473
0,99,17,94,0.424584
0,99,17,95,0.32023
0,99,17,96,0.544718
0,99,17,97,0.221607
0,99,17,98,0.590048
0,99,17,99,0.197091
0,99,17,100,0.786689
0,99,17,101,0.692739
0,99,17,102,0.792363
0,99,17,103,0.721077
0,99,17,104,0.49063
0,99,17,105,0.931115
0,99,17,106,0.540442
0,99,17,107,1.03405
0,99,17,108,0.506204
0,99,17,109,0.94469
0,99,17,110,0.908811
0,99,17,111,0.88323
0,99,17,112,0.831263
0,99,18,0,0.866953
0,99,18,1,0.309508
0,99,18,2,0.68718
0,99,18,3,0.23483
0,99,18,4,0.69878
0,99,18,5,0.490524
0,99,18,6,0.468085
0,99,18,7,0.508589
0,99,18,8,0.251203
0,99,18,9,0.649875
0,99,18,10,0.275846
0,99,18,11,0.773963
0,99,18,12,0.394143
0,99,18,13,0.912216
0,99,18,14,0.844085
0,99,18,15,0.808515
0,99,18,16,0.880632
0,99,18,17,0.46147
0,99,18,18,0.944349
0,99,18,19,0.449988
0,99,18,20,0.975455
0,99,18,21,0.476509
0,99,18,22,0.887549
0,99,18,23,0.796699
0,99,18,24,0.630419
0,99,18,25,0.689978
0,99,18,26,0.131831
0,99,18,27,0.573589
0,99,18,28,0.15945
0,99,18,29,0.662229
0,99,18,30,0.258499
0,99,18,31,0.602921
0,99,18,32,0.674138
0,99,18,33,0.557594
0,99,18,34,0.812771
0,99,18,35,0.284532
0,99,18,36,0.860593
0,99,18,37,0.472469
0,99,18,38,1.03153
0,99,18,39,0.672199
0,99,18,40,0.818257
0,99,18,41,0.905997
0,99,18,42,0.678946
0,99,18,43,0.959077
0,99,18,44,0.3396
0,99,18,45,0.800218
0,99,18,46,0.355331
0,99,18,47,0.825619
0,99,18,48,0.501427
0,99,18,49,0.529699
0,99,18,50,0.552441
0,99,18,51,0.308458
0,99,18,52,0.571563
0,99,18,53,0.12898
0,99,18,54,0.586907
0,99,18,55,0.288584
0,99,18,56,0.836107
0,99,18,57,0.707467
0,99,18,58,0.749772
0,99,18,59,0.84144
0,99,18,60,0.552462
0,99,18,61,0.953436
0,99,18,62,0.453435
0,99,18,63,0.904714
0,99,18,64,0.473672
0,99,18,65,0.980049
0,99,18,66,0.831351
0,99,18,67,0.763953
0,99,18,68,0.773074
0,99,18,69,0.34721
0,99,18,70,0.725329
0,99,18,71,0.223519
0,99,18,72,0.640421
0,99,18,73,0.16811
0,99,18,74,0.600357
0,99,18,75,0.529373
0,99,18,76,0.522163
0,99,18,77,0.632421
0,99,18,78,0.250296
0,99,18,79,0.78589
0,99,18,80,0.383893
0,99,18,81,0.96383
0,99,18,82,0.530026
0,99,18,83,0.906917
0,99,18,84,0.921923
0,99,18,85,0.747706
0,99,18,86,0.925769
0,99,18,87,0.355621
0,99,18,88,0.903609
0,99,18,89,0.446331
0,99,18,90,0.962549
0,99,18,91,0.492168
0,99,18,92,0.666439
0,99,18,93,0.669349
0,99,18,94,0.45039
0,99,18,95,0.604843
0,99,18,96,0.0470185
0,99,18,97,0.530134
0,99,18,98,0.191279
0,99,18,99,0.720657
0,99,18,100,0.485979
0,99,18,101,0.639069
0,99,18,102,0.796976
0,99,18,103,0.588829
0,99,18,104,0.936084
0,99,18,105,0.390999
0,99,18,106,0.864821
0,99,18,107,0.480353
0,99,18,108,1.00876
0,99,18,109,0.76439
0,99,18,110,0.800015
0,99,18,111,0.876604
0,99,18,112,0.559493
0,99,19,0,0.568739
0,99,19,1,0.778277
0,99,19,2,0.136596
0,99,19,3,0.571221
0,99,19,4,0.511509
0,99,19,5,0.714185
0,99,19,6,0.585544
0,99,19,7,0.182923
0,99,19,8,0.580917
0,99,19,9,0.324265
0,99,19,10,0.80274
0,99,19,11,0.270203
0,99,19,12,0.692118
0,99,19,13,0.696397
0,99,19,14,0.969983
0,99,19,15,1.06451
0,99,19,16,0.461973
0,99,19,17,0.802025
0,99,19,18,0.45164
0,99,19,19,1.05568
0,99,19,20,0.502295
0,99,19,21,0.730021
0,99,19,22,0.691857
0,99,19,23,0.79615
0,99,19,24,1.01562
0,99,19,25,0.279787
0,99,19,26,0.506803
0,99,19,27,0.0799016
0,99,19,28,0.703739
0,99,19,29,0.344517
0,99,19,30,0.473411
0,99,19,31,0.508486
0,99,19,32,0.579588
0,99,19,33,0.976499
0,99,19,34,0.429091
0,99,19,35,0.693511
0,99,19,36,0.277469
0,99,19,37,0.957768
0,99,19,38,0.801683
0,99,19,39,0.828738
0,99,19,40,0.743107
0,99,19,41,0.667353
0,99,19,42,1.10568
0,99,19,43,0.596324
0,99,19,44,0.757674
0,99,19,45,0.222359
0,99,19,46,0.770931
0,99,19,47,0.669511
0,99,19,48,0.683632
0,99,19,49,0.548995
0,99,19,50,0.290227
0,99,19,51,0.656859
0,99,19,52,0.355021
0,99,19,53,0.545202
0,99,19,54,0.0438826
0,99,19,55,0.627434
0,99,19,56,0.649059
0,99,19,57,0.911436
0,99,19,58,0.854442
0,99,19,59,0.482864
0,99,19,60,0.915647
0,99,19,61,0.602146
0,99,19,62,0.944271
0,99,19,63,0.344197
0,99,19,64,0.781455
0,99,19,65,0.767387
0,99,19,66,0.991138
0,99,19,67,0.960762
0,99,19,68,0.383761
0,99,19,69,0.713682
0,99,19,70,0.328095
0,99,19,71,0.790843
0,99,19,72,0.176124
0,99,19,73,0.437167
0,99,19,74,0.409554
0,99,19,75,0.632934
0,99,19,76,0.789563
0,99,19,77,0.240813
0,99,19,78,0.63072
0,99,19,79,0.285955
0,99,19,80,0.982244
0,99,19,81,0.546907
0,99,19,82,0.747874
0,99,19,83,0.751653
0,99,19,84,0.839812
0,99,19,85,1.16991
0,99,19,86,0.486498
0,99,19,87,0.728931
0,99,19,88,0.32411
0,99,19,89,0.969982
0,99,19,90,0.679672
0,99,19,91,0.694262
0,99,19,92,0.58848
0,99,19,93,0.513497
0,99,19,94,0.876663
0,99,19,95,0.285265
0,99,19,96,0.438456
0,99,19,97,0
0,99,19,98,0.62159
0,99,19,99,0.563231
0,99,19,100,0.652857
0,99,19,101,0.645682
0,99,19,102,0.518605
0,99,19,103,1.00028
0,99,19,104,0.630145
0,99,19,105,0.820642
0,99,19,106,0.286345
0,99,19,107,0.843886
0,99,19,108,0.829225
0,99,19,109,0.927393
0,99,19,110,0.836341
0,99,19,111,0.544782
0,99,19,112,0.926963
0,99,20,0,0.941216
0,99,20,1,0.429954
0,99,20,2,0.790418
0,99,20,3,0.588841
0,99,20,4,0.675785
0,99,20,5,0.74959
0,99,20,6,0.493543
0,99,20,7,0.828587
0,99,20,8,0.344371
0,99,20,9,0.754234
0,99,20,10,0.392377
0,99,20,11,0.850048
0,99,20,12,0.773871
0,99,20,13,0.918846
0,99,20,14,1.07994
0,99,20,15,0.771013
0,99,20,16,1.11843
0,99,20,17,0.526999
0,99,20,18,0.975473
0,99,20,19,0.49999
0,99,20,20,0.946046
0,99,20,21,0.825923
0,99,20,22,0.915071
0,99,20,23,1.06358
0,99,20,24,0.593344
0,99,20,25,0.935686
0,99,20,26,0.282067
0,99,20,27,0.707559
0,99,20,28,0.298133
0,99,20,29,0.640207
0,99,20,30,0.637116
0,99,20,31,0.674712
0,99,20,32,0.969134
0,99,20,33,0.523223
0,99,20,34,0.998862
0,99,20,35,0.441475
0,99,20,36,0.982368
0,99,20,37,0.662302
0,99,20,38,0.93882
0,99,20,39,0.974063
0,99,20,40,0.825093
0,99,20,41,1.16018
0,99,20,42,0.60095
0,99,20,43,1.04501
0,99,20,44,0.459795
0,99,20,45,0.912427
0,99,20,46,0.618989
0,99,20,47,0.760187
0,99,20,48,0.814164
0,99,20,49,0.599029
0,99,20,50,0.891739
0,99,20,51,0.334697
0,99,20,52,0.691411
0,99,20,53,0.264028
0,99,20,54,0.706913
0,99,20,55,0.614732
0,99,20,56,0.799024
0,99,20,57,0.983594
0,99,20,58,0.790573
0,99,20,59,1.14437
0,99,20,60,0.590554
0,99,20,61,0.983434
0,99,20,62,0.51135
0,99,20,63,0.925348
0,99,20,64,0.782733
0,99,20,65,0.922617
0,99,20,66,1.04245
0,99,20,67,0.75361
0,99,20,68,1.06629
0,99,20,69,0.460773
0,99,20,70,0.830352
0,99,20,71,0.32862
0,99,20,72,0.687244
0,99,20,73,0.539874
0,99,20,74,0.626469
0,99,20,75,0.789307
0,99,20,76,0.499251
0,99,20,77,0.907662
0,99,20,78,0.397412
0,99,20,79,0.896932
0,99,20,80,0.508393
0,99,20,81,0.952633
0,99,20,82,0.895503
0,99,20,83,0.934387
0,99,20,84,1.16216
0,99,20,85,0.649845
0,99,20,86,1.0673
0,99,20,87,0.443297
0,99,20,88,0.971789
0,99,20,89,0.587892
0,99,20,90,0.904179
0,99,20,91,0.859023
0,99,20,92,0.738735
0,99,20,93,0.983356
0,99,20,94,0.414175
0,99,20,95,0.783641
0,99,20,96,0.205652
0,99,20,97,0.676125
0,99,20,98,0.415094
0,99,20,99,0.66205
0,99,20,100,0.81176
0,99,20,101,0.715145
0,99,20,102,1.13032
0,99,20,103,0.593589
0,99,20,104,1.03198
0,99,20,105,0.508279
0,99,20,106,0.942618
0,99,20,107,0.721508
0,99,20,108,0.894252
0,99,20,109,1.00286
0,99,20,110,0.804225
0,99,20,111,1.16731
0,99,20,112,0.581408
0,99,21,0,0.427595
0,99,21,1,0.870538
0,99,21,2,0.713572
0,99,21,3,0.819439
0,99,21,4,0.75402
0,99,21,5,0.494798
0,99,21,6,0.94684
0,99,21,7,0.562739
0,99,21,8,0.865994
0,99,21,9,0.317914
0,99,21,10,0.724975
0,99,21,11,0.791142
0,99,21,12,0.991999
0,99,21,13,1.0812
0,99,21,14,0.725212
0,99,21,15,1.19346
0,99,21,16,0.735213
0,99,21,17,1.08305
0,99,21,18,0.479029
0,99,21,19,0.730314
0,99,21,20,0.828826
0,99,21,21,0.988655
0,99,21,22,1.19205
0,99,21,23,0.69281
0,99,21,24,1.01266
0,99,21,25,0.573716
0,99,21,26,0.9157
0,99,21,27,0.377135
0,99,21,28,0.523273
0,99,21,29,0.563273
0,99,21,30,0.73383
0,99,21,31,1.07068
0,99,21,32,0.629592
0,99,21,33,0.903688
0,99,21,34,0.598573
0,99,21,35,1.06945
0,99,21,36,0.713802
0,99,21,37,0.847948
0,99,21,38,0.831947
0,99,21,39,0.907216
0,99,21,40,1.25165
0,99,21,41,0.751846
0,99,21,42,0.989813
0,99,21,43,0.516757
0,99,21,44,1.01081
0,99,21,45,0.730807
0,99,21,46,0.825482
0,99,21,47,0.73019
0,99,21,48,0.708215
0,99,21,49,1.09629
0,99,21,50,0.602997
0,99,21,51,0.773769
0,99,21,52,0.249923
0,99,21,53,0.720122
0,99,21,54,0.607225
0,99,21,55,0.827146
0,99,21,56,0.834088
0,99,21,57,0.754446
0,99,21,58,1.28654
0,99,21,59,0.832081
0,99,21,60,1.09171
0,99,21,61,0.435389
0,99,21,62,0.853914
0,99,21,63,0.780152
0,99,21,64,0.965634
0,99,21,65,0.999801
0,99,21,66,0.684584
0,99,21,67,1.20461
0,99,21,68,0.757428
0,99,21,69,1.06244
0,99,21,70,0.384259
0,99,21,71,0.63834
0,99,21,72,0.626658
0,99,21,73,0.741366
0,99,21,74,0.848069
0,99,21,75,0.464375
0,99,21,76,0.89168
0,99,21,77,0.585838
0,99,21,78,1.0199
0,99,21,79,0.51791
0,99,21,80,0.756628
0,99,21,81,0.867575
0,99,21,82,1.02422
0,99,21,83,1.25682
0,99,21,84,0.73979
0,99,21,85,1.01239
0,99,21,86,0.595439
0,99,21,87,1.04045
0,99,21,88,0.609057
0,99,21,89,0.778336
0,99,21,90,0.810934
0,99,21,91,0.912932
0,99,21,92,1.18633
0,99,21,93,0.644188
0,99,21,94,0.81787
0,99,21,95,0.384205
0,99,21,96,0.78676
0,99,21,97,0.484949
0,99,21,98,0.613351
0,99,21,99,0.606917
0,99,21,100,0.759139
0,99,21,101,1.2123
0,99,21,102,0.798135
0,99,21,103,1.02389
0,99,21,104,0.522327
0,99,21,105,1.01102
0,99,21,106,0.764992
0,99,21,107,0.881155
0,99,21,108,0.857408
0,99,21,109,0.777297
0,99,21,110,1.26575
0,99,21,111,0.818669
0,99,21,112,1.05411
0,99,22,0,0.948824
0,99,22,1,0.771363
0,99,22,2,0.909143
0,99,22,3,1.04347
0,99,22,4,0.772958
0,99,22,5,1.0299
0,99,22,6,0.718108
0,99,22,7,1.07342
0,99,22,8,0.640706
0,99,22,9,0.840642
0,99,22,10,0.715623
0,99,22,11,0.966763
0,99,22,12,1.20701
0,99,22,13,0.996125
0,99,22,14,1.22701
0,99,22,15,0.864863
0,99,22,16,1.18073
0,99,22,17,0.715414
0,99,22,18,0.888688
0,99,22,19,0.690128
0,99,22,20,0.916182
0,99,22,21,1.19042
0,99,22,22,1.00455
0,99,22,23,1.24268
0,99,22,24,0.752235
0,99,22,25,1.12523
0,99,22,26,0.651527
0,99,22,27,0.838672
0,99,22,28,0.637001
0,99,22,29,0.722441
0,99,22,30,1.06676
0,99,22,31,0.87155
0,99,22,32,1.20358
0,99,22,33,0.688809
0,99,22,34,1.12859
0,99,22,35,0.794689
0,99,22,36,1.0345
0,99,22,37,0.956779
0,99,22,38,0.857783
0,99,22,39,1.23145
0,99,22,40,0.892727
0,99,22,41,1.23847
0,99,22,42,0.658841
0,99,22,43,1.01112
0,99,22,44,0.767213
0,99,22,45,0.985137
0,99,22,46,1.01392
0,99,22,47,0.799536
0,99,22,48,1.15941
0,99,22,49,0.825391
0,99,22,50,1.14485
0,99,22,51,0.567326
0,99,22,52,0.804124
0,99,22,53,0.628275
0,99,22,54,0.843984
0,99,22,55,1.04608
0,99,22,56,0.858404
0,99,22,57,1.2381
0,99,22,58,0.986867
0,99,22,59,1.29791
0,99,22,60,0.781124
0,99,22,61,0.899608
0,99,22,62,0.714577
0,99,22,63,0.891637
0,99,22,64,1.10505
0,99,22,65,0.891564
0,99,22,66,1.1597
0,99,22,67,0.901369
0,99,22,68,1.23937
0,99,22,69,0.768942
0,99,22,70,0.903802
0,99,22,71,0.654107
0,99,22,72,0.817554
0,99,22,73,0.99626
0,99,22,74,0.782016
0,99,22,75,1.03705
0,99,22,76,0.670951
0,99,22,77,1.11384
0,99,22,78,0.746377
0,99,22,79,0.972965
0,99,22,80,0.81196
0,99,22,81,0.973033
0,99,22,82,1.25584
0,99,22,83,0.999776
0,99,22,84,1.24053
0,99,22,85,0.681297
0,99,22,86,1.07143
0,99,22,87,0.680752
0,99,22,88,0.946005
0,99,22,89,0.854067
0,99,22,90,0.889639
0,99,22,91,1.25794
0,99,22,92,0.939056
0,99,22,93,1.22674
0,99,22,94,0.592885
0,99,22,95,0.937988
0,99,22,96,0.581517
0,99,22,97,0.817943
0,99,22,98,0.797855
0,99,22,99,0.723794
0,99,22,100,1.17882
0,99,22,101,0.934395
0,99,22,102,1.33834
0,99,22,103,0.775124
0,99,22,104,1.0369
0,99,22,105,0.809359
0,99,22,106,0.948512
0,99,22,107,1.01344
0,99,22,108,0.794806
0,99,22,109,1.1622
0,99,22,110,0.899898
0,99,22,111,1.28548
0,99,22,112,0.767583
0,99,23,0,0.96901
0,99,23,1,0.872331
0,99,23,2,0.952222
0,99,23,3,0.711281
0,99,23,4,1.23628
0,99,23,5,0.911036
0,99,23,6,1.08438
0,99,23,7,0.674916
0,99,23,8,0.870921
0,99,23,9,0.897099
0,99,23,10,0.893522
0,99,23,11,1.07248
0,99,23,12,0.769816
0,99,23,13,1.30369
0,99,23,14,1.02237
0,99,23,15,1.22564
0,99,23,16,0.690141
0,99,23,17,0.765819
0,99,23,18,0.799978
0,99,23,19,0.796584
0,99,23,20,1.06674
0,99,23,21,0.693377
0,99,23,22,1.24397
0,99,23,23,0.993735
0,99,23,24,1.26418
0,99,23,25,0.82073
0,99,23,26,0.743054
0,99,23,27,0.803075
0,99,23,28,0.793558
0,99,23,29,1.13453
0,99,23,30,0.675026
0,99,23,31,1.14177
0,99,23,32,0.925151
0,99,23,33,1.2225
0,99,23,34,0.944744
0,99,23,35,0.817951
0,99,23,36,0.923631
0,99,23,37,0.849873
0,99,23,38,1.25926
0,99,23,39,0.75815
0,99,23,40,1.04759
0,99,23,41,0.74313
0,99,23,42,1.06411
0,99,23,43,0.881149
0,99,23,44,0.758778
0,99,23,45,0.896935
0,99,23,46,0.820866
0,99,23,47,1.32244
0,99,23,48,0.899196
0,99,23,49,1.10835
0,99,23,50,0.742073
0,99,23,51,0.967509
0,99,23,52,0.854513
0,99,23,53,0.7412
0,99,23,54,0.860219
0,99,23,55,0.762512
0,99,23,56,1.32969
0,99,23,57,1.04053
0,99,23,58,1.24931
0,99,23,59,0.807841
0,99,23,60,0.970547
0,99,23,61,0.886208
0,99,23,62,0.781676
0,99,23,63,0.856808
0,99,23,64,0.624962
0,99,23,65,1.19832
0,99,23,66,0.948342
0,99,23,67,1.22572
0,99,23,68,0.796038
0,99,23,69,0.921513
0,99,23,70,0.927471
0,99,23,71,0.871302
0,99,23,72,1.02144
0,99,23,73,0.621727
0,99,23,74,1.13448
0,99,23,75,0.889842
0,99,23,76,1.18195
0,99,23,77,0.774147
0,99,23,78,0.838489
0,99,23,79,0.948247
0,99,23,80,0.942328
0,99,23,81,1.23871
0,99,23,82,0.767133
0,99,23,83,1.18487
0,99,23,84,0.87702
0,99,23,85,1.12749
0,99,23,86,0.723955
0,99,23,87,0.675512
0,99,23,88,0.810971
0,99,23,89,0.838131
0,99,23,90,1.2831
0,99,23,91,0.818841
0,99,23,92,1.17997
0,99,23,93,0.888788
0,99,23,94,1.14609
0,99,23,95,0.836756
0,99,23,96,0.658289
0,99,23,97,0.778416
0,99,23,98,0.752094
0,99,23,99,1.249
0,99,23,100,0.87365
0,99,23,101,1.17979
0,99,23,102,0.900834
0,99,23,103,1.16138
0,99,23,104,0.997047
0,99,23,105,0.812834
0,99,23,106,0.8252
0,99,23,107,0.673914
0,99,23,108,1.20828
0,99,23,109,0.826196
0,99,23,110,1.0847
0,99,23,111,0.751726
0,99,23,112,1.02123
0,99,24,0,0.949216
0,99,24,1,1.02617
0,99,24,2,0.608848
0,99,24,3,1.11485
0,99,24,4,0.854756
0,99,24,5,1.32033
0,99,24,6,0.832193
0,99,24,7,0.848466
0,99,24,8,0.850911
0,99,24,9,0.884233
0,99,24,10,1.14905
0,99,24,11,0.686768
0,99,24,12,1.14464
0,99,24,13,0.832679
0,99,24,14,1.31084
0,99,24,15,0.90507
0,99,24,16,0.754588
0,99,24,17,0.624233
0,99,24,18,0.632287
0,99,24,19,1.01628
0,99,24,20,0.595991
0,99,24,21,1.01316
0,99,24,22,0.754758
0,99,24,23,1.26473
0,99,24,24,1.09628
0,99,24,25,0.898291
0,99,24,26,0.794133
0,99,24,27,0.68007
0,99,24,28,1.16128
0,99,24,29,0.76368
0,99,24,30,1.08005
0,99,24,31,0.775897
0,99,24,32,1.19918
0,99,24,33,1.11938
0,99,24,34,0.96866
0,99,24,35,0.85342
0,99,24,36,0.664207
0,99,24,37,1.14188
0,99,24,38,0.801509
0,99,24,39,1.04404
0,99,24,40,0.555193
0,99,24,41,0.916922
0,99,24,42,0.869844
0,99,24,43,0.858422
0,99,24,44,0.787615
0,99,24,45,0.603811
0,99,24,46,1.1711
0,99,24,47,0.939907
0,99,24,48,1.26638
0,99,24,49,0.78374
0,99,24,50,0.962513
0,99,24,51,0.919341
0,99,24,52,0.936278
0,99,24,53,0.914524
0,99,24,54,0.562814
0,99,24,55,1.14391
0,99,24,56,0.920133
0,99,24,57,1.39498
0,99,24,58,0.893704
0,99,24,59,0.928595
0,99,24,60,0.82489
0,99,24,61,0.80472
0,99,24,62,0.876696
0,99,24,63,0.438836
0,99,24,64,0.931258
0,99,24,65,0.708332
0,99,24,66,1.24063
0,99,24,67,0.909086
0,99,24,68,0.90337
0,99,24,69,0.873911
0,99,24,70,0.870653
0,99,24,71,1.16512
0,99,24,72,0.646102
0,99,24,73,1.02998
0,99,24,74,0.743328
0,99,24,75,1.25327
0,99,24,76,0.997964
0,99,24,77,0.876979
0,99,24,78,0.864826
0,99,24,79,0.796638
0,99,24,80,1.24919
0,99,24,81,0.773162
0,99,24,82,1.07742
0,99,24,83,0.683909
0,99,24,84,1.09558
0,99,24,85,0.900088
0,99,24,86,0.722706
0,99,24,87,0.599626
0,99,24,88,0.561012
0,99,24,89,1.11503
0,99,24,90,0.845111
0,99,24,91,1.17138
0,99,24,92,0.78608
0,99,24,93,1.14482
0,99,24,94,1.06244
0,99,24,95,0.904485
0,99,24,96,0.775776
0,99,24,97,0.571335
0,99,24,98,1.13632
0,99,24,99,0.910587
0,99,24,100,1.23508
0,99,24,101,0.826848
0,99,24,102,1.09752
0,99,24,103,1.05301
0,99,24,104,0.987864
0,99,24,105,0.856876
0,99,24,106,0.488443
0,99,24,107,0.951166
0,99,24,108,0.728631
0,99,24,109,1.11054
0,99,24,110,0.647006
0,99,24,111,0.899452
0,99,24,112,0.887669
0,99,25,0,0.822006
0,99,25,1,0.610331
0,99,25,2,1.13324
0,99,25,3,0.711851
0,99,25,4,1.14603
0,99,25,5,0.778193
0,99,25,6,1.02895
0,99,25,7,0.957518
0,99,25,8,0.801959
0,99,25,9,0.92966
0,99,25,10,0.614875
0,99,25,11,1.18404
0,99,25,12,0.721012
0,99,25,13,1.13583
0,99,25,14,0.710642
0,99,25,15,0.841968
0,99,25,16,0.736165
0,99,25,17,0.523892
0,99,25,18,0.692623
0,99,25,19,0.280143
0,99,25,20,0.938207
0,99,25,21,0.574259
0,99,25,22,1.12643
0,99,25,23,0.820826
0,99,25,24,0.898317
0,99,25,25,1.00362
0,99,25,26,0.719525
0,99,25,27,1.00502
0,99,25,28,0.535567
0,99,25,29,1.11796
0,99,25,30,0.748207
0,99,25,31,1.19572
0,99,25,32,0.955568
0,99,25,33,0.872857
0,99,25,34,1.00232
0,99,25,35,0.692604
0,99,25,36,1.02406
0,99,25,37,0.46261
0,99,25,38,0.909225
0,99,25,39,0.546781
0,99,25,40,0.880294
0,99,25,41,0.673559
0,99,25,42,0.579937
0,99,25,43,0.739189
0,99,25,44,0.531045
0,99,25,45,1.01264
0,99,25,46,0.607566
0,99,25,47,1.08451
0,99,25,48,0.807145
0,99,25,49,1.13038
0,99,25,50,0.986968
0,99,25,51,0.794207
0,99,25,52,0.869396
0,99,25,53,0.63323
0,99,25,54,1.10764
0,99,25,55,0.72773
0,99,25,56,1.15497
0,99,25,57,0.8076
0,99,25,58,1.08206
0,99,25,59,0.896308
0,99,25,60,0.651267
0,99,25,61,0.68086
0,99,25,62,0.359157
0,99,25,63,0.841812
0,99,25,64,0.455963
0,99,25,65,0.927934
0,99,25,66,0.603665
0,99,25,67,0.93167
0,99,25,68,0.942787
0,99,25,69,0.798372
0,99,25,70,0.950148
0,99,25,71,0.567441
0,99,25,72,1.14408
0,99,25,73,0.689082
0,99,25,74,1.16617
0,99,25,75,0.819347
0,99,25,76,0.973816
0,99,25,77,1.02389
0,99,25,78,0.784336
0,99,25,79,1.03133
0,99,25,80,0.526322
0,99,25,81,1.10285
0,99,25,82,0.654373
0,99,25,83,1.02957
0,99,25,84,0.661885
0,99,25,85,0.611252
0,99,25,86,0.686147
0,99,25,87,0.455976
0,99,25,88,0.827865
0,99,25,89,0.413662
0,99,25,90,1.03209
0,99,25,91,0.745082
0,99,25,92,1.16825
0,99,25,93,0.958512
0,99,25,94,0.829534
0,99,25,95,0.942373
0,99,25,96,0.647881
0,99,25,97,1.0581
0,99,25,98,0.611019
0,99,25,99,1.09679
0,99,25,100,0.830229
0,99,25,101,1.16942
0,99,25,102,1.03488
0,99,25,103,0.791705
0,99,25,104,0.838639
0,99,25,105,0.533027
0,99,25,106,0.862638
0,99,25,107,0.397004
0,99,25,108,0.836815
0,99,25,109,0.520221
0,99,25,110,0.883611
0,99,25,111,0.804326
0,99,25,112,0.690768
0,99,26,0,0.304462
0,99,26,1,0.870397
0,99,26,2,0.576977
0,99,26,3,1.12589
0,99,26,4,0.623859
0,99,26,5,0.880178
0,99,26,6,0.925878
0,99,26,7,0.874681
0,99,26,8,0.973502
0,99,26,9,0.444599
0,99,26,10,0.895745
0,99,26,11,0.588556
0,99,26,12,1.10578
0,99,26,13,0.589061
0,99,26,14,0.658874
0,99,26,15,0.6556
0,99,26,16,0.5188
0,99,26,17,0.641886
0,99,26,18,0.134326
0,99,26,19,0.508843
0,99,26,20,0.285744
0,99,26,21,0.91759
0,99,26,22,0.655736
0,99,26,23,0.744825
0,99,26,24,0.796207
0,99,26,25,0.720932
0,99,26,26,1.02461
0,99,26,27,0.507779
0,99,26,28,0.8671
0,99,26,29,0.511293
0,99,26,30,1.12877
0,99,26,31,0.930994
0,99,26,32,0.898359
0,99,26,33,0.803269
0,99,26,34,0.624297
0,99,26,35,0.961326
0,99,26,36,0.443499
0,99,26,37,0.730306
0,99,26,38,0.224732
0,99,26,39,0.744228
0,99,26,40,0.565405
0,99,26,41,0.572359
0,99,26,42,0.509492
0,99,26,43,0.290855
0,99,26,44,0.78197
0,99,26,45,0.468902
0,99,26,46,0.93532
0,99,26,47,0.454455
0,99,26,48,0.985451
0,99,26,49,0.965891
0,99,26,50,0.92715
0,99,26,51,0.873703
0,99,26,52,0.473146
0,99,26,53,0.957086
0,99,26,54,0.601097
0,99,26,55,1.10796
0,99,26,56,0.558416
0,99,26,57,0.875684
0,99,26,58,0.872064
0,99,26,59,0.743193
0,99,26,60,0.693555
0,99,26,61,0.135269
0,99,26,62,0.558446
0,99,26,63,0.246931
0,99,26,64,0.809119
0,99,26,65,0.367803
0,99,26,66,0.584059
0,99,26,67,0.760635
0,99,26,68,0.762069
0,99,26,69,0.961053
0,99,26,70,0.422196
0,99,26,71,0.857653
0,99,26,72,0.56288
0,99,26,73,1.1306
0,99,26,74,0.758714
0,99,26,75,0.840257
0,99,26,76,0.876059
0,99,26,77,0.807545
0,99,26,78,1.05129
0,99,26,79,0.462153
0,99,26,80,0.782909
0,99,26,81,0.409582
0,99,26,82,0.948205
0,99,26,83,0.598743
0,99,26,84,0.573281
0,99,26,85,0.482772
0,99,26,86,0.349108
0,99,26,87,0.67183
0,99,26,88,0.257056
0,99,26,89,0.669597
0,99,26,90,0.356676
0,99,26,91,1.02203
0,99,26,92,0.886947
0,99,26,93,0.886788
0,99,26,94,0.800438
0,99,26,95,0.599428
0,99,26,96,1.0019
0,99,26,97,0.584021
0,99,26,98,0.981315
0,99,26,99,0.50146
0,99,26,100,1.05068
0,99,26,101,0.969851
0,99,26,102,0.911287
0,99,26,103,0.768613
0,99,26,104,0.347724
0,99,26,105,0.757048
0,99,26,106,0.320085
0,99,26,107,0.694843
0,99,26,108,0.200143
0,99,26,109,0.617732
0,99,26,110,0.637408
0,99,26,111,0.693281
0,99,26,112,0.719114
0,99,27,0,0.793196
0,99,27,1,0.398786
0,99,27,2,0.965672
0,99,27,3,0.597066
0,99,27,4,1.02354
0,99,27,5,0.855907
0,99,27,6,0.872374
0,99,27,7,1.01904
0,99,27,8,0.632806
0,99,27,9,0.976755
0,99,27,10,0.46088
0,99,27,11,1.00796
0,99,27,12,0.535169
0,99,27,13,0.873378
0,99,27,14,0.65504
0,99,27,15,0.558023
0,99,27,16,0.603516
0,99,27,17,0.207116
0,99,27,18,0.576215
0,99,27,19,0.0801962
0,99,27,20,0.710379
0,99,27,21,0.377983
0,99,27,22,0.840267
0,99,27,23,0.803388
0,99,27,24,0.680295
0,99,27,25,1.00554
0,99,27,26,0.506739
0,99,27,27,1.0156
0,99,27,28,0.462371
0,99,27,29,1.05269
0,99,27,30,0.715472
0,99,27,31,1.00322
0,99,27,32,1.00998
0,99,27,33,0.677652
0,99,27,34,0.975051
0,99,27,35,0.398963
0,99,27,36,0.829298
0,99,27,37,0.261971
0,99,27,38,0.685708
0,99,27,39,0.390348
0,99,27,40,0.549159
0,99,27,41,0.580539
0,99,27,42,0.325145
0,99,27,43,0.678216
0,99,27,44,0.252002
0,99,27,45,0.815822
0,99,27,46,0.453834
0,99,27,47,0.930807
0,99,27,48,0.786396
0,99,27,49,0.920798
0,99,27,50,1.04523
0,99,27,51,0.653235
0,99,27,52,0.97219
0,99,27,53,0.49721
0,99,27,54,1.01227
0,99,27,55,0.609112
0,99,27,56,0.981526
0,99,27,57,0.761637
0,99,27,58,0.786097
0,99,27,59,0.778329
0,99,27,60,0.358337
0,99,27,61,0.605179
0,99,27,62,0.11926
0,99,27,63,0.585394
0,99,27,64,0.239319
0,99,27,65,0.67578
0,99,27,66,0.552896
0,99,27,67,0.663758
0,99,27,68,0.858252
0,99,27,69,0.53517
0,99,27,70,0.944851
0,99,27,71,0.437813
0,99,27,72,1.04688
0,99,27,73,0.62401
0,99,27,74,1.03436
0,99,27,75,0.924343
0,99,27,76,0.826266
0,99,27,77,1.05418
0,99,27,78,0.542434
0,99,27,79,0.965265
0,99,27,80,0.340955
0,99,27,81,0.878635
0,99,27,82,0.444092
0,99,27,83,0.702757
0,99,27,84,0.591972
0,99,27,85,0.354127
0,99,27,86,0.59369
0,99,27,87,0.145427
0,99,27,88,0.658446
0,99,27,89,0.231957
0,99,27,90,0.838045
0,99,27,91,0.61989
0,99,27,92,0.909015
0,99,27,93,0.993017
0,99,27,94,0.663669
0,99,27,95,1.01128
0,99,27,96,0.479675
0,99,27,97,1.02228
0,99,27,98,0.545135
0,99,27,99,1.00669
0,99,27,100,0.800381
0,99,27,101,0.914858
0,99,27,102,0.99072
0,99,27,103,0.536636
0,99,27,104,0.782722
0,99,27,105,0.249962
0,99,27,106,0.616961
0,99,27,107,0.192547
0,99,27,108,0.604998
0,99,27,109,0.414511
0,99,27,110,0.567533
0,99,27,111,0.695947
0,99,27,112,0.426439
0,99,28,0,0.506923
0,99,28,1,0.882257
0,99,28,2,0.403076
0,99,28,3,0.862539
0,99,28,4,0.910051
0,99,28,5,1.05317
0,99,28,6,1.07451
0,99,28,7,0.582394
0,99,28,8,1.01297
0,99,28,9,0.597239
0,99,28,10,1.05187
0,99,28,11,0.483895
0,99,28,12,0.726538
0,99,28,13,0.682642
0,99,28,14,0.785622
0,99,28,15,0.848097
0,99,28,16,0.197047
0,99,28,17,0.461504
0,99,28,18,0.162648
0,99,28,19,0.706207
0,99,28,20,0.302963
0,99,28,21,0.52582
0,99,28,22,0.641824
0,99,28,23,0.795556
0,99,28,24,1.16359
0,99,28,25,0.537245
0,99,28,26,0.867597
0,99,28,27,0.463885
0,99,28,28,1.08764
0,99,28,29,0.768473
0,99,28,30,0.86377
0,99,28,31,0.91516
0,99,28,32,0.85143
0,99,28,33,1.21485
0,99,28,34,0.552574
0,99,28,35,0.7323
0,99,28,36,0.24161
0,99,28,37,0.731829
0,99,28,38,0.543361
0,99,28,39,0.503437
0,99,28,40,0.423551
0,99,28,41,0.362208
0,99,28,42,0.80623
0,99,28,43,0.369724
0,99,28,44,0.599993
0,99,28,45,0.244628
0,99,28,46,0.835997
0,99,28,47,0.853875
0,99,28,48,0.944583
0,99,28,49,0.955514
0,99,28,50,0.680198
0,99,28,51,1.12008
0,99,28,52,0.686037
0,99,28,53,0.965346
0,99,28,54,0.415318
0,99,28,55,0.892839
0,99,28,56,0.855683
0,99,28,57,0.952777
0,99,28,58,0.874006
0,99,28,59,0.386385
0,99,28,60,0.702487
0,99,28,61,0.312053
0,99,28,62,0.603138
0,99,28,63,0.0723055
0,99,28,64,0.427827
0,99,28,65,0.523185
0,99,28,66,0.734174
0,99,28,67,0.890147
0,99,28,68,0.433333
0,99,28,69,0.865227
0,99,28,70,0.531854
0,99,28,71,1.08311
0,99,28,72,0.579359
0,99,28,73,0.829218
0,99,28,74,0.886609
0,99,28,75,0.978221
0,99,28,76,1.22413
0,99,28,77,0.566202
0,99,28,78,0.892306
0,99,28,79,0.434048
0,99,28,80,0.976467
0,99,28,81,0.506467
0,99,28,82,0.562203
0,99,28,83,0.516427
0,99,28,84,0.538423
0,99,28,85,0.839394
0,99,28,86,0.201013
0,99,28,87,0.425405
0,99,28,88,0.128578
0,99,28,89,0.763257
0,99,28,90,0.636732
0,99,28,91,0.7488
0,99,28,92,0.815019
0,99,28,93,0.779728
0,99,28,94,1.22605
0,99,28,95,0.629513
0,99,28,96,0.88304
0,99,28,97,0.420173
0,99,28,98,1.01087
0,99,28,99,0.902366
0,99,28,100,0.929178
0,99,28,101,0.906991
0,99,28,102,0.643485
0,99,28,103,1.00729
0,99,28,104,0.492113
0,99,28,105,0.623399
0,99,28,106,0.0678501
0,99,28,107,0.479423
0,99,28,108,0.51979
0,99,28,109,0.588848
0,99,28,110,0.557388
0,99,28,111,0.357334
0,99,28,112,0.808672
0,99,29,0,0.988803
0,99,29,1,0.520344
0,99,29,2,0.877495
0,99,29,3,0.824214
0,99,29,4,1.04112
0,99,29,5,1.27167
0,99,29,6,0.843541
0,99,29,7,1.16718
0,99,29,8,0.64352
0,99,29,9,1.12375
0,99,29,10,0.660369
0,99,29,11,0.906661
0,99,29,12,0.724293
0,99,29,13,0.793604
0,99,29,14,1.02702
0,99,29,15,0.549459
0,99,29,16,0.708415
0,99,29,17,0.16493
0,99,29,18,0.664275
0,99,29,19,0.344647
0,99,29,20,0.643247
0,99,29,21,0.564035
0,99,29,22,0.724771
0,99,29,23,1.1347
0,99,29,24,0.7637
0,99,29,25,1.11838
0,99,29,26,0.50992
0,99,29,27,1.05277
0,99,29,28,0.766136
0,99,29,29,1.07032
0,99,29,30,0.981536
0,99,29,31,0.913016
0,99,29,32,1.2841
0,99,29,33,0.778023
0,99,29,34,1.09638
0,99,29,35,0.374138
0,99,29,36,0.77004
0,99,29,37,0.512279
0,99,29,38,0.720585
0,99,29,39,0.627339
0,99,29,40,0.404461
0,99,29,41,0.782673
0,99,29,42,0.409302
0,99,29,43,0.857836
0,99,29,44,0.270954
0,99,29,45,0.748186
0,99,29,46,0.698155
0,99,29,47,0.997779
0,99,29,48,1.11529
0,99,29,49,0.839144
0,99,29,50,1.22897
0,99,29,51,0.723981
0,99,29,52,1.1867
0,99,29,53,0.600001
0,99,29,54,0.939425
0,99,29,55,0.823555
0,99,29,56,0.986935
0,99,29,57,1.12855
0,99,29,58,0.682848
0,99,29,59,0.900533
0,99,29,60,0.35061
0,99,29,61,0.781827
0,99,29,62,0.263752
0,99,29,63,0.481244
0,99,29,64,0.407595
0,99,29,65,0.637354
0,99,29,66,0.940326
0,99,29,67,0.637513
0,99,29,68,0.971483
0,99,29,69,0.515181
0,99,29,70,1.07095
0,99,29,71,0.689265
0,99,29,72,0.992162
0,99,29,73,0.872928
0,99,29,74,0.983596
0,99,29,75,1.30273
0,99,29,76,0.878042
0,99,29,77,1.16009
0,99,29,78,0.519221
0,99,29,79,0.995628
0,99,29,80,0.610318
0,99,29,81,0.820914
0,99,29,82,0.625757
0,99,29,83,0.563541
0,99,29,84,0.886403
0,99,29,85,0.443699
0,99,29,86,0.718123
0,99,29,87,0.117309
0,99,29,88,0.643074
0,99,29,89,0.505886
0,99,29,90,0.864021
0,99,29,91,0.857788
0,99,29,92,0.801257
0,99,29,93,1.24315
0,99,29,94,0.780667
0,99,29,95,1.17754
0,99,29,96,0.517005
0,99,29,97,0.993986
0,99,29,98,0.818708
0,99,29,99,1.07451
0,99,29,100,1.0933
0,99,29,101,0.801383
0,99,29,102,1.15174
0,99,29,103,0.59684
0,99,29,104,0.971184
0,99,29,105,0.282895
0,99,29,106,0.532753
0,99,29,107,0.388097
0,99,29,108,0.631834
0,99,29,109,0.73551
0,99,29,110,0.449657
0,99,29,111,0.844604
0,99,29,112,0.454491
0,99,30,0,0.395227
0,99,30,1,0.881233
0,99,30,2,0.875508
0,99,30,3,1.01768
0,99,30,4,1.11386
0,99,30,5,0.841444
0,99,30,6,1.33445
0,99,30,7,0.889164
0,99,30,8,1.18116
0,99,30,9,0.568515
0,99,30,10,0.882792
0,99,30,11,0.909427
0,99,30,12,0.9023
0,99,30,13,0.991184
0,99,30,14,0.559788
0,99,30,15,0.953971
0,99,30,16,0.44942
0,99,30,17,0.745643
0,99,30,18,0.262647
0,99,30,19,0.475211
0,99,30,20,0.642148
0,99,30,21,0.736448
0,99,30,22,1.07065
0,99,30,23,0.677299
0,99,30,24,1.08158
0,99,30,25,0.750573
0,99,30,26,1.12897
0,99,30,27,0.717595
0,99,30,28,0.863736
0,99,30,29,0.983903
0,99,30,30,1.06054
0,99,30,31,1.37593
0,99,30,32,0.846711
0,99,30,33,1.05407
0,99,30,34,0.646504
0,99,30,35,0.964485
0,99,30,36,0.590628
0,99,30,37,0.610636
0,99,30,38,0.625351
0,99,30,39,0.592283
0,99,30,40,0.920847
0,99,30,41,0.483945
0,99,30,42,0.743779
0,99,30,43,0.350344
0,99,30,44,0.802034
0,99,30,45,0.667743
0,99,30,46,0.824307
0,99,30,47,0.90461
0,99,30,48,0.915269
0,99,30,49,1.37943
0,99,30,50,0.927129
0,99,30,51,1.13624
0,99,30,52,0.589993
0,99,30,53,1.03567
0,99,30,54,0.897719
0,99,30,55,0.999067
0,99,30,56,0.991396
0,99,30,57,0.757411
0,99,30,58,1.18914
0,99,30,59,0.635096
0,99,30,60,0.834773
0,99,30,61,0.227341
0,99,30,62,0.559323
0,99,30,63,0.512979
0,99,30,64,0.619794
0,99,30,65,0.784081
0,99,30,66,0.509088
0,99,30,67,1.07991
0,99,30,68,0.707945
0,99,30,69,1.08537
0,99,30,70,0.556011
0,99,30,71,0.862972
0,99,30,72,0.980605
0,99,30,73,1.04842
0,99,30,74,1.27395
0,99,30,75,0.812844
0,99,30,76,1.23666
0,99,30,77,0.829448
0,99,30,78,1.12754
0,99,30,79,0.594529
0,99,30,80,0.703271
0,99,30,81,0.772807
0,99,30,82,0.753482
0,99,30,83,0.97239
0,99,30,84,0.479839
0,99,30,85,0.750767
0,99,30,86,0.356076
0,99,30,87,0.725548
0,99,30,88,0.426298
0,99,30,89,0.596128
0,99,30,90,0.769924
0,99,30,91,0.88595
0,99,30,92,1.28148
0,99,30,93,0.848439
0,99,30,94,1.08209
0,99,30,95,0.694119
0,99,30,96,1.11039
0,99,30,97,0.853085
0,99,30,98,0.943926
0,99,30,99,0.952463
0,99,30,100,0.964632
0,99,30,101,1.33397
0,99,30,102,0.817782
0,99,30,103,0.940068
0,99,30,104,0.388695
0,99,30,105,0.754438
0,99,30,106,0.501869
0,99,30,107,0.551994
0,99,30,108,0.628277
0,99,30,109,0.509421
0,99,30,110,0.98003
0,99,30,111,0.595872
0,99,30,112,0.890922
0,99,31,0,0.787077
0,99,31,1,0.807817
0,99,31,2,0.998293
0,99,31,3,1.26657
0,99,31,4,0.94403
0,99,31,5,1.24664
0,99,31,6,0.99262
0,99,31,7,1.34012
0,99,31,8,0.900009
0,99,31,9,0.91292
0,99,31,10,0.84021
0,99,31,11,0.973725
0,99,31,12,1.21489
0,99,31,13,0.829863
0,99,31,14,1.01478
0,99,31,15,0.64678
0,99,31,16,0.938745
0,99,31,17,0.54082
0,99,31,18,0.60497
0,99,31,19,0.509005
0,99,31,20,0.677728
0,99,31,21,1.07154
0,99,31,22,0.874533
0,99,31,23,1.14265
0,99,31,24,0.776373
0,99,31,25,1.19664
0,99,31,26,0.929712
0,99,31,27,1.00376
0,99,31,28,0.913119
0,99,31,29,0.913456
0,99,31,30,1.37444
0,99,31,31,1.10579
0,99,31,32,1.30406
0,99,31,33,0.755224
0,99,31,34,1.06765
0,99,31,35,0.806236
0,99,31,36,0.856485
0,99,31,37,0.771255
0,99,31,38,0.572297
0,99,31,39,0.983788
0,99,31,40,0.685189
0,99,31,41,0.979215
0,99,31,42,0.466044
0,99,31,43,0.765668
0,99,31,44,0.682401
0,99,31,45,0.894306
0,99,31,46,1.02966
0,99,31,47,0.805102
0,99,31,48,1.29247
0,99,31,49,1.07727
0,99,31,50,1.38344
0,99,31,51,0.831708
0,99,31,52,0.957151
0,99,31,53,0.9005
0,99,31,54,1.03749
0,99,31,55,1.21879
0,99,31,56,0.849231
0,99,31,57,1.17743
0,99,31,58,0.892333
0,99,31,59,1.14149
0,99,31,60,0.595382
0,99,31,61,0.60954
0,99,31,62,0.509539
0,99,31,63,0.639788
0,99,31,64,0.910677
0,99,31,65,0.645977
0,99,31,66,0.949834
0,99,31,67,0.786724
0,99,31,68,1.19348
0,99,31,69,0.854343
0,99,31,70,0.90711
0,99,31,71,0.842368
0,99,31,72,0.994395
0,99,31,73,1.33309
0,99,31,74,1.03518
0,99,31,75,1.24069
0,99,31,76,0.886938
0,99,31,77,1.26638
0,99,31,78,0.913397
0,99,31,79,0.910761
0,99,31,80,0.764122
0,99,31,81,0.770744
0,99,31,82,1.10222
0,99,31,83,0.764332
0,99,31,84,0.963956
0,99,31,85,0.459951
0,99,31,86,0.809827
0,99,31,87,0.561815
0,99,31,88,0.710072
0,99,31,89,0.719757
0,99,31,90,0.729392
0,99,31,91,1.253
0,99,31,92,1.04281
0,99,31,93,1.32099
0,99,31,94,0.769921
0,99,31,95,1.08371
0,99,31,96,0.918366
0,99,31,97,1.05333
0,99,31,98,1.0684
0,99,31,99,0.850214
0,99,31,100,1.32652
0,99,31,101,1.05085
0,99,31,102,1.30884
0,99,31,103,0.67998
0,99,31,104,0.801527
0,99,31,105,0.649198
0,99,31,106,0.719867
0,99,31,107,0.783992
0,99,31,108,0.516754
0,99,31,109,0.915299
0,99,31,110,0.710264
0,99,31,111,1.10631
0,99,31,112,0.652264
0,99,32,0,0.87808
0,99,32,1,0.854517
0,99,32,2,1.09006
0,99,32,3,0.849499
0,99,32,4,1.35663
0,99,32,5,0.987696
0,99,32,6,1.25102
0,99,32,7,0.889832
0,99,32,8,1.01109
0,99,32,9,0.974642
0,99,32,10,0.880963
0,99,32,11,1.15138
0,99,32,12,0.761545
0,99,32,13,1.22591
0,99,32,14,0.82536
0,99,32,15,1.06031
0,99,32,16,0.593847
0,99,32,17,0.659701
0,99,32,18,0.678344
0,99,32,19,0.580457
0,99,32,20,0.973142
0,99,32,21,0.631466
0,99,32,22,1.20578
0,99,32,23,0.92693
0,99,32,24,1.19951
0,99,32,25,0.957447
0,99,32,26,0.897362
0,99,32,27,1.01131
0,99,32,28,0.850354
0,99,32,29,1.285
0,99,32,30,0.845656
0,99,32,31,1.30391
0,99,32,32,1.00586
0,99,32,33,1.16384
0,99,32,34,0.958562
0,99,32,35,0.804079
0,99,32,36,0.887295
0,99,32,37,0.672248
0,99,32,38,1.05075
0,99,32,39,0.617965
0,99,32,40,0.947045
0,99,32,41,0.636908
0,99,32,42,0.872605
0,99,32,43,0.758645
0,99,32,44,0.69844
0,99,32,45,0.915044
0,99,32,46,0.808852
0,99,32,47,1.29688
0,99,32,48,0.974569
0,99,32,49,1.27961
0,99,32,50,0.955815
0,99,32,51,1.08153
0,99,32,52,0.959614
0,99,32,53,0.868119
0,99,32,54,1.05248
0,99,32,55,0.852136
0,99,32,56,1.31745
0,99,32,57,0.942047
0,99,32,58,1.2027
0,99,32,59,0.743537
0,99,32,60,0.839698
0,99,32,61,0.7067
0,99,32,62,0.605763
0,99,32,63,0.767405
0,99,32,64,0.526213
0,99,32,65,1.06566
0,99,32,66,0.764064
0,99,32,67,1.14606
0,99,32,68,0.829129
0,99,32,69,0.97119
0,99,32,70,0.992542
0,99,32,71,0.883913
0,99,32,72,1.21601
0,99,32,73,0.806005
0,99,32,74,1.32598
0,99,32,75,0.979722
0,99,32,76,1.2565
0,99,32,77,0.937572
0,99,32,78,0.922859
0,99,32,79,0.983363
0,99,32,80,0.789284
0,99,32,81,1.14508
0,99,32,82,0.669296
0,99,32,83,1.0735
0,99,32,84,0.708173
0,99,32,85,0.906427
0,99,32,86,0.62553
0,99,32,87,0.592707
0,99,32,88,0.752445
0,99,32,89,0.678613
0,99,32,90,1.17934
0,99,32,91,0.83539
0,99,32,92,1.2702
0,99,32,93,1.0042
0,99,32,94,1.16158
0,99,32,95,0.989583
0,99,32,96,0.837092
0,99,32,97,1.01187
0,99,32,98,0.851915
0,99,32,99,1.30414
0,99,32,100,0.950099
0,99,32,101,1.26427
0,99,32,102,0.93469
0,99,32,103,1.03354
0,99,32,104,0.845212
0,99,32,105,0.696039
0,99,32,106,0.738202
0,99,32,107,0.538833
0,99,32,108,1.00905
0,99,32,109,0.65724
0,99,32,110,0.995798
0,99,32,111,0.693142
0,99,32,112,0.923689
0,99,33,0,0.928111
0,99,33,1,1.00112
0,99,33,2,0.587288
0,99,33,3,1.09579
0,99,33,4,0.883635
0,99,33,5,1.3555
0,99,33,6,0.854464
0,99,33,7,0.826369
0,99,33,8,0.852945
0,99,33,9,0.872266
0,99,33,10,1.14292
0,99,33,11,0.622724
0,99,33,12,1.03726
0,99,33,13,0.743885
0,99,33,14,1.244
0,99,33,15,0.822701
0,99,33,16,0.642128
0,99,33,17,0.523052
0,99,33,18,0.559639
0,99,33,19,0.97822
0,99,33,20,0.526491
0,99,33,21,0.904863
0,99,33,22,0.692375
0,99,33,23,1.22349
0,99,33,24,1.12085
0,99,33,25,0.87316
0,99,33,26,0.802457
0,99,33,27,0.67769
0,99,33,28,1.21361
0,99,33,29,0.778765
0,99,33,30,1.05298
0,99,33,31,0.755835
0,99,33,32,1.16385
0,99,33,33,1.13976
0,99,33,34,0.902621
0,99,33,35,0.763013
0,99,33,36,0.558511
0,99,33,37,1.04153
0,99,33,38,0.746258
0,99,33,39,0.921304
0,99,33,40,0.454106
0,99,33,41,0.819593
0,99,33,42,0.837552
0,99,33,43,0.803045
0,99,33,44,0.710838
0,99,33,45,0.539109
0,99,33,46,1.1232
0,99,33,47,0.968347
0,99,33,48,1.25783
0,99,33,49,0.794151
0,99,33,50,0.951145
0,99,33,51,0.961583
0,99,33,52,0.958234
0,99,33,53,0.920084
0,99,33,54,0.529609
0,99,33,55,1.09265
0,99,33,56,0.891939
0,99,33,57,1.34179
0,99,33,58,0.802289
0,99,33,59,0.814022
0,99,33,60,0.728837
0,99,33,61,0.747872
0,99,33,62,0.794053
0,99,33,63,0.347317
0,99,33,64,0.804981
0,99,33,65,0.644347
0,99,33,66,1.20135
0,99,33,67,0.859968
0,99,33,68,0.83794
0,99,33,69,0.850004
0,99,33,70,0.8626
0,99,33,71,1.21045
0,99,33,72,0.647758
0,99,33,73,1.01893
0,99,33,74,0.751128
0,99,33,75,1.26848
0,99,33,76,1.03042
0,99,33,77,0.834852
0,99,33,78,0.820556
0,99,33,79,0.730976
0,99,33,80,1.21333
0,99,33,81,0.686758
0,99,33,82,0.939629
0,99,33,83,0.571183
0,99,33,84,1.00214
0,99,33,85,0.866117
0,99,33,86,0.636059
0,99,33,87,0.508068
0,99,33,88,0.4813
0,99,33,89,1.06261
0,99,33,90,0.819821
0,99,33,91,1.10428
0,99,33,92,0.764337
0,99,33,93,1.12786
0,99,33,94,1.13464
0,99,33,95,0.906557
0,99,33,96,0.786872
0,99,33,97,0.552692
0,99,33,98,1.13829
0,99,33,99,0.93452
0,99,33,100,1.19702
0,99,33,101,0.775999
0,99,33,102,1.0139
0,99,33,103,0.999768
0,99,33,104,0.920517
0,99,33,105,0.743748
0,99,33,106,0.382489
0,99,33,107,0.829424
0,99,33,108,0.685322
0,99,33,109,1.02743
0,99,33,110,0.560765
0,99,33,111,0.806023
0,99,33,112,0.836185
0,99,34,0,0.969533
0,99,34,1,0.640857
0,99,34,2,1.08168
0,99,34,3,0.658668
0,99,34,4,1.14512
0,99,34,5,0.829698
0,99,34,6,0.93947
0,99,34,7,0.863144
0,99,34,8,0.699019
0,99,34,9,0.957069
0,99,34,10,0.617546
0,99,34,11,1.11013
0,99,34,12,0.665125
0,99,34,13,1.13985
0,99,34,14,0.847417
0,99,34,15,0.904385
0,99,34,16,0.776643
0,99,34,17,0.534194
0,99,34,18,0.815547
0,99,34,19,0.429175
0,99,34,20,1.00143
0,99,34,21,0.599085
0,99,34,22,1.12957
0,99,34,23,0.944681
0,99,34,24,0.96804
0,99,34,25,1.00213
0,99,34,26,0.622355
0,99,34,27,0.974394
0,99,34,28,0.55038
0,99,34,29,1.09571
0,99,34,30,0.644041
0,99,34,31,1.06643
0,99,34,32,0.956538
0,99,34,33,0.901623
0,99,34,34,1.01884
0,99,34,35,0.619802
0,99,34,36,1.00535
0,99,34,37,0.550394
0,99,34,38,1.02844
0,99,34,39,0.616693
0,99,34,40,0.878123
0,99,34,41,0.766463
0,99,34,42,0.702882
0,99,34,43,0.885148
0,99,34,44,0.542517
0,99,34,45,1.00905
0,99,34,46,0.653088
0,99,34,47,1.16894
0,99,34,48,0.840125
0,99,34,49,1.02843
0,99,34,50,0.922584
0,99,34,51,0.753122
0,99,34,52,0.906242
0,99,34,53,0.551553
0,99,34,54,0.990498
0,99,34,55,0.651757
0,99,34,56,1.17045
0,99,34,57,0.883359
0,99,34,58,1.03985
0,99,34,59,0.894308
0,99,34,60,0.682868
0,99,34,61,0.835775
0,99,34,62,0.456968
0,99,34,63,0.865884
0,99,34,64,0.495197
0,99,34,65,1.01288
0,99,34,66,0.779428
0,99,34,67,0.977083
0,99,34,68,0.954919
0,99,34,69,0.760871
0,99,34,70,1.02557
0,99,34,71,0.609025
0,99,34,72,1.08598
0,99,34,73,0.590556
0,99,34,74,1.07533
0,99,34,75,0.852695
0,99,34,76,0.94222
0,99,34,77,0.946609
0,99,34,78,0.673027
0,99,34,79,1.03414
0,99,34,80,0.599694
0,99,34,81,1.1328
0,99,34,82,0.647239
0,99,34,83,1.01947
0,99,34,84,0.794159
0,99,34,85,0.739927
0,99,34,86,0.779458
0,99,34,87,0.461224
0,99,34,88,0.888841
0,99,34,89,0.537904
0,99,34,90,1.13572
0,99,34,91,0.761439
0,99,34,92,1.10538
0,99,34,93,0.98642
0,99,34,94,0.866655
0,99,34,95,0.95608
0,99,34,96,0.523894
0,99,34,97,0.94995
0,99,34,98,0.572656
0,99,34,99,1.11341
0,99,34,100,0.79911
0,99,34,101,1.06
0,99,34,102,1.00513
0,99,34,103,0.834161
0,99,34,104,0.95806
0,99,34,105,0.542707
0,99,34,106,0.865798
0,99,34,107,0.467865
0,99,34,108,0.966539
0,99,34,109,0.659189
0,99,34,110,0.894335
0,99,34,111,0.851069
0,99,34,112,0.748897
0,99,35,0,0.396718
0,99,35,1,0.942227
0,99,35,2,0.559657
0,99,35,3,1.06732
0,99,35,4,0.537227
0,99,35,5,0.757051
0,99,35,6,0.783998
0,99,35,7,0.711269
0,99,35,8,0.831913
0,99,35,9,0.346456
0,99,35,10,0.827392
0,99,35,11,0.55415
0,99,35,12,1.12982
0,99,35,13,0.682579
0,99,35,14,0.763669
0,99,35,15,0.837433
0,99,35,16,0.657571
0,99,35,17,0.870444
0,99,35,18,0.286731
0,99,35,19,0.69489
0,99,35,20,0.444614
0,99,35,21,1.07069
0,99,35,22,0.797911
0,99,35,23,0.818778
0,99,35,24,0.853994
0,99,35,25,0.692768
0,99,35,26,0.959767
0,99,35,27,0.398803
0,99,35,28,0.730356
0,99,35,29,0.374216
0,99,35,30,0.963307
0,99,35,31,0.806183
0,99,35,32,0.803843
0,99,35,33,0.762172
0,99,35,34,0.620498
0,99,35,35,1.02854
0,99,35,36,0.516504
0,99,35,37,0.874908
0,99,35,38,0.381226
0,99,35,39,0.912484
0,99,35,40,0.779719
0,99,35,41,0.728383
0,99,35,42,0.713818
0,99,35,43,0.428484
0,99,35,44,0.962801
0,99,35,45,0.553699
0,99,35,46,1.00515
0,99,35,47,0.478015
0,99,35,48,0.944219
0,99,35,49,0.885663
0,99,35,50,0.790319
0,99,35,51,0.730836
0,99,35,52,0.342706
0,99,35,53,0.811527
0,99,35,54,0.465965
0,99,35,55,1.0183
0,99,35,56,0.533437
0,99,35,57,0.890654
0,99,35,58,0.966402
0,99,35,59,0.82629
0,99,35,60,0.87865
0,99,35,61,0.275844
0,99,35,62,0.75921
0,99,35,63,0.411201
0,99,35,64,1.00237
0,99,35,65,0.547991
0,99,35,66,0.722684
0,99,35,67,0.918282
0,99,35,68,0.824147
0,99,35,69,1.03032
0,99,35,70,0.417009
0,99,35,71,0.800172
0,99,35,72,0.462845
0,99,35,73,0.987276
0,99,35,74,0.611935
0,99,35,75,0.698705
0,99,35,76,0.739282
0,99,35,77,0.684111
0,99,35,78,0.998656
0,99,35,79,0.448122
0,99,35,80,0.83253
0,99,35,81,0.50122
0,99,35,82,1.0699
0,99,35,83,0.778673
0,99,35,84,0.721225
0,99,35,85,0.685445
0,99,35,86,0.50032
0,99,35,87,0.891716
0,99,35,88,0.39964
0,99,35,89,0.823234
0,99,35,90,0.471474
0,99,35,91,1.08955
0,99,35,92,0.915787
0,99,35,93,0.847482
0,99,35,94,0.7381
0,99,35,95,0.498559
0,99,35,96,0.855126
0,99,35,97,0.423462
0,99,35,98,0.828287
0,99,35,99,0.39427
0,99,35,100,0.959916
0,99,35,101,0.932452
0,99,35,102,0.893975
0,99,35,103,0.850515
0,99,35,104,0.442167
0,99,35,105,0.92551
0,99,35,106,0.460117
0,99,35,107,0.88993
0,99,35,108,0.379044
0,99,35,109,0.783585
0,99,35,110,0.854269
0,99,35,111,0.821373
0,99,35,112,0.886824
0,99,36,0,0.892242
0,99,36,1,0.459444
0,99,36,2,1.00743
0,99,36,3,0.566741
0,99,36,4,0.812117
0,99,36,5,0.629863
0,99,36,6,0.666005
0,99,36,7,0.883905
0,99,36,8,0.441535
0,99,36,9,0.756347
0,99,36,10,0.345398
0,99,36,11,1.01172
0,99,36,12,0.688456
0,99,36,13,0.988782
0,99,36,14,0.837143
0,99,36,15,0.74143
0,99,36,16,1.02089
0,99,36,17,0.493892
0,99,36,18,0.861727
0,99,36,19,0.276845
0,99,36,20,0.983619
0,99,36,21,0.712615
0,99,36,22,1.03456
0,99,36,23,0.921483
0,99,36,24,0.662876
0,99,36,25,1.02184
0,99,36,26,0.440867
0,99,36,27,0.826825
0,99,36,28,0.238334
0,99,36,29,0.768058
0,99,36,30,0.586586
0,99,36,31,0.854481
0,99,36,32,0.883505
0,99,36,33,0.556789
0,99,36,34,1.00326
0,99,36,35,0.514856
0,99,36,36,1.04835
0,99,36,37,0.451968
0,99,36,38,0.876064
0,99,36,39,0.743741
0,99,36,40,0.87592
0,99,36,41,0.965206
0,99,36,42,0.501536
0,99,36,43,0.920885
0,99,36,44,0.485802
0,99,36,45,1.05726
0,99,36,46,0.543538
0,99,36,47,0.864516
0,99,36,48,0.736876
0,99,36,49,0.81418
0,99,36,50,0.917632
0,99,36,51,0.413706
0,99,36,52,0.679477
0,99,36,53,0.316389
0,99,36,54,0.887875
0,99,36,55,0.547748
0,99,36,56,0.875372
0,99,36,57,0.801076
0,99,36,58,0.90459
0,99,36,59,1.10189
0,99,36,60,0.560647
0,99,36,61,0.830581
0,99,36,62,0.343774
0,99,36,63,0.954677
0,99,36,64,0.598931
0,99,36,65,0.901176
0,99,36,66,0.778747
0,99,36,67,0.82347
0,99,36,68,1.11289
0,99,36,69,0.587948
0,99,36,70,0.876903
0,99,36,71,0.306204
0,99,36,72,0.885282
0,99,36,73,0.527871
0,99,36,74,0.799345
0,99,36,75,0.670907
0,99,36,76,0.585507
0,99,36,77,0.960694
0,99,36,78,0.50286
0,99,36,79,0.946368
0,99,36,80,0.379486
0,99,36,81,1.01447
0,99,36,82,0.754655
0,99,36,83,0.976731
0,99,36,84,0.897119
0,99,36,85,0.534046
0,99,36,86,0.95299
0,99,36,87,0.447058
0,99,36,88,0.97252
0,99,36,89,0.403658
0,99,36,90,0.951131
0,99,36,91,0.800432
0,99,36,92,0.956853
0,99,36,93,0.958418
0,99,36,94,0.493342
0,99,36,95,0.814231
0,99,36,96,0.319921
0,99,36,97,0.828595
0,99,36,98,0.338623
0,99,36,99,0.750573
0,99,36,100,0.726941
0,99,36,101,0.894143
0,99,36,102,1.08981
0,99,36,103,0.580639
0,99,36,104,0.927069
0,99,36,105,0.472787
0,99,36,106,0.986923
0,99,36,107,0.497734
0,99,36,108,0.815456
0,99,36,109,0.714051
0,99,36,110,0.856472
0,99,36,111,1.08705
0,99,36,112,0.584627
0,99,37,0,0.56961
0,99,37,1,0.937883
0,99,37,2,0.39785
0,99,37,3,0.737876
0,99,37,4,0.719837
0,99,37,5,0.706842
0,99,37,6,0.827934
0,99,37,7,0.333626
0,99,37,8,0.777733
0,99,37,9,0.375938
0,99,37,10,0.865417
0,99,37,11,0.502115
0,99,37,12,0.824827
0,99,37,13,0.917716
0,99,37,14,0.907996
0,99,37,15,1.18315
0,99,37,16,0.536829
0,99,37,17,0.914126
0,99,37,18,0.474821
0,99,37,19,0.958317
0,99,37,20,0.665604
0,99,37,21,0.848434
0,99,37,22,0.959091
0,99,37,23,0.849606
0,99,37,24,1.14128
0,99,37,25,0.462195
0,99,37,26,0.728319
0,99,37,27,0.261567
0,99,37,28,0.729355
0,99,37,29,0.512201
0,99,37,30,0.608815
0,99,37,31,0.770951
0,99,37,32,0.671136
0,99,37,33,1.04007
0,99,37,34,0.550326
0,99,37,35,0.873856
0,99,37,36,0.453241
0,99,37,37,0.977146
0,99,37,38,0.830494
0,99,37,39,0.873334
0,99,37,40,0.923693
0,99,37,41,0.707509
0,99,37,42,1.11736
0,99,37,43,0.599534
0,99,37,44,0.91881
0,99,37,45,0.444889
0,99,37,46,0.908346
0,99,37,47,0.789019
0,99,37,48,0.800059
0,99,37,49,0.831971
0,99,37,50,0.445265
0,99,37,51,0.820249
0,99,37,52,0.362805
0,99,37,53,0.701996
0,99,37,54,0.259283
0,99,37,55,0.76346
0,99,37,56,0.806586
0,99,37,57,0.91522
0,99,37,58,1.09128
0,99,37,59,0.605823
0,99,37,60,1.04787
0,99,37,61,0.534716
0,99,37,62,0.952081
0,99,37,63,0.487546
0,99,37,64,0.844474
0,99,37,65,0.911313
0,99,37,66,0.905301
0,99,37,67,1.16342
0,99,37,68,0.559335
0,99,37,69,0.946478
0,99,37,70,0.440048
0,99,37,71,0.840685
0,99,37,72,0.421135
0,99,37,73,0.588744
0,99,37,74,0.666072
0,99,37,75,0.639612
0,99,37,76,0.939053
0,99,37,77,0.393284
0,99,37,78,0.825211
0,99,37,79,0.430106
0,99,37,80,0.964597
0,99,37,81,0.725656
0,99,37,82,0.85482
0,99,37,83,0.957273
0,99,37,84,0.825555
0,99,37,85,1.1435
0,99,37,86,0.53313
0,99,37,87,0.851943
0,99,37,88,0.453651
0,99,37,89,0.974526
0,99,37,90,0.812296
0,99,37,91,0.858478
0,99,37,92,0.890304
0,99,37,93,0.658435
0,99,37,94,0.971162
0,99,37,95,0.40035
0,99,37,96,0.630709
0,99,37,97,0.197817
0,99,37,98,0.713257
0,99,37,99,0.64782
0,99,37,100,0.768097
0,99,37,101,0.90774
0,99,37,102,0.655587
0,99,37,103,1.10609
0,99,37,104,0.614804
0,99,37,105,0.944984
0,99,37,106,0.435996
0,99,37,107,0.880941
0,99,37,108,0.859389
0,99,37,109,0.897641
0,99,37,110,1.0248
0,99,37,111,0.649502
0,99,37,112,1.08024
0,99,38,0,1.17924
0,99,38,1,0.52932
0,99,38,2,0.687856
0,99,38,3,0.593782
0,99,38,4,0.754993
0,99,38,5,1.02171
0,99,38,6,0.46264
0,99,38,7,0.750552
0,99,38,8,0.305446
0,99,38,9,0.899043
0,99,38,10,0.562742
0,99,38,11,0.752465
0,99,38,12,0.749265
0,99,38,13,0.902332
0,99,38,14,1.34452
0,99,38,15,0.845892
0,99,38,16,1.03572
0,99,38,17,0.479518
0,99,38,18,1.032
0,99,38,19,0.799568
0,99,38,20,0.939353
0,99,38,21,0.829424
0,99,38,22,0.857011
0,99,38,23,1.25671
0,99,38,24,0.798829
0,99,38,25,0.90708
0,99,38,26,0.220873
0,99,38,27,0.683481
0,99,38,28,0.538685
0,99,38,29,0.718177
0,99,38,30,0.620839
0,99,38,31,0.569498
0,99,38,32,1.04756
0,99,38,33,0.742926
0,99,38,34,1.02652
0,99,38,35,0.378043
0,99,38,36,0.875199
0,99,38,37,0.827606
0,99,38,38,1.1189
0,99,38,39,1.01617
0,99,38,40,0.733536
0,99,38,41,1.15857
0,99,38,42,0.79952
0,99,38,43,1.18735
0,99,38,44,0.457486
0,99,38,45,0.819625
0,99,38,46,0.729954
0,99,38,47,0.986788
0,99,38,48,0.946217
0,99,38,49,0.510195
0,99,38,50,0.838149
0,99,38,51,0.405234
0,99,38,52,0.902951
0,99,38,53,0.28258
0,99,38,54,0.584337
0,99,38,55,0.616605
0,99,38,56,0.907584
0,99,38,57,1.21059
0,99,38,58,0.732613
0,99,38,59,1.06152
0,99,38,60,0.604453
0,99,38,61,1.17707
0,99,38,62,0.651787
0,99,38,63,0.823771
0,99,38,64,0.782132
0,99,38,65,0.971074
0,99,38,66,1.34181
0,99,38,67,0.80383
0,99,38,68,1.00388
0,99,38,69,0.426829
0,99,38,70,0.951439
0,99,38,71,0.569962
0,99,38,72,0.638823
0,99,38,73,0.52163
0,99,38,74,0.573907
0,99,38,75,1.01463
0,99,38,76,0.605643
0,99,38,77,0.833303
0,99,38,78,0.323
0,99,38,79,0.8964
0,99,38,80,0.781111
0,99,38,81,0.968694
0,99,38,82,0.87112
0,99,38,83,0.839627
0,99,38,84,1.27901
0,99,38,85,0.878619
0,99,38,86,1.06668
0,99,38,87,0.404421
0,99,38,88,0.917903
0,99,38,89,0.825141
0,99,38,90,1.06191
0,99,38,91,0.891804
0,99,38,92,0.65556
0,99,38,93,1.03332
0,99,38,94,0.637976
0,99,38,95,0.862195
0,99,38,96,0.144303
0,99,38,97,0.568381
0,99,38,98,0.525179
0,99,38,99,0.860695
0,99,38,100,0.878323
0,99,38,101,0.611621
0,99,38,102,1.0733
0,99,38,103,0.726064
0,99,38,104,1.21793
0,99,38,105,0.513624
0,99,38,106,0.825267
0,99,38,107,0.77715
0,99,38,108,1.06503
0,99,38,109,1.17089
0,99,38,110,0.7417
0,99,38,111,1.11199
0,99,38,112,0.651899
0,99,39,0,0.561469
0,99,39,1,0.825779
0,99,39,2,0.686785
0,99,39,3,0.693556
0,99,39,4,0.821568
0,99,39,5,0.49459
0,99,39,6,0.888371
0,99,39,7,0.436713
0,99,39,8,0.777665
0,99,39,9,0.370853
0,99,39,10,0.689451
0,99,39,11,0.785005
0,99,39,12,0.840287
0,99,39,13,1.13962
0,99,39,14,0.803694
0,99,39,15,1.24515
0,99,39,16,0.764549
0,99,39,17,1.05271
0,99,39,18,0.674065
0,99,39,19,0.828212
0,99,39,20,0.976214
0,99,39,21,0.906414
0,99,39,22,1.23208
0,99,39,23,0.75676
0,99,39,24,1.04286
0,99,39,25,0.545756
0,99,39,26,0.7421
0,99,39,27,0.389173
0,99,39,28,0.500782
0,99,39,29,0.626488
0,99,39,30,0.58946
0,99,39,31,0.982792
0,99,39,32,0.615528
0,99,39,33,0.9198
0,99,39,34,0.615636
0,99,39,35,0.910792
0,99,39,36,0.744449
0,99,39,37,0.872061
0,99,39,38,1.01781
0,99,39,39,0.928261
0,99,39,40,1.25003
0,99,39,41,0.850651
0,99,39,42,1.09934
0,99,39,43,0.683987
0,99,39,44,0.946753
0,99,39,45,0.742831
0,99,39,46,0.792261
0,99,39,47,0.848324
0,99,39,48,0.678173
0,99,39,49,0.994173
0,99,39,50,0.512927
0,99,39,51,0.746791
0,99,39,52,0.291026
0,99,39,53,0.621826
0,99,39,54,0.538788
0,99,39,55,0.719079
0,99,39,56,0.918262
0,99,39,57,0.771197
0,99,39,58,1.23354
0,99,39,59,0.777192
0,99,39,60,1.09068
0,99,39,61,0.62086
0,99,39,62,0.911693
0,99,39,63,0.887172
0,99,39,64,0.927964
0,99,39,65,1.16041
0,99,39,66,0.811538
0,99,39,67,1.22957
0,99,39,68,0.704347
0,99,39,69,0.965652
0,99,39,70,0.463814
0,99,39,71,0.619138
0,99,39,72,0.63833
0,99,39,73,0.566148
0,99,39,74,0.843579
0,99,39,75,0.465561
0,99,39,76,0.890408
0,99,39,77,0.510493
0,99,39,78,0.856586
0,99,39,79,0.565869
0,99,39,80,0.757327
0,99,39,81,0.964513
0,99,39,82,0.923035
0,99,39,83,1.27846
0,99,39,84,0.857607
0,99,39,85,1.13081
0,99,39,86,0.71853
0,99,39,87,0.969241
0,99,39,88,0.743241
0,99,39,89,0.837387
0,99,39,90,0.966003
0,99,39,91,0.837077
0,99,39,92,1.10235
0,99,39,93,0.629263
0,99,39,94,0.832246
0,99,39,95,0.399142
0,99,39,96,0.628794
0,99,39,97,0.433057
0,99,39,98,0.559922
0,99,39,99,0.689886
0,99,39,100,0.689803
0,99,39,101,1.09835
0,99,39,102,0.750381
0,99,39,103,1.03648
0,99,39,104,0.638095
0,99,39,105,0.954428
0,99,39,106,0.807891
0,99,39,107,0.905536
0,99,39,108,1.06523
0,99,39,109,0.887639
0,99,39,110,1.27964
0,99,39,111,0.825213
0,99,39,112,1.07752
0,99,40,0,0.733464
0,99,40,1,0.651966
0,99,40,2,0.714648
0,99,40,3,0.927358
0,99,40,4,0.468513
0,99,40,5,0.76512
0,99,40,6,0.468483
0,99,40,7,0.883735
0,99,40,8,0.450561
0,99,40,9,0.53691
0,99,40,10,0.524574
0,99,40,11,0.730066
0,99,40,12,1.16115
0,99,40,13,0.803978
0,99,40,14,1.07931
0,99,40,15,0.809518
0,99,40,16,1.17159
0,99,40,17,0.857885
0,99,40,18,0.818977
0,99,40,19,0.740952
0,99,40,20,0.825585
0,99,40,21,1.24963
0,99,40,22,0.892239
0,99,40,23,1.04615
0,99,40,24,0.552395
0,99,40,25,0.879267
0,99,40,26,0.561287
0,99,40,27,0.547911
0,99,40,28,0.419047
0,99,40,29,0.402414
0,99,40,30,0.917528
0,99,40,31,0.682392
0,99,40,32,0.945257
0,99,40,33,0.450415
0,99,40,34,0.877187
0,99,40,35,0.776193
0,99,40,36,0.875468
0,99,40,37,0.920977
0,99,40,38,0.733722
0,99,40,39,1.24907
0,99,40,40,0.981041
0,99,40,41,1.22524
0,99,40,42,0.674572
0,99,40,43,0.899368
0,99,40,44,0.808039
0,99,40,45,0.857813
0,99,40,46,0.89836
0,99,40,47,0.515223
0,99,40,48,0.939242
0,99,40,49,0.64912
0,99,40,50,0.933096
0,99,40,51,0.325948
0,99,40,52,0.494385
0,99,40,53,0.440733
0,99,40,54,0.635341
0,99,40,55,0.901922
0,99,40,56,0.573241
0,99,40,57,1.03065
0,99,40,58,0.854155
0,99,40,59,1.2137
0,99,40,60,0.773745
0,99,40,61,0.788115
0,99,40,62,0.778551
0,99,40,63,0.885
0,99,40,64,1.24072
0,99,40,65,0.824546
0,99,40,66,1.07835
0,99,40,67,0.806696
0,99,40,68,1.1176
0,99,40,69,0.68542
0,99,40,70,0.616008
0,99,40,71,0.454489
0,99,40,72,0.532484
0,99,40,73,0.882159
0,99,40,74,0.504802
0,99,40,75,0.763985
0,99,40,76,0.403216
0,99,40,77,0.885915
0,99,40,78,0.663145
0,99,40,79,0.704172
0,99,40,80,0.672071
0,99,40,81,0.761926
0,99,40,82,1.26553
0,99,40,83,0.98017
0,99,40,84,1.17972
0,99,40,85,0.690559
0,99,40,86,1.02936
0,99,40,87,0.845442
0,99,40,88,0.864829
0,99,40,89,0.830852
0,99,40,90,0.688131
0,99,40,91,1.14639
0,99,40,92,0.798625
0,99,40,93,0.97748
0,99,40,94,0.342284
0,99,40,95,0.644683
0,99,40,96,0.456851
0,99,40,97,0.588361
0,99,40,98,0.593763
0,99,40,99,0.40345
0,99,40,100,0.967382
0,99,40,101,0.787047
0,99,40,102,1.14637
0,99,40,103,0.626558
0,99,40,104,0.836786
0,99,40,105,0.816959
0,99,40,106,0.92372
0,99,40,107,1.09408
0,99,40,108,0.728057
0,99,40,109,1.16159
0,99,40,110,0.951999
0,99,40,111,1.26273
0,99,40,112,0.7206
0,99,41,0,0.723922
0,99,41,1,0.644503
0,99,41,2,0.870959
0,99,41,3,0.524234
0,99,41,4,0.898464
0,99,41,5,0.445567
0,99,41,6,0.837179
0,99,41,7,0.51879
0,99,41,8,0.647971
0,99,41,9,0.535177
0,99,41,10,0.53731
0,99,41,11,0.971341
0,99,41,12,0.683363
0,99,41,13,1.19485
0,99,41,14,0.788959
0,99,41,15,1.14656
0,99,41,16,0.905258
0,99,41,17,0.89414
0,99,41,18,0.906982
0,99,41,19,0.66647
0,99,41,20,1.16102
0,99,41,21,0.750118
0,99,41,22,1.23798
0,99,41,23,0.740854
0,99,41,24,0.915692
0,99,41,25,0.671768
0,99,41,26,0.57039
0,99,41,27,0.578717
0,99,41,28,0.359874
0,99,41,29,0.781541
0,99,41,30,0.480715
0,99,41,31,0.977845
0,99,41,32,0.633527
0,99,41,33,0.818279
0,99,41,34,0.764488
0,99,41,35,0.726656
0,99,41,36,0.964989
0,99,41,37,0.705896
0,99,41,38,1.15905
0,99,41,39,0.849661
0,99,41,40,1.22507
0,99,41,41,0.918079
0,99,41,42,0.969667
0,99,41,43,0.85702
0,99,41,44,0.756746
0,99,41,45,0.941333
0,99,41,46,0.611356
0,99,41,47,0.947364
0,99,41,48,0.593387
0,99,41,49,0.936517
0,99,41,50,0.561513
0,99,41,51,0.633529
0,99,41,52,0.423616
0,99,41,53,0.483173
0,99,41,54,0.739242
0,99,41,55,0.571627
0,99,41,56,1.01072
0,99,41,57,0.713213
0,99,41,58,1.15528
0,99,41,59,0.874634
0,99,41,60,0.939973
0,99,41,61,0.831873
0,99,41,62,0.753641
0,99,41,63,1.10624
0,99,41,64,0.766595
0,99,41,65,1.2269
0,99,41,66,0.782939
0,99,41,67,1.12379
0,99,41,68,0.796326
0,99,41,69,0.779331
0,99,41,70,0.63377
0,99,41,71,0.458571
0,99,41,72,0.815509
0,99,41,73,0.433315
0,99,41,74,0.899159
0,99,41,75,0.449234
0,99,41,76,0.817917
0,99,41,77,0.631836
0,99,41,78,0.689283
0,99,41,79,0.771012
0,99,41,80,0.594656
0,99,41,81,1.13391
0,99,41,82,0.793752
0,99,41,83,1.28304
0,99,41,84,0.888825
0,99,41,85,1.02178
0,99,41,86,0.899352
0,99,41,87,0.79456
0,99,41,88,0.971849
0,99,41,89,0.662768
0,99,41,90,1.0932
0,99,41,91,0.706553
0,99,41,92,1.06148
0,99,41,93,0.646181
0,99,41,94,0.71802
0,99,41,95,0.525203
0,99,41,96,0.469943
0,99,41,97,0.62769
0,99,41,98,0.422953
0,99,41,99,0.816775
0,99,41,100,0.617198
0,99,41,101,1.04839
0,99,41,102,0.809997
0,99,41,103,0.898611
0,99,41,104,0.808746
0,99,41,105,0.784751
0,99,41,106,1.03234
0,99,41,107,0.754167
0,99,41,108,1.1739
0,99,41,109,0.831806
0,99,41,110,1.21256
0,99,41,111,0.902213
0,99,41,112,0.918729
0,99,42,0,0.777267
0,99,42,1,0.834361
0,99,42,2,0.303354
0,99,42,3,0.808366
0,99,42,4,0.509165
0,99,42,5,0.949449
0,99,42,6,0.496193
0,99,42,7,0.492041
0,99,42,8,0.542696
0,99,42,9,0.546332
0,99,42,10,0.859629
0,99,42,11,0.409147
0,99,42,12,0.944596
0,99,42,13,0.687754
0,99,42,14,1.19882
0,99,42,15,0.938492
0,99,42,16,0.763894
0,99,42,17,0.77814
0,99,42,18,0.679865
0,99,42,19,1.10468
0,99,42,20,0.602055
0,99,42,21,0.988694
0,99,42,22,0.659356
0,99,42,23,1.06332
0,99,42,24,0.868
0,99,42,25,0.579326
0,99,42,26,0.506353
0,99,42,27,0.324582
0,99,42,28,0.803036
0,99,42,29,0.408528
0,99,42,30,0.741796
0,99,42,31,0.464547
0,99,42,32,0.871749
0,99,42,33,0.834582
0,99,42,34,0.70259
0,99,42,35,0.711394
0,99,42,36,0.501433
0,99,42,37,1.11601
0,99,42,38,0.800441
0,99,42,39,1.09924
0,99,42,40,0.675638
0,99,42,41,0.970013
0,99,42,42,0.96955
0,99,42,43,0.837918
0,99,42,44,0.794633
0,99,42,45,0.42784
0,99,42,46,0.971871
0,99,42,47,0.651829
0,99,42,48,0.946173
0,99,42,49,0.470313
0,99,42,50,0.602914
0,99,42,51,0.581472
0,99,42,52,0.570823
0,99,42,53,0.596018
0,99,42,54,0.228319
0,99,42,55,0.85157
0,99,42,56,0.640195
0,99,42,57,1.1488
0,99,42,58,0.759923
0,99,42,59,0.791907
0,99,42,60,0.863154
0,99,42,61,0.805951
0,99,42,62,0.994934
0,99,42,63,0.493941
0,99,42,64,1.02794
0,99,42,65,0.752824
0,99,42,66,1.20994
0,99,42,67,0.854506
0,99,42,68,0.69048
0,99,42,69,0.68001
0,99,42,70,0.562464
0,99,42,71,0.843724
0,99,42,72,0.301339
0,99,42,73,0.689767
0,99,42,74,0.397974
0,99,42,75,0.887801
0,99,42,76,0.66451
0,99,42,77,0.541879
0,99,42,78,0.622183
0,99,42,79,0.523963
0,99,42,80,1.05526
0,99,42,81,0.626397
0,99,42,82,1.00963
0,99,42,83,0.711483
0,99,42,84,1.11775
0,99,42,85,1.00956
0,99,42,86,0.769876
0,99,42,87,0.730474
0,99,42,88,0.550132
0,99,42,89,1.09384
0,99,42,90,0.708067
0,99,42,91,0.966115
0,99,42,92,0.534503
0,99,42,93,0.818218
0,99,42,94,0.73232
0,99,42,95,0.550088
0,99,42,96,0.4619
0,99,42,97,0.218668
0,99,42,98,0.796336
0,99,42,99,0.564542
0,99,42,100,0.919175
0,99,42,101,0.571605
0,99,42,102,0.831138
0,99,42,103,0.906193
0,99,42,104,0.851737
0,99,42,105,0.867263
0,99,42,106,0.479324
0,99,42,107,1.05925
0,99,42,108,0.7936
0,99,42,109,1.17461
0,99,42,110,0.74792
0,99,42,111,0.856343
0,99,42,112,0.86466
0,99,43,0,0.983784
0,99,43,1,0.469159
0,99,43,2,0.793128
0,99,43,3,0.339084
0,99,43,4,0.897596
0,99,43,5,0.644726
0,99,43,6,0.646054
0,99,43,7,0.557511
0,99,43,8,0.420421
0,99,43,9,0.792617
0,99,43,10,0.470794
0,99,43,11,0.890313
0,99,43,12,0.473441
0,99,43,13,1.05809
0,99,43,14,0.944271
0,99,43,15,0.961841
0,99,43,16,0.83972
0,99,43,17,0.550546
0,99,43,18,0.960164
0,99,43,19,0.595441
0,99,43,20,1.04588
0,99,43,21,0.515178
0,99,43,22,1.01054
0,99,43,23,0.878775
0,99,43,24,0.856912
0,99,43,25,0.737207
0,99,43,26,0.288666
0,99,43,27,0.676261
0,99,43,28,0.367049
0,99,43,29,0.85639
0,99,43,30,0.346862
0,99,43,31,0.763994
0,99,43,32,0.755091
0,99,43,33,0.801335
0,99,43,34,0.883102
0,99,43,35,0.42669
0,99,43,36,0.920612
0,99,43,37,0.598025
0,99,43,38,1.18771
0,99,43,39,0.683171
0,99,43,40,0.899293
0,99,43,41,0.857111
0,99,43,42,0.837596
0,99,43,43,0.99715
0,99,43,44,0.451548
0,99,43,45,0.863624
0,99,43,46,0.475495
0,99,43,47,1.04971
0,99,43,48,0.606528
0,99,43,49,0.694616
0,99,43,50,0.602337
0,99,43,51,0.510764
0,99,43,52,0.730025
0,99,43,53,0.291725
0,99,43,54,0.697574
0,99,43,55,0.397123
0,99,43,56,1.03785
0,99,43,57,0.82908
0,99,43,58,0.899487
0,99,43,59,0.838854
0,99,43,60,0.684599
0,99,43,61,1.02422
0,99,43,62,0.567923
0,99,43,63,0.929602
0,99,43,64,0.497092
0,99,43,65,1.08701
0,99,43,66,0.911014
0,99,43,67,0.912811
0,99,43,68,0.783667
0,99,43,69,0.501872
0,99,43,70,0.845504
0,99,43,71,0.436316
0,99,43,72,0.780856
0,99,43,73,0.26472
0,99,43,74,0.770813
0,99,43,75,0.666698
0,99,43,76,0.741885
0,99,43,77,0.682212
0,99,43,78,0.404926
0,99,43,79,0.881321
0,99,43,80,0.584215
0,99,43,81,1.09764
0,99,43,82,0.579009
0,99,43,83,1.01163
0,99,43,84,0.93032
0,99,43,85,0.917128
0,99,43,86,0.88976
0,99,43,87,0.442411
0,99,43,88,0.917893
0,99,43,89,0.585577
0,99,43,90,1.12916
0,99,43,91,0.556089
0,99,43,92,0.817855
0,99,43,93,0.729745
0,99,43,94,0.697242
0,99,43,95,0.709838
0,99,43,96,0.203507
0,99,43,97,0.634452
0,99,43,98,0.346379
0,99,43,99,0.954783
0,99,43,100,0.57914
0,99,43,101,0.79634
0,99,43,102,0.824486
0,99,43,103,0.788038
0,99,43,104,1.03587
0,99,43,105,0.510594
0,99,43,106,0.895356
0,99,43,107,0.525575
0,99,43,108,1.14486
0,99,43,109,0.792171
0,99,43,110,0.891661
0,99,43,111,0.841031
0,99,43,112,0.706448
0,99,44,0,0.365095
0,99,44,1,0.85345
0,99,44,2,0.385347
0,99,44,3,0.892005
0,99,44,4,0.420721
0,99,44,5,0.619423
0,99,44,6,0.659222
0,99,44,7,0.52466
0,99,44,8,0.728065
0,99,44,9,0.255678
0,99,44,10,0.745929
0,99,44,11,0.458216
0,99,44,12,1.02728
0,99,44,13,0.687944
0,99,44,14,0.785769
0,99,44,15,0.918857
0,99,44,16,0.662157
0,99,44,17,0.930802
0,99,44,18,0.341471
0,99,44,19,0.758114
0,99,44,20,0.46213
0,99,44,21,1.01096
0,99,44,22,0.769021
0,99,44,23,0.758707
0,99,44,24,0.786835
0,99,44,25,0.530789
0,99,44,26,0.779567
0,99,44,27,0.251616
0,99,44,28,0.597304
0,99,44,29,0.270434
0,99,44,30,0.800323
0,99,44,31,0.681448
0,99,44,32,0.69773
0,99,44,33,0.708823
0,99,44,34,0.542572
0,99,44,35,0.961373
0,99,44,36,0.486518
0,99,44,37,0.918619
0,99,44,38,0.459796
0,99,44,39,0.947808
0,99,44,40,0.810568
0,99,44,41,0.758095
0,99,44,42,0.796054
0,99,44,43,0.452854
0,99,44,44,0.94406
0,99,44,45,0.450866
0,99,44,46,0.910287
0,99,44,47,0.391027
0,99,44,48,0.796586
0,99,44,49,0.724374
0,99,44,50,0.612455
0,99,44,51,0.621563
0,99,44,52,0.229916
0,99,44,53,0.688459
0,99,44,54,0.310165
0,99,44,55,0.901988
0,99,44,56,0.487998
0,99,44,57,0.838292
0,99,44,58,0.950627
0,99,44,59,0.76782
0,99,44,60,0.943664
0,99,44,61,0.340145
0,99,44,62,0.838607
0,99,44,63,0.429886
0,99,44,64,1.01123
0,99,44,65,0.603733
0,99,44,66,0.744373
0,99,44,67,0.915151
0,99,44,68,0.688391
0,99,44,69,0.925416
0,99,44,70,0.305599
0,99,44,71,0.67169
0,99,44,72,0.315315
0,99,44,73,0.785779
0,99,44,74,0.495917
0,99,44,75,0.577802
0,99,44,76,0.653184
0,99,44,77,0.539859
0,99,44,78,0.887717
0,99,44,79,0.38196
0,99,44,80,0.80732
0,99,44,81,0.505233
0,99,44,82,1.03934
0,99,44,83,0.827422
0,99,44,84,0.777794
0,99,44,85,0.787327
0,99,44,86,0.52597
0,99,44,87,0.901743
0,99,44,88,0.408581
0,99,44,89,0.837849
0,99,44,90,0.456553
0,99,44,91,0.967922
0,99,44,92,0.767431
0,99,44,93,0.698267
0,99,44,94,0.626648
0,99,44,95,0.359738
0,99,44,96,0.699024
0,99,44,97,0.27007
0,99,44,98,0.708795
0,99,44,99,0.314573
0,99,44,100,0.836005
0,99,44,101,0.824184
0,99,44,102,0.802339
0,99,44,103,0.861812
0,99,44,104,0.460806
0,99,44,105,0.959105
0,99,44,106,0.452255
0,99,44,107,0.945229
0,99,44,108,0.461537
0,99,44,109,0.830539
0,99,44,110,0.889013
0,99,44,111,0.778051
0,99,44,112,0.900946
0,99,45,0,0.835208
0,99,45,1,0.418877
0,99,45,2,1.00357
0,99,45,3,0.597768
0,99,45,4,0.770963
0,99,45,5,0.641645
0,99,45,6,0.660997
0,99,45,7,0.958252
0,99,45,8,0.457777
0,99,45,9,0.754871
0,99,45,10,0.351907
0,99,45,11,1.01855
0,99,45,12,0.761997
0,99,45,13,0.963554
0,99,45,14,0.838379
0,99,45,15,0.698286
0,99,45,16,1.03663
0,99,45,17,0.473293
0,99,45,18,0.801318
0,99,45,19,0.221778
0,99,45,20,0.913645
0,99,45,21,0.729487
0,99,45,22,0.985326
0,99,45,23,0.894772
0,99,45,24,0.602668
0,99,45,25,1.01051
0,99,45,26,0.466429
0,99,45,27,0.813374
0,99,45,28,0.241255
0,99,45,29,0.746074
0,99,45,30,0.663486
0,99,45,31,0.892256
0,99,45,32,0.911274
0,99,45,33,0.537415
0,99,45,34,1.00697
0,99,45,35,0.552111
0,99,45,36,1.05718
0,99,45,37,0.443587
0,99,45,38,0.820575
0,99,45,39,0.742036
0,99,45,40,0.85846
0,99,45,41,0.941489
0,99,45,42,0.428177
0,99,45,43,0.863858
0,99,45,44,0.450253
0,99,45,45,1.04264
0,99,45,46,0.519246
0,99,45,47,0.796182
0,99,45,48,0.73525
0,99,45,49,0.824874
0,99,45,50,0.965278
0,99,45,51,0.40355
0,99,45,52,0.678571
0,99,45,53,0.334838
0,99,45,54,0.936361
0,99,45,55,0.596906
0,99,45,56,0.85058
0,99,45,57,0.819661
0,99,45,58,0.896271
0,99,45,59,1.15491
0,99,45,60,0.529059
0,99,45,61,0.784911
0,99,45,62,0.298464
0,99,45,63,0.918148
0,99,45,64,0.605531
0,99,45,65,0.827458
0,99,45,66,0.743008
0,99,45,67,0.758966
0,99,45,68,1.12872
0,99,45,69,0.564375
0,99,45,70,0.832239
0,99,45,71,0.284464
0,99,45,72,0.862982
0,99,45,73,0.604116
0,99,45,74,0.793527
0,99,45,75,0.69312
0,99,45,76,0.575397
0,99,45,77,1.00822
0,99,45,78,0.548673
0,99,45,79,0.940528
0,99,45,80,0.376081
0,99,45,81,0.984204
0,99,45,82,0.81021
0,99,45,83,0.964831
0,99,45,84,0.881709
0,99,45,85,0.467164
0,99,45,86,0.912486
0,99,45,87,0.433145
0,99,45,88,0.918881
0,99,45,89,0.359412
0,99,45,90,0.876064
0,99,45,91,0.800067
0,99,45,92,0.951009
0,99,45,93,0.952422
0,99,45,94,0.451866
0,99,45,95,0.806311
0,99,45,96,0.359083
0,99,45,97,0.867856
0,99,45,98,0.366356
0,99,45,99,0.726733
0,99,45,100,0.764491
0,99,45,101,0.929136
0,99,45,102,1.13435
0,99,45,103,0.558478
0,99,45,104,0.908108
0,99,45,105,0.461095
0,99,45,106,0.990217
0,99,45,107,0.478061
0,99,45,108,0.741157
0,99,45,109,0.68449
0,99,45,110,0.812209
0,99,45,111,1.09681
0,99,45,112,0.524999
0,99,46,0,0.497402
0,99,46,1,0.990343
0,99,46,2,0.582316
0,99,46,3,0.905513
0,99,46,4,0.889425
0,99,46,5,0.793793
0,99,46,6,1.06076
0,99,46,7,0.556243
0,99,46,8,0.997563
0,99,46,9,0.489319
0,99,46,10,0.967535
0,99,46,11,0.702258
0,99,46,12,0.94939
0,99,46,13,1.00804
0,99,46,14,0.818102
0,99,46,15,1.13974
0,99,46,16,0.497744
0,99,46,17,0.861965
0,99,46,18,0.358192
0,99,46,19,0.771936
0,99,46,20,0.62291
0,99,46,21,0.826742
0,99,46,22,1.01702
0,99,46,23,0.821489
0,99,46,24,1.17127
0,99,46,25,0.607824
0,99,46,26,0.933677
0,99,46,27,0.453748
0,99,46,28,0.833733
0,99,46,29,0.698232
0,99,46,30,0.822523
0,99,46,31,1.02945
0,99,46,32,0.808022
0,99,46,33,1.12228
0,99,46,34,0.653699
0,99,46,35,1.00481
0,99,46,36,0.545805
0,99,46,37,0.909107
0,99,46,38,0.733576
0,99,46,39,0.794122
0,99,46,40,0.901492
0,99,46,41,0.613474
0,99,46,42,0.973615
0,99,46,43,0.477668
0,99,46,44,0.911239
0,99,46,45,0.521569
0,99,46,46,0.949202
0,99,46,47,0.838802
0,99,46,48,0.90429
0,99,46,49,1.06973
0,99,46,50,0.651694
0,99,46,51,0.996622
0,99,46,52,0.468625
0,99,46,53,0.898179
0,99,46,54,0.506123
0,99,46,55,0.942973
0,99,46,56,0.930607
0,99,46,57,0.937612
0,99,46,58,1.21471
0,99,46,59,0.660448
0,99,46,60,1.02838
0,99,46,61,0.391444
0,99,46,62,0.825619
0,99,46,63,0.452733
0,99,46,64,0.768758
0,99,46,65,0.842834
0,99,46,66,0.743358
0,99,46,67,1.16404
0,99,46,68,0.632873
0,99,46,69,1.06966
0,99,46,70,0.511459
0,99,46,71,0.91447
0,99,46,72,0.641221
0,99,46,73,0.79995
0,99,46,74,0.914813
0,99,46,75,0.744642
0,99,46,76,1.10539
0,99,46,77,0.598729
0,99,46,78,1.02563
0,99,46,79,0.555573
0,99,46,80,0.956415
0,99,46,81,0.783918
0,99,46,82,0.885281
0,99,46,83,0.982728
0,99,46,84,0.706075
0,99,46,85,0.989717
0,99,46,86,0.439573
0,99,46,87,0.803804
0,99,46,88,0.413725
0,99,46,89,0.859489
0,99,46,90,0.784652
0,99,46,91,0.928252
0,99,46,92,1.071
0,99,46,93,0.782104
0,99,46,94,1.06349
0,99,46,95,0.54324
0,99,46,96,0.860426
0,99,46,97,0.443246
0,99,46,98,0.871167
0,99,46,99,0.781109
0,99,46,100,0.921738
0,99,46,101,1.13082
0,99,46,102,0.795813
0,99,46,103,1.13875
0,99,46,104,0.558278
0,99,46,105,0.947808
0,99,46,106,0.438876
0,99,46,107,0.783665
0,99,46,108,0.730034
0,99,46,109,0.748403
0,99,46,110,0.998954
0,99,46,111,0.620717
0,99,46,112,1.05132
0,99,47,0,1.20003
0,99,47,1,0.64597
0,99,47,2,0.827045
0,99,47,3,0.821406
0,99,47,4,1.0044
0,99,47,5,1.34031
0,99,47,6,0.73346
0,99,47,7,1.0116
0,99,47,8,0.564346
0,99,47,9,1.15083
0,99,47,10,0.804563
0,99,47,11,0.901224
0,99,47,12,0.86222
0,99,47,13,0.923545
0,99,47,14,1.34608
0,99,47,15,0.750698
0,99,47,16,0.852201
0,99,47,17,0.295483
0,99,47,18,0.827182
0,99,47,19,0.668857
0,99,47,20,0.762331
0,99,47,21,0.729636
0,99,47,22,0.800816
0,99,47,23,1.32179
0,99,47,24,0.938805
0,99,47,25,1.08362
0,99,47,26,0.451386
0,99,47,27,0.929518
0,99,47,28,0.84994
0,99,47,29,0.996313
0,99,47,30,0.900855
0,99,47,31,0.803065
0,99,47,32,1.29483
0,99,47,33,0.966091
0,99,47,34,1.16855
0,99,47,35,0.47644
0,99,47,36,0.86544
0,99,47,37,0.788141
0,99,47,38,0.988583
0,99,47,39,0.848279
0,99,47,40,0.516598
0,99,47,41,0.947931
0,99,47,42,0.652254
0,99,47,43,1.05073
0,99,47,44,0.390589
0,99,47,45,0.797063
0,99,47,46,0.837116
0,99,47,47,1.14821
0,99,47,48,1.17697
0,99,47,49,0.737713
0,99,47,50,1.09686
0,99,47,51,0.684595
0,99,47,52,1.19903
0,99,47,53,0.556895
0,99,47,54,0.807191
0,99,47,55,0.850526
0,99,47,56,1.09075
0,99,47,57,1.36818
0,99,47,58,0.78868
0,99,47,59,1.03197
0,99,47,60,0.519044
0,99,47,61,1.03745
0,99,47,62,0.499552
0,99,47,63,0.588831
0,99,47,64,0.591083
0,99,47,65,0.790974
0,99,47,66,1.25149
0,99,47,67,0.765016
0,99,47,68,1.03101
0,99,47,69,0.549347
0,99,47,70,1.12341
0,99,47,71,0.830838
0,99,47,72,0.872673
0,99,47,73,0.798735
0,99,47,74,0.840057
0,99,47,75,1.32899
0,99,47,76,0.880188
0,99,47,77,1.06359
0,99,47,78,0.523079
0,99,47,79,1.04284
0,99,47,80,0.917809
0,99,47,81,0.969754
0,99,47,82,0.827174
0,99,47,83,0.693351
0,99,47,84,1.12343
0,99,47,85,0.727033
0,99,47,86,0.859557
0,99,47,87,0.23661
0,99,47,88,0.741
0,99,47,89,0.771382
0,99,47,90,1.04165
0,99,47,91,0.971929
0,99,47,92,0.787827
0,99,47,93,1.24154
0,99,47,94,0.894487
0,99,47,95,1.1221
0,99,47,96,0.411132
0,99,47,97,0.816996
0,99,47,98,0.82231
0,99,47,99,1.13675
0,99,47,100,1.12824
0,99,47,101,0.789176
0,99,47,102,1.20783
0,99,47,103,0.811544
0,99,47,104,1.21742
0,99,47,105,0.460297
0,99,47,106,0.649591
0,99,47,107,0.598163
0,99,47,108,0.874921
0,99,47,109,0.994788
0,99,47,110,0.553557
0,99,47,111,0.97054
0,99,47,112,0.602301
0,99,48,0,0.704045
0,99,48,1,0.955996
0,99,48,2,0.902418
0,99,48,3,0.932667
0,99,48,4,1.2521
0,99,48,5,0.979401
0,99,48,6,1.26881
0,99,48,7,0.782232
0,99,48,8,1.1008
0,99,48,9,0.802103
0,99,48,10,1.01162
0,99,48,11,1.01051
0,99,48,12,0.892144
0,99,48,13,1.19318
0,99,48,14,0.850312
0,99,48,15,1.13135
0,99,48,16,0.518639
0,99,48,17,0.749389
0,99,48,18,0.50516
0,99,48,19,0.684656
0,99,48,20,0.818529
0,99,48,21,0.710104
0,99,48,22,1.16239
0,99,48,23,0.900609
0,99,48,24,1.26693
0,99,48,25,0.808423
0,99,48,26,0.984454
0,99,48,27,0.78721
0,99,48,28,0.943141
0,99,48,29,1.11616
0,99,48,30,0.913925
0,99,48,31,1.2926
0,99,48,32,0.9742
0,99,48,33,1.25773
0,99,48,34,0.841692
0,99,48,35,0.944628
0,99,48,36,0.740479
0,99,48,37,0.801295
0,99,48,38,0.949987
0,99,48,39,0.680474
0,99,48,40,0.941814
0,99,48,41,0.596191
0,99,48,42,0.947474
0,99,48,43,0.609525
0,99,48,44,0.797621
0,99,48,45,0.738872
0,99,48,46,0.905069
0,99,48,47,1.17937
0,99,48,48,0.998412
0,99,48,49,1.28222
0,99,48,50,0.859358
0,99,48,51,1.14862
0,99,48,52,0.788149
0,99,48,53,0.967133
0,99,48,54,0.866928
0,99,48,55,0.967889
0,99,48,56,1.25014
0,99,48,57,1.00234
0,99,48,58,1.27028
0,99,48,59,0.703037
0,99,48,60,0.943382
0,99,48,61,0.54885
0,99,48,62,0.70939
0,99,48,63,0.611848
0,99,48,64,0.61248
0,99,48,65,0.993525
0,99,48,66,0.766477
0,99,48,67,1.18919
0,99,48,68,0.734344
0,99,48,69,1.06422
0,99,48,70,0.792785
0,99,48,71,0.983946
0,99,48,72,1.02259
0,99,48,73,0.875508
0,99,48,74,1.25055
0,99,48,75,0.949073
0,99,48,76,1.30927
0,99,48,77,0.82231
0,99,48,78,1.04801
0,99,48,79,0.815854
0,99,48,80,0.934292
0,99,48,81,1.02785
0,99,48,82,0.776278
0,99,48,83,1.06364
0,99,48,84,0.698088
0,99,48,85,0.979361
0,99,48,86,0.501244
0,99,48,87,0.683358
0,99,48,88,0.571809
0,99,48,89,0.781081
0,99,48,90,1.04989
0,99,48,91,0.896954
0,99,48,92,1.25616
0,99,48,93,0.934848
0,99,48,94,1.22508
0,99,48,95,0.820442
0,99,48,96,0.931101
0,99,48,97,0.804731
0,99,48,98,0.952855
0,99,48,99,1.18235
0,99,48,100,1.00699
0,99,48,101,1.30186
0,99,48,102,0.905064
0,99,48,103,1.15237
0,99,48,104,0.719905
0,99,48,105,0.820087
0,99,48,106,0.589589
0,99,48,107,0.632547
0,99,48,108,0.921323
0,99,48,109,0.692626
0,99,48,110,1.01149
0,99,48,111,0.634974
0,99,48,112,1.00656
0,99,49,0,0.718007
0,99,49,1,0.858911
0,99,49,2,0.92481
0,99,49,3,1.29568
0,99,49,4,0.879943
0,99,49,5,1.21933
0,99,49,6,0.973054
0,99,49,7,1.27336
0,99,49,8,0.93438
0,99,49,9,0.86078
0,99,49,10,0.916029
0,99,49,11,0.929689
0,99,49,12,1.27888
0,99,49,13,0.804732
0,99,49,14,1.00367
0,99,49,15,0.65443
0,99,49,16,0.894269
0,99,49,17,0.571286
0,99,49,18,0.531673
0,99,49,19,0.549487
0,99,49,20,0.601857
0,99,49,21,1.09705
0,99,49,22,0.828298
0,99,49,23,1.10941
0,99,49,24,0.784229
0,99,49,25,1.13134
0,99,49,26,0.964384
0,99,49,27,0.921315
0,99,49,28,0.953477
0,99,49,29,0.839527
0,99,49,30,1.37806
0,99,49,31,1.07712
0,99,49,32,1.27995
0,99,49,33,0.793468
0,99,49,34,1.02985
0,99,49,35,0.885694
0,99,49,36,0.81623
0,99,49,37,0.83244
0,99,49,38,0.512993
0,99,49,39,0.995246
0,99,49,40,0.651848
0,99,49,41,0.937878
0,99,49,42,0.471864
0,99,49,43,0.696301
0,99,49,44,0.725272
0,99,49,45,0.826761
0,99,49,46,1.06997
0,99,49,47,0.739693
0,99,49,48,1.28222
0,99,49,49,1.04676
0,99,49,50,1.32239
0,99,49,51,0.848222
0,99,49,52,0.891746
0,99,49,53,0.948841
0,99,49,54,0.968982
0,99,49,55,1.27315
0,99,49,56,0.819291
0,99,49,57,1.19112
0,99,49,58,0.908112
0,99,49,59,1.1147
0,99,49,60,0.634425
0,99,49,61,0.543022
0,99,49,62,0.55541
0,99,49,63,0.570734
0,99,49,64,0.948286
0,99,49,65,0.587002
0,99,49,66,0.920754
0,99,49,67,0.77772
0,99,49,68,1.14224
0,99,49,69,0.891274
0,99,49,70,0.837452
0,99,49,71,0.891687
0,99,49,72,0.91128
0,99,49,73,1.33912
0,99,49,74,0.975695
0,99,49,75,1.20776
0,99,49,76,0.892515
0,99,49,77,1.21548
0,99,49,78,0.981606
0,99,49,79,0.867578
0,99,49,80,0.841648
0,99,49,81,0.724749
0,99,49,82,1.14717
0,99,49,83,0.739456
0,99,49,84,0.933651
0,99,49,85,0.463106
0,99,49,86,0.745412
0,99,49,87,0.593301
0,99,49,88,0.636986
0,99,49,89,0.760106
0,99,49,90,0.658882
0,99,49,91,1.2642
0,99,49,92,1.00865
0,99,49,93,1.27377
0,99,49,94,0.781326
0,99,49,95,1.01474
0,99,49,96,0.955351
0,99,49,97,0.974048
0,99,49,98,1.11115
0,99,49,99,0.799752
0,99,49,100,1.33702
0,99,49,101,1.05202
0,99,49,102,1.29415
0,99,49,103,0.731974
0,99,49,104,0.755127
0,99,49,105,0.714022
0,99,49,106,0.661006
0,99,49,107,0.824324
0,99,49,108,0.45127
0,99,49,109,0.905639
0,99,49,110,0.683815
0,99,49,111,1.0618
0,99,49,112,0.674413
0,99,50,0,0.702024
0,99,50,1,0.691994
0,99,50,2,1.17017
0,99,50,3,0.839374
0,99,50,4,1.24817
0,99,50,5,0.843399
0,99,50,6,1.24335
0,99,50,7,1.05429
0,99,50,8,1.00361
0,99,50,9,0.905836
0,99,50,10,0.710633
0,99,50,11,1.21244
0,99,50,12,0.769566
0,99,50,13,1.12386
0,99,50,14,0.605061
0,99,50,15,0.86278
0,99,50,16,0.619748
0,99,50,17,0.583471
0,99,50,18,0.556413
0,99,50,19,0.291246
0,99,50,20,0.895408
0,99,50,21,0.604777
0,99,50,22,1.14707
0,99,50,23,0.743826
0,99,50,24,0.963429
0,99,50,25,0.989015
0,99,50,26,0.926951
0,99,50,27,1.04681
0,99,50,28,0.679896
0,99,50,29,1.23024
0,99,50,30,0.92646
0,99,50,31,1.38384
0,99,50,32,0.956083
0,99,50,33,0.951995
0,99,50,34,0.924702
0,99,50,35,0.791152
0,99,50,36,0.921401
0,99,50,37,0.446524
0,99,50,38,0.841241
0,99,50,39,0.515105
0,99,50,40,0.93486
0,99,50,41,0.564685
0,99,50,42,0.604002
0,99,50,43,0.605697
0,99,50,44,0.613406
0,99,50,45,0.968948
0,99,50,46,0.652737
0,99,50,47,1.0992
0,99,50,48,0.859949
0,99,50,49,1.32273
0,99,50,50,1.05585
0,99,50,51,0.975363
0,99,50,52,0.884085
0,99,50,53,0.836504
0,99,50,54,1.21237
0,99,50,55,0.841863
0,99,50,56,1.17576
0,99,50,57,0.758843
0,99,50,58,1.14443
0,99,50,59,0.7972
0,99,50,60,0.684334
0,99,50,61,0.52897
0,99,50,62,0.380757
0,99,50,63,0.783729
0,99,50,64,0.469515
0,99,50,65,0.904488
0,99,50,66,0.521627
0,99,50,67,0.99021
0,99,50,68,0.883666
0,99,50,69,0.906166
0,99,50,70,0.886523
0,99,50,71,0.676082
0,99,50,72,1.25264
0,99,50,73,0.883997
0,99,50,74,1.3453
0,99,50,75,0.872664
0,99,50,76,1.13675
0,99,50,77,1.05875
0,99,50,78,0.947532
0,99,50,79,0.955541
0,99,50,80,0.540894
0,99,50,81,1.04743
0,99,50,82,0.649839
0,99,50,83,1.03395
0,99,50,84,0.540021
0,99,50,85,0.628708
0,99,50,86,0.569647
0,99,50,87,0.5479
0,99,50,88,0.723503
0,99,50,89,0.420429
0,99,50,90,0.993824
0,99,50,91,0.783177
0,99,50,92,1.28818
0,99,50,93,0.953357
0,99,50,94,0.950086
0,99,50,95,0.957192
0,99,50,96,0.889608
0,99,50,97,1.16283
0,99,50,98,0.763198
0,99,50,99,1.17426
0,99,50,100,0.90789
0,99,50,101,1.31301
0,99,50,102,0.967627
0,99,50,103,0.814626
0,99,50,104,0.685945
0,99,50,105,0.581125
0,99,50,106,0.791981
0,99,50,107,0.397007
0,99,50,108,0.789811
0,99,50,109,0.459125
0,99,50,110,0.94256
0,99,50,111,0.712805
0,99,50,112,0.736664
0,99,51,0,0.581661
0,99,51,1,0.90023
0,99,51,2,0.523475
0,99,51,3,1.09556
0,99,51,4,0.806116
0,99,51,5,1.18657
0,99,51,6,0.951294
0,99,51,7,0.879773
0,99,51,8,0.973567
0,99,51,9,0.709369
0,99,51,10,1.04475
0,99,51,11,0.56651
0,99,51,12,0.967252
0,99,51,13,0.59695
0,99,51,14,0.898062
0,99,51,15,0.644526
0,99,51,16,0.474535
0,99,51,17,0.421326
0,99,51,18,0.310512
0,99,51,19,0.658854
0,99,51,20,0.338187
0,99,51,21,0.775346
0,99,51,22,0.57145
0,99,51,23,0.968867
0,99,51,24,0.921663
0,99,51,25,0.795451
0,99,51,26,0.874243
0,99,51,27,0.654294
0,99,51,28,1.11997
0,99,51,29,0.725667
0,99,51,30,1.13613
0,99,51,31,0.833504
0,99,51,32,1.0825
0,99,51,33,0.962733
0,99,51,34,0.754859
0,99,51,35,0.73271
0,99,51,36,0.415917
0,99,51,37,0.822052
0,99,51,38,0.408708
0,99,51,39,0.748531
0,99,51,40,0.329997
0,99,51,41,0.634986
0,99,51,42,0.584728
0,99,51,43,0.512495
0,99,51,44,0.624188
0,99,51,45,0.40572
0,99,51,46,0.998303
0,99,51,47,0.687635
0,99,51,48,1.14967
0,99,51,49,0.850221
0,99,51,50,0.975504
0,99,51,51,1.00936
0,99,51,52,0.78565
0,99,51,53,1.01257
0,99,51,54,0.562626
0,99,51,55,1.10811
0,99,51,56,0.719505
0,99,51,57,1.08783
0,99,51,58,0.729659
0,99,51,59,0.667811
0,99,51,60,0.609821
0,99,51,61,0.392072
0,99,51,62,0.592523
0,99,51,63,0.186352
0,99,51,64,0.665607
0,99,51,65,0.4356
0,99,51,66,0.839215
0,99,51,67,0.727809
0,99,51,68,0.710553
0,99,51,69,0.825567
0,99,51,70,0.661295
0,99,51,71,1.0632
0,99,51,72,0.643618
0,99,51,73,1.08816
0,99,51,74,0.821013
0,99,51,75,1.13874
0,99,51,76,1.02468
0,99,51,77,0.842313
0,99,51,78,0.876869
0,99,51,79,0.594793
0,99,51,80,0.95001
0,99,51,81,0.491528
0,99,51,82,0.810404
0,99,51,83,0.439009
0,99,51,84,0.746696
0,99,51,85,0.574112
0,99,51,86,0.438317
0,99,51,87,0.41466
0,99,51,88,0.305946
0,99,51,89,0.808137
0,99,51,90,0.540942
0,99,51,91,1.00069
0,99,51,92,0.726896
0,99,51,93,1.03444
0,99,51,94,0.991535
0,99,51,95,0.819257
0,99,51,96,0.927839
0,99,51,97,0.607962
0,99,51,98,1.15569
0,99,51,99,0.754699
0,99,51,100,1.15805
0,99,51,101,0.789491
0,99,51,102,0.923277
0,99,51,103,0.828745
0,99,51,104,0.588955
0,99,51,105,0.639521
0,99,51,106,0.223795
0,99,51,107,0.668582
0,99,51,108,0.366318
0,99,51,109,0.769779
0,99,51,110,0.4452
0,99,51,111,0.646819
0,99,51,112,0.703208
0,99,52,0,0.971661
0,99,52,1,0.474442
0,99,52,2,0.859682
0,99,52,3,0.508177
0,99,52,4,1.15967
0,99,52,5,1.02286
0,99,52,6,0.903145
0,99,52,7,0.843102
0,99,52,8,0.638769
0,99,52,9,1.09832
0,99,52,10,0.622324
0,99,52,11,0.910755
0,99,52,12,0.394733
0,99,52,13,0.887244
0,99,52,14,0.790938
0,99,52,15,0.682689
0,99,52,16,0.393395
0,99,52,17,0.180881
0,99,52,18,0.575487
0,99,52,19,0.355825
0,99,52,20,0.695101
0,99,52,21,0.251711
0,99,52,22,0.806129
0,99,52,23,0.856222
0,99,52,24,0.936751
0,99,52,25,0.871144
0,99,52,26,0.472398
0,99,52,27,0.973469
0,99,52,28,0.685282
0,99,52,29,1.18762
0,99,52,30,0.58903
0,99,52,31,0.957099
0,99,52,32,0.959676
0,99,52,33,0.958452
0,99,52,34,0.908201
0,99,52,35,0.343077
0,99,52,36,0.683002
0,99,52,37,0.363982
0,99,52,38,0.905883
0,99,52,39,0.293338
0,99,52,40,0.495965
0,99,52,41,0.426754
0,99,52,42,0.571655
0,99,52,43,0.733344
0,99,52,44,0.230519
0,99,52,45,0.682047
0,99,52,46,0.469547
0,99,52,47,1.20096
0,99,52,48,0.788678
0,99,52,49,0.89155
0,99,52,50,0.883784
0,99,52,51,0.784999
0,99,52,52,1.16146
0,99,52,53,0.52238
0,99,52,54,0.89837
0,99,52,55,0.520736
0,99,52,56,1.13734
0,99,52,57,0.856093
0,99,52,58,0.764676
0,99,52,59,0.554072
0,99,52,60,0.399246
0,99,52,61,0.748001
0,99,52,62,0.248534
0,99,52,63,0.46773
0,99,52,64,0.13063
0,99,52,65,0.751001
0,99,52,66,0.721341
0,99,52,67,0.739418
0,99,52,68,0.66025
0,99,52,69,0.52048
0,99,52,70,1.02709
0,99,52,71,0.671754
0,99,52,72,1.02231
0,99,52,73,0.509017
0,99,52,74,1.0429
0,99,52,75,1.04581
0,99,52,76,1.00568
0,99,52,77,0.883165
0,99,52,78,0.493356
0,99,52,79,0.923373
0,99,52,80,0.582071
0,99,52,81,0.908578
0,99,52,82,0.297729
0,99,52,83,0.648556
0,99,52,84,0.568755
0,99,52,85,0.642531
0,99,52,86,0.47231
0,99,52,87,0.109605
0,99,52,88,0.549167
0,99,52,89,0.410024
0,99,52,90,1.01603
0,99,52,91,0.506511
0,99,52,92,0.863337
0,99,52,93,0.90749
0,99,52,94,0.955099
0,99,52,95,1.03265
0,99,52,96,0.447612
0,99,52,97,0.919335
0,99,52,98,0.603401
0,99,52,99,1.26756
0,99,52,100,0.733523
0,99,52,101,0.859837
0,99,52,102,0.791408
0,99,52,103,0.711296
0,99,52,104,0.901741
0,99,52,105,0.244355
0,99,52,106,0.468378
0,99,52,107,0.156687
0,99,52,108,0.819982
0,99,52,109,0.449584
0,99,52,110,0.536895
0,99,52,111,0.487128
0,99,52,112,0.51499
0,99,53,0,0.331104
0,99,53,1,0.872438
0,99,53,2,0.472415
0,99,53,3,1.03277
0,99,53,4,0.737175
0,99,53,5,0.932412
0,99,53,6,1.00651
0,99,53,7,0.744769
0,99,53,8,1.02594
0,99,53,9,0.466492
0,99,53,10,0.940212
0,99,53,11,0.496402
0,99,53,12,0.898608
0,99,53,13,0.583631
0,99,53,14,0.646723
0,99,53,15,0.693614
0,99,53,16,0.353957
0,99,53,17,0.539561
0,99,53,18,0.131497
0,99,53,19,0.547786
0,99,53,20,0.26825
0,99,53,21,0.722429
0,99,53,22,0.633075
0,99,53,23,0.742845
0,99,53,24,0.917202
0,99,53,25,0.634699
0,99,53,26,0.958059
0,99,53,27,0.498492
0,99,53,28,0.965615
0,99,53,29,0.602109
0,99,53,30,1.03592
0,99,53,31,0.902859
0,99,53,32,0.869146
0,99,53,33,0.921644
0,99,53,34,0.553414
0,99,53,35,0.813796
0,99,53,36,0.3191
0,99,53,37,0.70429
0,99,53,38,0.286799
0,99,53,39,0.62412
0,99,53,40,0.445409
0,99,53,41,0.485071
0,99,53,42,0.59958
0,99,53,43,0.293833
0,99,53,44,0.691479
0,99,53,45,0.337667
0,99,53,46,0.900357
0,99,53,47,0.560607
0,99,53,48,0.968468
0,99,53,49,0.951347
0,99,53,50,0.836833
0,99,53,51,1.01292
0,99,53,52,0.523137
0,99,53,53,0.988357
0,99,53,54,0.487681
0,99,53,55,1.02419
0,99,53,56,0.623834
0,99,53,57,0.850981
0,99,53,58,0.819401
0,99,53,59,0.540701
0,99,53,60,0.677708
0,99,53,61,0.152382
0,99,53,62,0.555043
0,99,53,63,0.1461
0,99,53,64,0.628816
0,99,53,65,0.412673
0,99,53,66,0.597841
0,99,53,67,0.790512
0,99,53,68,0.59038
0,99,53,69,0.925528
0,99,53,70,0.444198
0,99,53,71,0.942442
0,99,53,72,0.563204
0,99,53,73,1.01195
0,99,53,74,0.828196
0,99,53,75,0.883131
0,99,53,76,1.02156
0,99,53,77,0.6923
0,99,53,78,0.95893
0,99,53,79,0.414676
0,99,53,80,0.803843
0,99,53,81,0.394898
0,99,53,82,0.73992
0,99,53,83,0.519276
0,99,53,84,0.541381
0,99,53,85,0.576819
0,99,53,86,0.27192
0,99,53,87,0.527873
0,99,53,88,0.198697
0,99,53,89,0.689098
0,99,53,90,0.426499
0,99,53,91,0.897965
0,99,53,92,0.818221
0,99,53,93,0.848628
0,99,53,94,0.960908
0,99,53,95,0.606014
0,99,53,96,0.983405
0,99,53,97,0.512827
0,99,53,98,1.02465
0,99,53,99,0.604964
0,99,53,100,0.99053
0,99,53,101,0.885359
0,99,53,102,0.773363
0,99,53,103,0.826977
0,99,53,104,0.339163
0,99,53,105,0.670197
0,99,53,106,0.164394
0,99,53,107,0.598831
0,99,53,108,0.28035
0,99,53,109,0.586979
0,99,53,110,0.56703
0,99,53,111,0.5276
0,99,53,112,0.752234
0,99,54,0,0.757588
0,99,54,1,0.381557
0,99,54,2,1.06153
0,99,54,3,0.751156
0,99,54,4,0.917258
0,99,54,5,0.873757
0,99,54,6,0.831527
0,99,54,7,1.21004
0,99,54,8,0.602366
0,99,54,9,0.891015
0,99,54,10,0.386397
0,99,54,11,1.01456
0,99,54,12,0.720517
0,99,54,13,0.801602
0,99,54,14,0.692439
0,99,54,15,0.473353
0,99,54,16,0.810661
0,99,54,17,0.269536
0,99,54,18,0.589333
0,99,54,19,0.0441226
0,99,54,20,0.709742
0,99,54,21,0.607893
0,99,54,22,0.845813
0,99,54,23,0.860374
0,99,54,24,0.56305
0,99,54,25,1.10802
0,99,54,26,0.599981
0,99,54,27,1.01218
0,99,54,28,0.413477
0,99,54,29,0.939272
0,99,54,30,0.89527
0,99,54,31,1.03692
0,99,54,32,1.05116
0,99,54,33,0.529427
0,99,54,34,0.990938
0,99,54,35,0.465943
0,99,54,36,0.890006
0,99,54,37,0.259373
0,99,54,38,0.586604
0,99,54,39,0.539599
0,99,54,40,0.636866
0,99,54,41,0.740788
0,99,54,42,0.229056
0,99,54,43,0.699334
0,99,54,44,0.310583
0,99,54,45,0.938635
0,99,54,46,0.505963
0,99,54,47,0.808557
0,99,54,48,0.865832
0,99,54,49,0.968528
0,99,54,50,1.21078
0,99,54,51,0.561438
0,99,54,52,0.89713
0,99,54,53,0.486032
0,99,54,54,1.0957
0,99,54,55,0.698979
0,99,54,56,0.840869
0,99,54,57,0.788604
0,99,54,58,0.756831
0,99,54,59,0.99412
0,99,54,60,0.317328
0,99,54,61,0.581979
0,99,54,62,0.0930712
0,99,54,63,0.676751
0,99,54,64,0.437865
0,99,54,65,0.619325
0,99,54,66,0.612261
0,99,54,67,0.615096
0,99,54,68,1.07749
0,99,54,69,0.557245
0,99,54,70,0.89942
0,99,54,71,0.376024
0,99,54,72,1.03097
0,99,54,73,0.837729
0,99,54,74,0.988497
0,99,54,75,0.931599
0,99,54,76,0.702009
0,99,54,77,1.16965
0,99,54,78,0.594614
0,99,54,79,0.923988
0,99,54,80,0.274274
0,99,54,81,0.808793
0,99,54,82,0.645986
0,99,54,83,0.730434
0,99,54,84,0.68266
0,99,54,85,0.24786
0,99,54,86,0.706267
0,99,54,87,0.259479
0,99,54,88,0.723223
0,99,54,89,0.223049
0,99,54,90,0.750071
0,99,54,91,0.788224
0,99,54,92,0.975863
0,99,54,93,1.08684
0,99,54,94,0.535892
0,99,54,95,1.00383
0,99,54,96,0.547539
0,99,54,97,1.09227
0,99,54,98,0.542882
0,99,54,99,0.853643
0,99,54,100,0.886093
0,99,54,101,0.955458
0,99,54,102,1.12485
0,99,54,103,0.415209
0,99,54,104,0.750048
0,99,54,105,0.262543
0,99,54,106,0.751899
0,99,54,107,0.286768
0,99,54,108,0.51431
0,99,54,109,0.507925
0,99,54,110,0.611076
0,99,54,111,0.932342
0,99,54,112,0.373813
0,99,55,0,0.423664
0,99,55,1,0.988257
0,99,55,2,0.750146
0,99,55,3,1.04591
0,99,55,4,1.00974
0,99,55,5,0.848532
0,99,55,6,1.24316
0,99,55,7,0.758922
0,99,55,8,1.13773
0,99,55,9,0.512852
0,99,55,10,0.955025
0,99,55,11,0.802724
0,99,55,12,0.968095
0,99,55,13,0.975609
0,99,55,14,0.670669
0,99,55,15,1.03419
0,99,55,16,0.48474
0,99,55,17,0.824407
0,99,55,18,0.292146
0,99,55,19,0.629288
0,99,55,20,0.619576
0,99,55,21,0.829527
0,99,55,22,1.0502
0,99,55,23,0.764327
0,99,55,24,1.14533
0,99,55,25,0.72927
0,99,55,26,1.10753
0,99,55,27,0.610188
0,99,55,28,0.891945
0,99,55,29,0.825026
0,99,55,30,0.998329
0,99,55,31,1.21976
0,99,55,32,0.852477
0,99,55,33,1.0932
0,99,55,34,0.65357
0,99,55,35,1.01926
0,99,55,36,0.551157
0,99,55,37,0.765205
0,99,55,38,0.621089
0,99,55,39,0.721681
0,99,55,40,0.905633
0,99,55,41,0.574382
0,99,55,42,0.853844
0,99,55,43,0.400054
0,99,55,44,0.903839
0,99,55,45,0.600518
0,99,55,46,0.944475
0,99,55,47,0.853928
0,99,55,48,0.968583
0,99,55,49,1.27408
0,99,55,50,0.841663
0,99,55,51,1.10744
0,99,55,52,0.520849
0,99,55,53,1.0231
0,99,55,54,0.700391
0,99,55,55,1.02888
0,99,55,56,0.931052
0,99,55,57,0.851982
0,99,55,58,1.2124
0,99,55,59,0.65621
0,99,55,60,0.941561
0,99,55,61,0.268933
0,99,55,62,0.703112
0,99,55,63,0.475474
0,99,55,64,0.73533
0,99,55,65,0.792344
0,99,55,66,0.624705
0,99,55,67,1.13949
0,99,55,68,0.705268
0,99,55,69,1.13889
0,99,55,70,0.537321
0,99,55,71,0.936656
0,99,55,72,0.830545
0,99,55,73,0.996727
0,99,55,74,1.11198
0,99,55,75,0.797182
0,99,55,76,1.18944
0,99,55,77,0.745291
0,99,55,78,1.12469
0,99,55,79,0.56252
0,99,55,80,0.835007
0,99,55,81,0.739205
0,99,55,82,0.844401
0,99,55,83,0.958561
0,99,55,84,0.591765
0,99,55,85,0.853274
0,99,55,86,0.409257
0,99,55,87,0.795898
0,99,55,88,0.421213
0,99,55,89,0.74582
0,99,55,90,0.746363
0,99,55,91,0.974375
0,99,55,92,1.21114
0,99,55,93,0.869019
0,99,55,94,1.10537
0,99,55,95,0.641555
0,99,55,96,1.05176
0,99,55,97,0.653216
0,99,55,98,0.952583
0,99,55,99,0.835733
0,99,55,100,0.991392
0,99,55,101,1.25344
0,99,55,102,0.833833
0,99,55,103,1.03584
0,99,55,104,0.433398
0,99,55,105,0.874301
0,99,55,106,0.45429
0,99,55,107,0.699411
0,99,55,108,0.634591
0,99,55,109,0.642662
0,99,55,110,1.00009
0,99,55,111,0.635216
0,99,55,112,0.993763
0,99,56,0,1.13429
0,99,56,1,0.719449
0,99,56,2,0.894035
0,99,56,3,0.944606
0,99,56,4,1.02302
0,99,56,5,1.32242
0,99,56,6,0.790048
0,99,56,7,1.07194
0,99,56,8,0.621276
0,99,56,9,1.09948
0,99,56,10,0.798887
0,99,56,11,0.92059
0,99,56,12,0.930736
0,99,56,13,0.924255
0,99,56,14,1.27585
0,99,56,15,0.75126
0,99,56,16,0.898462
0,99,56,17,0.374974
0,99,56,18,0.837743
0,99,56,19,0.648633
0,99,56,20,0.801515
0,99,56,21,0.833991
0,99,56,22,0.860155
0,99,56,23,1.32931
0,99,56,24,0.919238
0,99,56,25,1.15438
0,99,56,26,0.555537
0,99,56,27,0.98044
0,99,56,28,0.8519
0,99,56,29,0.985743
0,99,56,30,0.988003
0,99,56,31,0.847534
0,99,56,32,1.3157
0,99,56,33,0.889855
0,99,56,34,1.1703
0,99,56,35,0.532174
0,99,56,36,0.876508
0,99,56,37,0.805925
0,99,56,38,0.909537
0,99,56,39,0.918528
0,99,56,40,0.574964
0,99,56,41,1.01147
0,99,56,42,0.640718
0,99,56,43,1.03894
0,99,56,44,0.487907
0,99,56,45,0.851792
0,99,56,46,0.929441
0,99,56,47,1.09118
0,99,56,48,1.24817
0,99,56,49,0.817593
0,99,56,50,1.17356
0,99,56,51,0.716472
0,99,56,52,1.13552
0,99,56,53,0.620273
0,99,56,54,0.839802
0,99,56,55,0.92814
0,99,56,56,1.0423
0,99,56,57,1.32929
0,99,56,58,0.815119
0,99,56,59,1.0621
0,99,56,60,0.561187
0,99,56,61,0.965739
0,99,56,62,0.537614
0,99,56,63,0.639507
0,99,56,64,0.695397
0,99,56,65,0.815554
0,99,56,66,1.21005
0,99,56,67,0.813855
0,99,56,68,1.09898
0,99,56,69,0.644921
0,99,56,70,1.12211
0,99,56,71,0.837094
0,99,56,72,0.928421
0,99,56,73,0.908997
0,99,56,74,0.887569
0,99,56,75,1.30875
0,99,56,76,0.86704
0,99,56,77,1.10583
0,99,56,78,0.583155
0,99,56,79,1.03584
0,99,56,80,0.862675
0,99,56,81,0.94933
0,99,56,82,0.890101
0,99,56,83,0.725813
0,99,56,84,1.13494
0,99,56,85,0.679709
0,99,56,86,0.906724
0,99,56,87,0.33059
0,99,56,88,0.791044
0,99,56,89,0.795873
0,99,56,90,1.01233
0,99,56,91,1.07643
0,99,56,92,0.865133
0,99,56,93,1.31197
0,99,56,94,0.86301
0,99,56,95,1.14665
0,99,56,96,0.499633
0,99,56,97,0.859326
0,99,56,98,0.873551
0,99,56,99,1.05297
0,99,56,100,1.18548
0,99,56,101,0.827823
0,99,56,102,1.24043
0,99,56,103,0.78261
0,99,56,104,1.13318
0,99,56,105,0.516767
0,99,56,106,0.68426
0,99,56,107,0.684518
0,99,56,108,0.827756
0,99,56,109,1.02824
0,99,56,110,0.622765
0,99,56,111,1.03659
0,99,56,112,0.657623
0,99,57,0,0.947401
0,99,57,1,0.99421
0,99,57,2,0.915326
0,99,57,3,0.840387
0,99,57,4,1.28108
0,99,57,5,1.02079
0,99,57,6,1.16626
0,99,57,7,0.660443
0,99,57,8,0.966273
0,99,57,9,0.860595
0,99,57,10,1.0151
0,99,57,11,0.996935
0,99,57,12,0.831949
0,99,57,13,1.26712
0,99,57,14,1.049
0,99,57,15,1.25825
0,99,57,16,0.613936
0,99,57,17,0.810555
0,99,57,18,0.711238
0,99,57,19,0.912197
0,99,57,20,0.987631
0,99,57,21,0.755849
0,99,57,22,1.2403
0,99,57,23,1.04147
0,99,57,24,1.39481
0,99,57,25,0.808156
0,99,57,26,0.873911
0,99,57,27,0.761864
0,99,57,28,0.950884
0,99,57,29,1.12897
0,99,57,30,0.755621
0,99,57,31,1.17693
0,99,57,32,0.941054
0,99,57,33,1.34099
0,99,57,34,0.884253
0,99,57,35,0.890193
0,99,57,36,0.804063
0,99,57,37,0.916006
0,99,57,38,1.21392
0,99,57,39,0.773216
0,99,57,40,1.03269
0,99,57,41,0.715968
0,99,57,42,1.14981
0,99,57,43,0.832048
0,99,57,44,0.838754
0,99,57,45,0.822741
0,99,57,46,0.937701
0,99,57,47,1.36975
0,99,57,48,1.00166
0,99,57,49,1.19028
0,99,57,50,0.757629
0,99,57,51,1.08638
0,99,57,52,0.855012
0,99,57,53,0.849263
0,99,57,54,0.78915
0,99,57,55,0.850649
0,99,57,56,1.33051
0,99,57,57,1.09909
0,99,57,58,1.27175
0,99,57,59,0.742236
0,99,57,60,1.0129
0,99,57,61,0.81657
0,99,57,62,0.852548
0,99,57,63,0.749756
0,99,57,64,0.677677
0,99,57,65,1.171
0,99,57,66,1.0094
0,99,57,67,1.28566
0,99,57,68,0.776714
0,99,57,69,1.03511
0,99,57,70,0.908157
0,99,57,71,1.03856
0,99,57,72,0.996446
0,99,57,73,0.729714
0,99,57,74,1.16249
0,99,57,75,0.960392
0,99,57,76,1.28291
0,99,57,77,0.73178
0,99,57,78,0.930268
0,99,57,79,0.859386
0,99,57,80,1.05851
0,99,57,81,1.15474
0,99,57,82,0.791627
0,99,57,83,1.14356
0,99,57,84,0.862765
0,99,57,85,1.2081
0,99,57,86,0.651021
0,99,57,87,0.738245
0,99,57,88,0.714993
0,99,57,89,0.944968
0,99,57,90,1.26796
0,99,57,91,0.903719
0,99,57,92,1.2378
0,99,57,93,0.931822
0,99,57,94,1.3027
0,99,57,95,0.828895
0,99,57,96,0.774532
0,99,57,97,0.715158
0,99,57,98,0.86532
0,99,57,99,1.27373
0,99,57,100,0.937872
0,99,57,101,1.22051
0,99,57,102,0.871839
0,99,57,103,1.2372
0,99,57,104,0.932061
0,99,57,105,0.860063
0,99,57,106,0.70417
0,99,57,107,0.722305
0,99,57,108,1.18598
0,99,57,109,0.865891
0,99,57,110,1.09741
0,99,57,111,0.719487
0,99,57,112,1.09919
0,99,58,0,0.866706
0,99,58,1,0.992329
0,99,58,2,0.85908
0,99,58,3,1.25003
0,99,58,4,0.788341
0,99,58,5,1.12101
0,99,58,6,0.79564
0,99,58,7,1.0362
0,99,58,8,0.796187
0,99,58,9,0.773902
0,99,58,10,0.912436
0,99,58,11,0.862839
0,99,58,12,1.32271
0,99,58,13,0.927935
0,99,58,14,1.19359
0,99,58,15,0.894205
0,99,58,16,1.05646
0,99,58,17,0.84137
0,99,58,18,0.75116
0,99,58,19,0.85416
0,99,58,20,0.792579
0,99,58,21,1.28633
0,99,58,22,0.988403
0,99,58,23,1.24909
0,99,58,24,0.892437
0,99,58,25,1.08136
0,99,58,26,0.868738
0,99,58,27,0.78508
0,99,58,28,0.870465
0,99,58,29,0.681756
0,99,58,30,1.1867
0,99,58,31,0.890723
0,99,58,32,1.20152
0,99,58,33,0.799723
0,99,58,34,1.03968
0,99,58,35,0.964547
0,99,58,36,0.905242
0,99,58,37,1.09064
0,99,58,38,0.734513
0,99,58,39,1.23402
0,99,58,40,0.856034
0,99,58,41,1.15612
0,99,58,42,0.760638
0,99,58,43,0.900504
0,99,58,44,0.950262
0,99,58,45,0.896825
0,99,58,46,1.21334
0,99,58,47,0.78882
0,99,58,48,1.26864
0,99,58,49,0.906369
0,99,58,50,1.14281
0,99,58,51,0.726164
0,99,58,52,0.76352
0,99,58,53,0.815536
0,99,58,54,0.755894
0,99,58,55,1.20988
0,99,58,56,0.814883
0,99,58,57,1.27101
0,99,58,58,1.0053
0,99,58,59,1.19862
0,99,58,60,0.886483
0,99,58,61,0.757539
0,99,58,62,0.858734
0,99,58,63,0.751372
0,99,58,64,1.20765
0,99,58,65,0.823401
0,99,58,66,1.15018
0,99,58,67,0.969593
0,99,58,68,1.18903
0,99,58,69,0.983363
0,99,58,70,0.856689
0,99,58,71,0.898414
0,99,58,72,0.76391
0,99,58,73,1.15739
0,99,58,74,0.788504
0,99,58,75,1.08548
0,99,58,76,0.766494
0,99,58,77,1.04766
0,99,58,78,0.918887
0,99,58,79,0.869257
0,99,58,80,0.989802
0,99,58,81,0.847114
0,99,58,82,1.30984
0,99,58,83,0.939691
0,99,58,84,1.1682
0,99,58,85,0.74792
0,99,58,86,0.940102
0,99,58,87,0.831898
0,99,58,88,0.819936
0,99,58,89,1.02688
0,99,58,90,0.820533
0,99,58,91,1.3609
0,99,58,92,0.991012
0,99,58,93,1.24394
0,99,58,94,0.755766
0,99,58,95,0.906116
0,99,58,96,0.787592
0,99,58,97,0.749015
0,99,58,98,0.999837
0,99,58,99,0.692173
0,99,58,100,1.25748
0,99,58,101,0.960876
0,99,58,102,1.28658
0,99,58,103,0.888101
0,99,58,104,0.913431
0,99,58,105,0.945458
0,99,58,106,0.800542
0,99,58,107,1.11586
0,99,58,108,0.697872
0,99,58,109,1.16571
0,99,58,110,0.908404
0,99,58,111,1.20786
0,99,58,112,0.910475
0,99,59,0,0.801044
0,99,59,1,0.682402
0,99,59,2,1.13828
0,99,59,3,0.674574
0,99,59,4,0.997542
0,99,59,5,0.534609
0,99,59,6,0.931844
0,99,59,7,0.78049
0,99,59,8,0.709264
0,99,59,9,0.657247
0,99,59,10,0.537643
0,99,59,11,1.13964
0,99,59,12,0.808486
0,99,59,13,1.21624
0,99,59,14,0.755556
0,99,59,15,1.03701
0,99,59,16,0.967034
0,99,59,17,0.823572
0,99,59,18,0.843812
0,99,59,19,0.483063
0,99,59,20,1.14643
0,99,59,21,0.831818
0,99,59,22,1.29841
0,99,59,23,0.806888
0,99,59,24,0.927852
0,99,59,25,0.895236
0,99,59,26,0.741372
0,99,59,27,0.777185
0,99,59,28,0.38447
0,99,59,29,0.89993
0,99,59,30,0.632552
0,99,59,31,1.14041
0,99,59,32,0.740959
0,99,59,33,0.813154
0,99,59,34,0.893327
0,99,59,35,0.825252
0,99,59,36,1.10301
0,99,59,37,0.60555
0,99,59,38,1.06324
0,99,59,39,0.777617
0,99,59,40,1.21454
0,99,59,41,0.876076
0,99,59,42,0.79247
0,99,59,43,0.840329
0,99,59,44,0.767556
0,99,59,45,1.15603
0,99,59,46,0.659204
0,99,59,47,1.03201
0,99,59,48,0.700848
0,99,59,49,1.11343
0,99,59,50,0.794628
0,99,59,51,0.666551
0,99,59,52,0.551706
0,99,59,53,0.539104
0,99,59,54,0.993326
0,99,59,55,0.65416
0,99,59,56,1.06202
0,99,59,57,0.740584
0,99,59,58,1.19847
0,99,59,59,1.03673
0,99,59,60,0.854612
0,99,59,61,0.773025
0,99,59,62,0.584883
0,99,59,63,1.11725
0,99,59,64,0.74506
0,99,59,65,1.13176
0,99,59,66,0.714596
0,99,59,67,1.10886
0,99,59,68,1.0412
0,99,59,69,0.879241
0,99,59,70,0.790857
0,99,59,71,0.486665
0,99,59,72,1.00242
0,99,59,73,0.624232
0,99,59,74,1.02106
0,99,59,75,0.54073
0,99,59,76,0.84429
0,99,59,77,0.84423
0,99,59,78,0.808874
0,99,59,79,0.900677
0,99,59,80,0.552389
0,99,59,81,1.1722
0,99,59,82,0.860676
0,99,59,83,1.27645
0,99,59,84,0.803613
0,99,59,85,0.826545
0,99,59,86,0.875395
0,99,59,87,0.785113
0,99,59,88,1.00816
0,99,59,89,0.567743
0,99,59,90,1.11646
0,99,59,91,0.830912
0,99,59,92,1.25331
0,99,59,93,0.811628
0,99,59,94,0.746962
0,99,59,95,0.688426
0,99,59,96,0.596977
0,99,59,97,0.87264
0,99,59,98,0.456097
0,99,59,99,0.900398
0,99,59,100,0.707008
0,99,59,101,1.20421
0,99,59,102,0.968709
0,99,59,103,0.85077
0,99,59,104,0.834852
0,99,59,105,0.740389
0,99,59,106,1.12372
0,99,59,107,0.6371
0,99,59,108,1.03107
0,99,59,109,0.707805
0,99,59,110,1.17769
0,99,59,111,1.01767
0,99,59,112,0.865291
0,99,60,0,0.594486
0,99,60,1,0.90677
0,99,60,2,0.422711
0,99,60,3,0.93339
0,99,60,4,0.486183
0,99,60,5,0.794576
0,99,60,6,0.598871
0,99,60,7,0.572702
0,99,60,8,0.660976
0,99,60,9,0.414146
0,99,60,10,0.805059
0,99,60,11,0.487853
0,99,60,12,1.05219
0,99,60,13,0.722993
0,99,60,14,0.995655
0,99,60,15,0.92913
0,99,60,16,0.783412
0,99,60,17,0.893314
0,99,60,18,0.553735
0,99,60,19,0.915499
0,99,60,20,0.592291
0,99,60,21,1.09129
0,99,60,22,0.782343
0,99,60,23,0.969931
0,99,60,24,0.823506
0,99,60,25,0.650582
0,99,60,26,0.690744
0,99,60,27,0.357664
0,99,60,28,0.699523
0,99,60,29,0.349886
0,99,60,30,0.832979
0,99,60,31,0.594249
0,99,60,32,0.838784
0,99,60,33,0.726357
0,99,60,34,0.682574
0,99,60,35,0.876814
0,99,60,36,0.560878
0,99,60,37,1.04716
0,99,60,38,0.606082
0,99,60,39,1.09119
0,99,60,40,0.775691
0,99,60,41,0.940782
0,99,60,42,0.863982
0,99,60,43,0.685321
0,99,60,44,0.943143
0,99,60,45,0.529075
0,99,60,46,1.02696
0,99,60,47,0.518911
0,99,60,48,0.942006
0,99,60,49,0.63319
0,99,60,50,0.683163
0,99,60,51,0.606841
0,99,60,52,0.398384
0,99,60,53,0.674469
0,99,60,54,0.316692
0,99,60,55,0.93956
0,99,60,56,0.560925
0,99,60,57,1.01206
0,99,60,58,0.886426
0,99,60,59,0.854377
0,99,60,60,0.935554
0,99,60,61,0.570371
0,99,60,62,0.934233
0,99,60,63,0.522398
0,99,60,64,1.0948
0,99,60,65,0.710965
0,99,60,66,0.987918
0,99,60,67,0.928765
0,99,60,68,0.790818
0,99,60,69,0.869986
0,99,60,70,0.487332
0,99,60,71,0.764173
0,99,60,72,0.367081
0,99,60,73,0.803819
0,99,60,74,0.478817
0,99,60,75,0.746816
0,99,60,76,0.638582
0,99,60,77,0.608476
0,99,60,78,0.784392
0,99,60,79,0.508601
0,99,60,80,0.918764
0,99,60,81,0.600188
0,99,60,82,1.09375
0,99,60,83,0.804573
0,99,60,84,0.990206
0,99,60,85,0.853732
0,99,60,86,0.717111
0,99,60,87,0.866397
0,99,60,88,0.559879
0,99,60,89,0.996628
0,99,60,90,0.605587
0,99,60,91,1.07071
0,99,60,92,0.706971
0,99,60,93,0.846277
0,99,60,94,0.652755
0,99,60,95,0.507767
0,99,60,96,0.617119
0,99,60,97,0.297944
0,99,60,98,0.78903
0,99,60,99,0.407951
0,99,60,100,0.938695
0,99,60,101,0.719833
0,99,60,102,0.892075
0,99,60,103,0.877041
0,99,60,104,0.664585
0,99,60,105,0.960296
0,99,60,106,0.526251
0,99,60,107,1.06531
0,99,60,108,0.607941
0,99,60,109,1.04256
0,99,60,110,0.862276
0,99,60,111,0.907286
0,99,60,112,0.929172
0,99,61,0,1.03677
0,99,61,1,0.369267
0,99,61,2,0.688885
0,99,61,3,0.217867
0,99,61,4,0.810093
0,99,61,5,0.645471
0,99,61,6,0.499484
0,99,61,7,0.474752
0,99,61,8,0.264078
0,99,61,9,0.78048
0,99,61,10,0.384858
0,99,61,11,0.770974
0,99,61,12,0.349841
0,99,61,13,0.945268
0,99,61,14,0.970925
0,99,61,15,0.872865
0,99,61,16,0.791683
0,99,61,17,0.435616
0,99,61,18,0.954448
0,99,61,19,0.601104
0,99,61,20,0.984171
0,99,61,21,0.433623
0,99,61,22,0.898801
0,99,61,23,0.883781
0,99,61,24,0.803058
0,99,61,25,0.678807
0,99,61,26,0.132916
0,99,61,27,0.603252
0,99,61,28,0.30939
0,99,61,29,0.780446
0,99,61,30,0.223858
0,99,61,31,0.607808
0,99,61,32,0.703221
0,99,61,33,0.746114
0,99,61,34,0.833759
0,99,61,35,0.273883
0,99,61,36,0.830227
0,99,61,37,0.533098
0,99,61,38,1.17735
0,99,61,39,0.619902
0,99,61,40,0.787803
0,99,61,41,0.831832
0,99,61,42,0.805457
0,99,61,43,1.02417
0,99,61,44,0.338549
0,99,61,45,0.784514
0,99,61,46,0.389106
0,99,61,47,1.03633
0,99,61,48,0.545818
0,99,61,49,0.541198
0,99,61,50,0.525627
0,99,61,51,0.390314
0,99,61,52,0.744831
0,99,61,53,0.150226
0,99,61,54,0.58025
0,99,61,55,0.265962
0,99,61,56,0.964671
0,99,61,57,0.813642
0,99,61,58,0.756344
0,99,61,59,0.771438
0,99,61,60,0.569416
0,99,61,61,1.06744
0,99,61,62,0.505816
0,99,61,63,0.852385
0,99,61,64,0.417262
0,99,61,65,1.02366
0,99,61,66,0.966361
0,99,61,67,0.81813
0,99,61,68,0.730255
0,99,61,69,0.362569
0,99,61,70,0.834263
0,99,61,71,0.381153
0,99,61,72,0.67237
0,99,61,73,0.137268
0,99,61,74,0.633005
0,99,61,75,0.659032
0,99,61,76,0.63935
0,99,61,77,0.600932
0,99,61,78,0.242718
0,99,61,79,0.817906
0,99,61,80,0.548011
0,99,61,81,1.01537
0,99,61,82,0.474677
0,99,61,83,0.888326
0,99,61,84,0.924849
0,99,61,85,0.898993
0,99,61,86,0.871942
0,99,61,87,0.332886
0,99,61,88,0.870434
0,99,61,89,0.556571
0,99,61,90,1.10582
0,99,61,91,0.469602
0,99,61,92,0.678944
0,99,61,93,0.681008
0,99,61,94,0.642864
0,99,61,95,0.673658
0,99,61,96,0.0418295
0,99,61,97,0.529032
0,99,61,98,0.239456
0,99,61,99,0.92252
0,99,61,100,0.487352
0,99,61,101,0.639004
0,99,61,102,0.74937
0,99,61,103,0.699709
0,99,61,104,1.0601
0,99,61,105,0.387742
0,99,61,106,0.811652
0,99,61,107,0.448567
0,99,61,108,1.13375
0,99,61,109,0.785933
0,99,61,110,0.783072
0,99,61,111,0.803166
0,99,61,112,0.613374
0,99,62,0,0.468329
0,99,62,1,0.790823
0,99,62,2,0.193875
0,99,62,3,0.664145
0,99,62,4,0.430069
0,99,62,5,0.622816
0,99,62,6,0.555023
0,99,62,7,0.271544
0,99,62,8,0.585798
0,99,62,9,0.255605
0,99,62,10,0.729651
0,99,62,11,0.302884
0,99,62,12,0.794221
0,99,62,13,0.674273
0,99,62,14,0.878918
0,99,62,15,1.00705
0,99,62,16,0.562885
0,99,62,17,0.872818
0,99,62,18,0.45471
0,99,62,19,0.943965
0,99,62,20,0.513263
0,99,62,21,0.853451
0,99,62,22,0.716051
0,99,62,23,0.780911
0,99,62,24,0.875619
0,99,62,25,0.358631
0,99,62,26,0.556193
0,99,62,27,0.118774
0,99,62,28,0.600326
0,99,62,29,0.263246
0,99,62,30,0.55751
0,99,62,31,0.508822
0,99,62,32,0.604768
0,99,62,33,0.791924
0,99,62,34,0.456673
0,99,62,35,0.757663
0,99,62,36,0.344138
0,99,62,37,0.951234
0,99,62,38,0.653437
0,99,62,39,0.91206
0,99,62,40,0.780583
0,99,62,41,0.754345
0,99,62,42,0.995659
0,99,62,43,0.56844
0,99,62,44,0.838029
0,99,62,45,0.298706
0,99,62,46,0.824337
0,99,62,47,0.499705
0,99,62,48,0.708123
0,99,62,49,0.554711
0,99,62,50,0.379678
0,99,62,51,0.590133
0,99,62,52,0.247525
0,99,62,53,0.552203
0,99,62,54,0.0926615
0,99,62,55,0.70118
0,99,62,56,0.537607
0,99,62,57,0.851534
0,99,62,58,0.858871
0,99,62,59,0.58455
0,99,62,60,0.934207
0,99,62,61,0.506505
0,99,62,62,0.931619
0,99,62,63,0.403281
0,99,62,64,0.905428
0,99,62,65,0.731537
0,99,62,66,0.897563
0,99,62,67,0.941455
0,99,62,68,0.491686
0,99,62,69,0.767431
0,99,62,70,0.298921
0,99,62,71,0.686161
0,99,62,72,0.188755
0,99,62,73,0.525539
0,99,62,74,0.389374
0,99,62,75,0.565875
0,99,62,76,0.671053
0,99,62,77,0.32156
0,99,62,78,0.674287
0,99,62,79,0.305196
0,99,62,80,0.862587
0,99,62,81,0.515318
0,99,62,82,0.856423
0,99,62,83,0.77749
0,99,62,84,0.85431
0,99,62,85,1.01539
0,99,62,86,0.549782
0,99,62,87,0.813341
0,99,62,88,0.390384
0,99,62,89,0.929531
0,99,62,90,0.576541
0,99,62,91,0.795547
0,99,62,92,0.61018
0,99,62,93,0.57304
0,99,62,94,0.702255
0,99,62,95,0.286593
0,99,62,96,0.479898
0,99,62,97,0.0552349
0,99,62,98,0.619521
0,99,62,99,0.386955
0,99,62,100,0.697279
0,99,62,101,0.652274
0,99,62,102,0.608478
0,99,62,103,0.913101
0,99,62,104,0.545317
0,99,62,105,0.87512
0,99,62,106,0.357104
0,99,62,107,0.927709
0,99,62,108,0.692901
0,99,62,109,0.933277
0,99,62,110,0.873457
0,99,62,111,0.656782
0,99,62,112,0.926555
0,99,63,0,0.765929
0,99,63,1,0.299657
0,99,63,2,0.771011
0,99,63,3,0.461989
0,99,63,4,0.518656
0,99,63,5,0.478613
0,99,63,6,0.410376
0,99,63,7,0.748038
0,99,63,8,0.248025
0,99,63,9,0.549225
0,99,63,10,0.198511
0,99,63,11,0.802718
0,99,63,12,0.682401
0,99,63,13,0.833868
0,99,63,14,0.861469
0,99,63,15,0.685658
0,99,63,16,1.12278
0,99,63,17,0.535881
0,99,63,18,0.904358
0,99,63,19,0.341949
0,99,63,20,0.924904
0,99,63,21,0.776856
0,99,63,22,0.890256
0,99,63,23,0.85329
0,99,63,24,0.43654
0,99,63,25,0.838958
0,99,63,26,0.243601
0,99,63,27,0.582304
0,99,63,28,0.0679862
0,99,63,29,0.478291
0,99,63,30,0.507913
0,99,63,31,0.636932
0,99,63,32,0.763082
0,99,63,33,0.344601
0,99,63,34,0.862921
0,99,63,35,0.408244
0,99,63,36,0.953018
0,99,63,37,0.484262
0,99,63,38,0.822994
0,99,63,39,0.884584
0,99,63,40,0.884168
0,99,63,41,1.10497
0,99,63,42,0.492894
0,99,63,43,0.928312
0,99,63,44,0.427539
0,99,63,45,0.91651
0,99,63,46,0.448847
0,99,63,47,0.58675
0,99,63,48,0.607337
0,99,63,49,0.568126
0,99,63,50,0.779641
0,99,63,51,0.183429
0,99,63,52,0.463788
0,99,63,53,0.142365
0,99,63,54,0.673668
0,99,63,55,0.470752
0,99,63,56,0.63717
0,99,63,57,0.74553
0,99,63,58,0.749499
0,99,63,59,1.11472
0,99,63,60,0.520697
0,99,63,61,0.851257
0,99,63,62,0.401354
0,99,63,63,0.972332
0,99,63,64,0.742175
0,99,63,65,0.85986
0,99,63,66,0.845405
0,99,63,67,0.686854
0,99,63,68,1.03372
0,99,63,69,0.40242
0,99,63,70,0.652637
0,99,63,71,0.118486
0,99,63,72,0.602496
0,99,63,73,0.432812
0,99,63,74,0.531252
0,99,63,75,0.525155
0,99,63,76,0.344101
0,99,63,77,0.817425
0,99,63,78,0.353311
0,99,63,79,0.76687
0,99,63,80,0.29467
0,99,63,81,0.862237
0,99,63,82,0.826214
0,99,63,83,0.941682
0,99,63,84,1.01893
0,99,63,85,0.539014
0,99,63,86,1.03549
0,99,63,87,0.470724
0,99,63,88,0.957112
0,99,63,89,0.407835
0,99,63,90,0.776736
0,99,63,91,0.742114
0,99,63,92,0.725516
0,99,63,93,0.810621
0,99,63,94,0.235334
0,99,63,95,0.602903
0,99,63,96,0.144142
0,99,63,97,0.613732
0,99,63,98,0.209325
0,99,63,99,0.4701
0,99,63,100,0.630637
0,99,63,101,0.696579
0,99,63,102,1.02578
0,99,63,103,0.442267
0,99,63,104,0.863185
0,99,63,105,0.444666
0,99,63,106,0.985669
0,99,63,107,0.626215
0,99,63,108,0.799692
0,99,63,109,0.857866
0,99,63,110,0.834185
0,99,63,111,1.15555
0,99,63,112,0.48884
0,99,64,0,0.353573
0,99,64,1,0.815009
0,99,64,2,0.545564
0,99,64,3,0.71385
0,99,64,4,0.599367
0,99,64,5,0.387562
0,99,64,6,0.815172
0,99,64,7,0.421039
0,99,64,8,0.761687
0,99,64,9,0.195972
0,99,64,10,0.643447
0,99,64,11,0.645363
0,99,64,12,0.90686
0,99,64,13,0.97895
0,99,64,14,0.684301
0,99,64,15,1.1843
0,99,64,16,0.705293
0,99,64,17,1.11818
0,99,64,18,0.475368
0,99,64,19,0.780974
0,99,64,20,0.784736
0,99,64,21,0.964869
0,99,64,22,1.10608
0,99,64,23,0.623769
0,99,64,24,0.930321
0,99,64,25,0.455102
0,99,64,26,0.807
0,99,64,27,0.238174
0,99,64,28,0.424879
0,99,64,29,0.406351
0,99,64,30,0.616932
0,99,64,31,0.909526
0,99,64,32,0.524116
0,99,64,33,0.803388
0,99,64,34,0.49429
0,99,64,35,1.0007
0,99,64,36,0.599425
0,99,64,37,0.843168
0,99,64,38,0.78373
0,99,64,39,0.927965
0,99,64,40,1.24215
0,99,64,41,0.767604
0,99,64,42,1.02844
0,99,64,43,0.497839
0,99,64,44,1.0104
0,99,64,45,0.606093
0,99,64,46,0.766906
0,99,64,47,0.590998
0,99,64,48,0.610221
0,99,64,49,0.947319
0,99,64,50,0.467608
0,99,64,51,0.663733
0,99,64,52,0.128632
0,99,64,53,0.626163
0,99,64,54,0.436849
0,99,64,55,0.732604
0,99,64,56,0.694931
0,99,64,57,0.675793
0,99,64,58,1.20742
0,99,64,59,0.744734
0,99,64,60,1.09453
0,99,64,61,0.418182
0,99,64,62,0.905126
0,99,64,63,0.744632
0,99,64,64,0.9907
0,99,64,65,0.975817
0,99,64,66,0.680939
0,99,64,67,1.16728
0,99,64,68,0.648417
0,99,64,69,0.987672
0,99,64,70,0.264942
0,99,64,71,0.550604
0,99,64,72,0.468795
0,99,64,73,0.618421
0,99,64,74,0.689398
0,99,64,75,0.356086
0,99,64,76,0.770383
0,99,64,77,0.457635
0,99,64,78,0.921792
0,99,64,79,0.399237
0,99,64,80,0.701833
0,99,64,81,0.761836
0,99,64,82,0.977132
0,99,64,83,1.20411
0,99,64,84,0.746107
0,99,64,85,1.04983
0,99,64,86,0.601907
0,99,64,87,1.06835
0,99,64,88,0.566745
0,99,64,89,0.782055
0,99,64,90,0.716073
0,99,64,91,0.842653
0,99,64,92,1.04593
0,99,64,93,0.536364
0,99,64,94,0.709711
0,99,64,95,0.26207
0,99,64,96,0.678518
0,99,64,97,0.319417
0,99,64,98,0.516824
0,99,64,99,0.455064
0,99,64,100,0.661241
0,99,64,101,1.07421
0,99,64,102,0.689255
0,99,64,103,0.966224
0,99,64,104,0.456029
0,99,64,105,1.00972
0,99,64,106,0.694888
0,99,64,107,0.926139
0,99,64,108,0.841764
0,99,64,109,0.809937
0,99,64,110,1.26804
0,99,64,111,0.77455
0,99,64,112,1.04252
0,99,65,0,0.984958
0,99,65,1,0.609836
0,99,65,2,0.69691
0,99,65,3,0.757994
0,99,65,4,0.68387
0,99,65,5,0.934351
0,99,65,6,0.522784
0,99,65,7,0.816498
0,99,65,8,0.423007
0,99,65,9,0.781342
0,99,65,10,0.590926
0,99,65,11,0.780825
0,99,65,12,0.937866
0,99,65,13,0.9153
0,99,65,14,1.24805
0,99,65,15,0.867015
0,99,65,16,1.10353
0,99,65,17,0.628053
0,99,65,18,0.980371
0,99,65,19,0.764798
0,99,65,20,0.922879
0,99,65,21,0.997125
0,99,65,22,0.890683
0,99,65,23,1.19598
0,99,65,24,0.705315
0,99,65,25,0.926204
0,99,65,26,0.363578
0,99,65,27,0.67379
0,99,65,28,0.518104
0,99,65,29,0.634697
0,99,65,30,0.779725
0,99,65,31,0.642858
0,99,65,32,1.06284
0,99,65,33,0.640489
0,99,65,34,1.01122
0,99,65,35,0.54437
0,99,65,36,0.90029
0,99,65,37,0.907995
0,99,65,38,0.970769
0,99,65,39,1.15875
0,99,65,40,0.824179
0,99,65,41,1.2265
0,99,65,42,0.751505
0,99,65,43,1.08657
0,99,65,44,0.601084
0,99,65,45,0.82646
0,99,65,46,0.839057
0,99,65,47,0.789029
0,99,65,48,0.989995
0,99,65,49,0.583989
0,99,65,50,0.901826
0,99,65,51,0.431528
0,99,65,52,0.748365
0,99,65,53,0.407907
0,99,65,54,0.617106
0,99,65,55,0.787783
0,99,65,56,0.813272
0,99,65,57,1.16787
0,99,65,58,0.821266
0,99,65,59,1.13028
0,99,65,60,0.708938
0,99,65,61,1.02336
0,99,65,62,0.729325
0,99,65,63,0.86042
0,99,65,64,0.973909
0,99,65,65,0.947139
0,99,65,66,1.23081
0,99,65,67,0.831675
0,99,65,68,1.04162
0,99,65,69,0.542551
0,99,65,70,0.83974
0,99,65,71,0.540935
0,99,65,72,0.638425
0,99,65,73,0.687972
0,99,65,74,0.603036
0,99,65,75,0.942263
0,99,65,76,0.573768
0,99,65,77,0.887015
0,99,65,78,0.479544
0,99,65,79,0.868374
0,99,65,80,0.748986
0,99,65,81,0.929395
0,99,65,82,1.05044
0,99,65,83,0.915801
0,99,65,84,1.28445
0,99,65,85,0.798406
0,99,65,86,1.08623
0,99,65,87,0.556566
0,99,65,88,0.922369
0,99,65,89,0.842161
0,99,65,90,0.918816
0,99,65,91,1.02546
0,99,65,92,0.713614
0,99,65,93,1.05593
0,99,65,94,0.528425
0,99,65,95,0.815022
0,99,65,96,0.299936
0,99,65,97,0.597597
0,99,65,98,0.618613
0,99,65,99,0.689485
0,99,65,100,0.975198
0,99,65,101,0.701252
0,99,65,102,1.14124
0,99,65,103,0.721932
0,99,65,104,1.07327
0,99,65,105,0.668091
0,99,65,106,0.864987
0,99,65,107,0.947417
0,99,65,108,0.938216
0,99,65,109,1.20462
0,99,65,110,0.829645
0,99,65,111,1.17376
0,99,65,112,0.706211
0,99,66,0,0.951431
0,99,66,1,0.795222
0,99,66,2,0.723005
0,99,66,3,0.558052
0,99,66,4,1.06321
0,99,66,5,0.824871
0,99,66,6,0.903787
0,99,66,7,0.446965
0,99,66,8,0.714719
0,99,66,9,0.738643
0,99,66,10,0.83053
0,99,66,11,0.860598
0,99,66,12,0.66896
0,99,66,13,1.20556
0,99,66,14,1.08974
0,99,66,15,1.27161
0,99,66,16,0.683592
0,99,66,17,0.824721
0,99,66,18,0.833989
0,99,66,19,0.991048
0,99,66,20,1.04493
0,99,66,21,0.684175
0,99,66,22,1.1603
0,99,66,23,0.947552
0,99,66,24,1.2397
0,99,66,25,0.603071
0,99,66,26,0.582142
0,99,66,27,0.552274
0,99,66,28,0.732036
0,99,66,29,0.940043
0,99,66,30,0.50653
0,99,66,31,0.948865
0,99,66,32,0.761981
0,99,66,33,1.20009
0,99,66,34,0.778879
0,99,66,35,0.72125
0,99,66,36,0.779956
0,99,66,37,0.904657
0,99,66,38,1.34373
0,99,66,39,0.812023
0,99,66,40,1.07929
0,99,66,41,0.784455
0,99,66,42,1.21033
0,99,66,43,0.912598
0,99,66,44,0.743588
0,99,66,45,0.744285
0,99,66,46,0.742025
0,99,66,47,1.2518
0,99,66,48,0.764701
0,99,66,49,0.919662
0,99,66,50,0.519683
0,99,66,51,0.837825
0,99,66,52,0.719448
0,99,66,53,0.595974
0,99,66,54,0.611817
0,99,66,55,0.622469
0,99,66,56,1.21013
0,99,66,57,1.00784
0,99,66,58,1.14976
0,99,66,59,0.71456
0,99,66,60,0.987721
0,99,66,61,0.968019
0,99,66,62,0.897752
0,99,66,63,0.848281
0,99,66,64,0.681344
0,99,66,65,1.23265
0,99,66,66,1.07581
0,99,66,67,1.1994
0,99,66,68,0.650005
0,99,66,69,0.799694
0,99,66,70,0.761242
0,99,66,71,0.822779
0,99,66,72,0.77652
0,99,66,73,0.452638
0,99,66,74,0.922417
0,99,66,75,0.777288
0,99,66,76,1.07131
0,99,66,77,0.550304
0,99,66,78,0.699477
0,99,66,79,0.758739
0,99,66,80,0.979257
0,99,66,81,1.14007
0,99,66,82,0.736901
0,99,66,83,1.16812
0,99,66,84,0.947372
0,99,66,85,1.30664
0,99,66,86,0.7425
0,99,66,87,0.72074
0,99,66,88,0.767392
0,99,66,89,0.924057
0,99,66,90,1.25417
0,99,66,91,0.712382
0,99,66,92,1.01136
0,99,66,93,0.706308
0,99,66,94,1.09777
0,99,66,95,0.633758
0,99,66,96,0.496021
0,99,66,97,0.520002
0,99,66,98,0.629015
0,99,66,99,1.13643
0,99,66,100,0.726481
0,99,66,101,1.01533
0,99,66,102,0.737153
0,99,66,103,1.14559
0,99,66,104,0.99007
0,99,66,105,0.808271
0,99,66,106,0.777185
0,99,66,107,0.750329
0,99,66,108,1.32635
0,99,66,109,0.938209
0,99,66,110,1.10867
0,99,66,111,0.720962
0,99,66,112,1.02288
0,99,67,0,0.867634
0,99,67,1,0.963328
0,99,67,2,0.683384
0,99,67,3,1.11963
0,99,67,4,0.731119
0,99,67,5,1.09724
0,99,67,6,0.732859
0,99,67,7,0.885369
0,99,67,8,0.759424
0,99,67,9,0.748688
0,99,67,10,0.946367
0,99,67,11,0.753621
0,99,67,12,1.23714
0,99,67,13,0.907017
0,99,67,14,1.25236
0,99,67,15,0.960379
0,99,67,16,0.996915
0,99,67,17,0.838992
0,99,67,18,0.765408
0,99,67,19,0.960348
0,99,67,20,0.755461
0,99,67,21,1.20419
0,99,67,22,0.902596
0,99,67,23,1.22525
0,99,67,24,0.907486
0,99,67,25,0.931103
0,99,67,26,0.757514
0,99,67,27,0.663064
0,99,67,28,0.886717
0,99,67,29,0.636563
0,99,67,30,1.07776
0,99,67,31,0.785252
0,99,67,32,1.14502
0,99,67,33,0.857117
0,99,67,34,0.976854
0,99,67,35,0.916203
0,99,67,36,0.823927
0,99,67,37,1.16254
0,99,67,38,0.805519
0,99,67,39,1.23007
0,99,67,40,0.808552
0,99,67,41,1.12472
0,99,67,42,0.855094
0,99,67,43,0.913731
0,99,67,44,0.914488
0,99,67,45,0.759281
0,99,67,46,1.16247
0,99,67,47,0.764862
0,99,67,48,1.18771
0,99,67,49,0.776198
0,99,67,50,0.989013
0,99,67,51,0.724403
0,99,67,52,0.738415
0,99,67,53,0.786778
0,99,67,54,0.614374
0,99,67,55,1.1371
0,99,67,56,0.813392
0,99,67,57,1.28472
0,99,67,58,0.969281
0,99,67,59,1.10888
0,99,67,60,0.92862
0,99,67,61,0.819288
0,99,67,62,0.941282
0,99,67,63,0.688716
0,99,67,64,1.16749
0,99,67,65,0.833672
0,99,67,66,1.19964
0,99,67,67,0.956427
0,99,67,68,1.03863
0,99,67,69,0.894205
0,99,67,70,0.78973
0,99,67,71,0.906572
0,99,67,72,0.635754
0,99,67,73,1.02495
0,99,67,74,0.700837
0,99,67,75,1.06552
0,99,67,76,0.783222
0,99,67,77,0.918281
0,99,67,78,0.854974
0,99,67,79,0.810274
0,99,67,80,1.06363
0,99,67,81,0.832404
0,99,67,82,1.25614
0,99,67,83,0.905615
0,99,67,84,1.20455
0,99,67,85,0.862938
0,99,67,86,0.910523
0,99,67,87,0.803101
0,99,67,88,0.760999
0,99,67,89,1.08602
0,99,67,90,0.816113
0,99,67,91,1.24796
0,99,67,92,0.844764
0,99,67,93,1.1282
0,99,67,94,0.772213
0,99,67,95,0.821579
0,99,67,96,0.709112
0,99,67,97,0.607605
0,99,67,98,0.987341
0,99,67,99,0.693886
0,99,67,100,1.18972
0,99,67,101,0.864477
0,99,67,102,1.183
0,99,67,103,0.954557
0,99,67,104,0.951695
0,99,67,105,0.966999
0,99,67,106,0.729091
0,99,67,107,1.13486
0,99,67,108,0.762751
0,99,67,109,1.2024
0,99,67,110,0.86631
0,99,67,111,1.11378
0,99,67,112,0.927536
0,99,68,0,0.789099
0,99,68,1,0.652097
0,99,68,2,1.15944
0,99,68,3,0.697674
0,99,68,4,1.03622
0,99,68,5,0.60998
0,99,68,6,0.977697
0,99,68,7,0.883239
0,99,68,8,0.757252
0,99,68,9,0.754405
0,99,68,10,0.573042
0,99,68,11,1.18991
0,99,68,12,0.825145
0,99,68,13,1.20713
0,99,68,14,0.744925
0,99,68,15,0.97233
0,99,68,16,0.916206
0,99,68,17,0.726073
0,99,68,18,0.775403
0,99,68,19,0.38421
0,99,68,20,1.06846
0,99,68,21,0.757391
0,99,68,22,1.24025
0,99,68,23,0.795232
0,99,68,24,0.90309
0,99,68,25,0.941786
0,99,68,26,0.760536
0,99,68,27,0.857028
0,99,68,28,0.431477
0,99,68,29,0.970771
0,99,68,30,0.70523
0,99,68,31,1.19243
0,99,68,32,0.826453
0,99,68,33,0.837328
0,99,68,34,0.953979
0,99,68,35,0.823503
0,99,68,36,1.11415
0,99,68,37,0.55942
0,99,68,38,1.00584
0,99,68,39,0.704913
0,99,68,40,1.11872
0,99,68,41,0.797721
0,99,68,42,0.691382
0,99,68,43,0.785138
0,99,68,44,0.688556
0,99,68,45,1.13
0,99,68,46,0.631968
0,99,68,47,1.03131
0,99,68,48,0.732247
0,99,68,49,1.14119
0,99,68,50,0.880977
0,99,68,51,0.709416
0,99,68,52,0.657768
0,99,68,53,0.588841
0,99,68,54,1.07652
0,99,68,55,0.703224
0,99,68,56,1.09901
0,99,68,57,0.775144
0,99,68,58,1.1893
0,99,68,59,1.04134
0,99,68,60,0.791534
0,99,68,61,0.731884
0,99,68,62,0.492345
0,99,68,63,1.03632
0,99,68,64,0.648936
0,99,68,65,1.04332
0,99,68,66,0.650087
0,99,68,67,1.03904
0,99,68,68,1.0327
0,99,68,69,0.856071
0,99,68,70,0.831061
0,99,68,71,0.50477
0,99,68,72,1.05823
0,99,68,73,0.681378
0,99,68,74,1.07826
0,99,68,75,0.63384
0,99,68,76,0.891345
0,99,68,77,0.941719
0,99,68,78,0.839521
0,99,68,79,0.964733
0,99,68,80,0.551787
0,99,68,81,1.16815
0,99,68,82,0.831623
0,99,68,83,1.21534
0,99,68,84,0.747702
0,99,68,85,0.729913
0,99,68,86,0.806647
0,99,68,87,0.682631
0,99,68,88,0.94128
0,99,68,89,0.492142
0,99,68,90,1.07054
0,99,68,91,0.808233
0,99,68,92,1.24605
0,99,68,93,0.857361
0,99,68,94,0.762741
0,99,68,95,0.773754
0,99,68,96,0.641981
0,99,68,97,0.965418
0,99,68,98,0.516418
0,99,68,99,0.963891
0,99,68,100,0.770149
0,99,68,101,1.23477
0,99,68,102,1.02547
0,99,68,103,0.839554
0,99,68,104,0.84603
0,99,68,105,0.689385
0,99,68,106,1.07301
0,99,68,107,0.546914
0,99,68,108,0.943815
0,99,68,109,0.622023
0,99,68,110,1.07924
0,99,68,111,0.960522
0,99,68,112,0.791436
0,99,69,0,0.495567
0,99,69,1,0.978493
0,99,69,2,0.591192
0,99,69,3,1.13364
0,99,69,4,0.63369
0,99,69,5,0.920452
0,99,69,6,0.860993
0,99,69,7,0.822897
0,99,69,8,0.917493
0,99,69,9,0.520338
0,99,69,10,0.948614
0,99,69,11,0.654228
0,99,69,12,1.19158
0,99,69,13,0.739565
0,99,69,14,0.881293
0,99,69,15,0.833612
0,99,69,16,0.690208
0,99,69,17,0.793893
0,99,69,18,0.349281
0,99,69,19,0.71447
0,99,69,20,0.463507
0,99,69,21,1.06333
0,99,69,22,0.771617
0,99,69,23,0.92241
0,99,69,24,0.873977
0,99,69,25,0.798769
0,99,69,26,0.959047
0,99,69,27,0.535181
0,99,69,28,0.862982
0,99,69,29,0.515082
0,99,69,30,1.08408
0,99,69,31,0.853795
0,99,69,32,0.971115
0,99,69,33,0.848654
0,99,69,34,0.761781
0,99,69,35,1.02985
0,99,69,36,0.589632
0,99,69,37,0.947212
0,99,69,38,0.429663
0,99,69,39,0.967166
0,99,69,40,0.688312
0,99,69,41,0.780956
0,99,69,42,0.681804
0,99,69,43,0.503627
0,99,69,44,0.926278
0,99,69,45,0.565838
0,99,69,46,1.06968
0,99,69,47,0.550625
0,99,69,48,1.06387
0,99,69,49,0.890787
0,99,69,50,0.905555
0,99,69,51,0.823164
0,99,69,52,0.520305
0,99,69,53,0.92281
0,99,69,54,0.557216
0,99,69,55,1.13771
0,99,69,56,0.645854
0,99,69,57,1.03564
0,99,69,58,0.984762
0,99,69,59,0.880451
0,99,69,60,0.871334
0,99,69,61,0.364567
0,99,69,62,0.768404
0,99,69,63,0.405012
0,99,69,64,0.988878
0,99,69,65,0.545581
0,99,69,66,0.80103
0,99,69,67,0.895724
0,99,69,68,0.856805
0,99,69,69,1.00667
0,99,69,70,0.539897
0,99,69,71,0.895306
0,99,69,72,0.568579
0,99,69,73,1.06726
0,99,69,74,0.710532
0,99,69,75,0.877662
0,99,69,76,0.83864
0,99,69,77,0.821579
0,99,69,78,1.02855
0,99,69,79,0.590735
0,99,69,80,0.93487
0,99,69,81,0.583716
0,99,69,82,1.1072
0,99,69,83,0.74533
0,99,69,84,0.805866
0,99,69,85,0.663825
0,99,69,86,0.556755
0,99,69,87,0.797423
0,99,69,88,0.437468
0,99,69,89,0.86349
0,99,69,90,0.517666
0,99,69,91,1.14998
0,99,69,92,0.883644
0,99,69,93,0.970063
0,99,69,94,0.799319
0,99,69,95,0.650865
0,99,69,96,0.910248
0,99,69,97,0.534657
0,99,69,98,0.977769
0,99,69,99,0.535517
0,99,69,100,1.10799
0,99,69,101,0.949737
0,99,69,102,1.01411
0,99,69,103,0.902378
0,99,69,104,0.56532
0,99,69,105,0.941903
0,99,69,106,0.461728
0,99,69,107,0.918823
0,99,69,108,0.39307
0,99,69,109,0.844139
0,99,69,110,0.775102
0,99,69,111,0.840825
0,99,69,112,0.867855
0,99,70,0,0.993804
0,99,70,1,0.487789
0,99,70,2,0.920881
0,99,70,3,0.499437
0,99,70,4,1.06731
0,99,70,5,0.89958
0,99,70,6,0.808064
0,99,70,7,0.840517
0,99,70,8,0.559183
0,99,70,9,1.04134
0,99,70,10,0.564991
0,99,70,11,0.997388
0,99,70,12,0.511362
0,99,70,13,0.99679
0,99,70,14,0.868903
0,99,70,15,0.747436
0,99,70,16,0.63581
0,99,70,17,0.27468
0,99,70,18,0.727706
0,99,70,19,0.328178
0,99,70,20,0.832799
0,99,70,21,0.384584
0,99,70,22,0.904887
0,99,70,23,0.927078
0,99,70,24,0.870285
0,99,70,25,0.949605
0,99,70,26,0.420419
0,99,70,27,0.943868
0,99,70,28,0.52962
0,99,70,29,1.07009
0,99,70,30,0.553159
0,99,70,31,0.905853
0,99,70,32,0.990174
0,99,70,33,0.861737
0,99,70,34,1.02526
0,99,70,35,0.416504
0,99,70,36,0.878688
0,99,70,37,0.440228
0,99,70,38,0.953326
0,99,70,39,0.464673
0,99,70,40,0.617009
0,99,70,41,0.635273
0,99,70,42,0.562952
0,99,70,43,0.84711
0,99,70,44,0.305698
0,99,70,45,0.833979
0,99,70,46,0.510891
0,99,70,47,1.12376
0,99,70,48,0.791013
0,99,70,49,0.83616
0,99,70,50,0.883991
0,99,70,51,0.659746
0,99,70,52,1.02476
0,99,70,53,0.442401
0,99,70,54,0.898546
0,99,70,55,0.535323
0,99,70,56,1.12224
0,99,70,57,0.906978
0,99,70,58,0.857113
0,99,70,59,0.791417
0,99,70,60,0.487937
0,99,70,61,0.835852
0,99,70,62,0.299386
0,99,70,63,0.65534
0,99,70,64,0.265725
0,99,70,65,0.841475
0,99,70,66,0.761359
0,99,70,67,0.790195
0,99,70,68,0.831526
0,99,70,69,0.539235
0,99,70,70,1.03158
0,99,70,71,0.555482
0,99,70,72,0.986939
0,99,70,73,0.465329
0,99,70,74,0.953438
0,99,70,75,0.941507
0,99,70,76,0.878092
0,99,70,77,0.930968
0,99,70,78,0.491179
0,99,70,79,1.02056
0,99,70,80,0.561137
0,99,70,81,1.03262
0,99,70,82,0.470524
0,99,70,83,0.788932
0,99,70,84,0.734326
0,99,70,85,0.620838
0,99,70,86,0.674576
0,99,70,87,0.193812
0,99,70,88,0.728636
0,99,70,89,0.424383
0,99,70,90,1.04443
0,99,70,91,0.606338
0,99,70,92,0.887868
0,99,70,93,0.955546
0,99,70,94,0.806733
0,99,70,95,0.992145
0,99,70,96,0.355784
0,99,70,97,0.880281
0,99,70,98,0.518998
0,99,70,99,1.12724
0,99,70,100,0.761662
0,99,70,101,0.878331
0,99,70,102,0.953904
0,99,70,103,0.732461
0,99,70,104,0.996405
0,99,70,105,0.349344
0,99,70,106,0.677605
0,99,70,107,0.278119
0,99,70,108,0.858115
0,99,70,109,0.562329
0,99,70,110,0.638303
0,99,70,111,0.703319
0,99,70,112,0.561206
0,99,71,0,0.564181
0,99,71,1,0.935382
0,99,71,2,0.399328
0,99,71,3,0.90241
0,99,71,4,0.842715
0,99,71,5,1.05996
0,99,71,6,0.990451
0,99,71,7,0.567767
0,99,71,8,0.969371
0,99,71,9,0.603702
0,99,71,10,1.08436
0,99,71,11,0.488693
0,99,71,12,0.832152
0,99,71,13,0.707041
0,99,71,14,0.887896
0,99,71,15,0.885849
0,99,71,16,0.295861
0,99,71,17,0.532973
0,99,71,18,0.226397
0,99,71,19,0.793127
0,99,71,20,0.333026
0,99,71,21,0.640526
0,99,71,22,0.658676
0,99,71,23,0.872997
0,99,71,24,1.16717
0,99,71,25,0.568575
0,99,71,26,0.85761
0,99,71,27,0.43869
0,99,71,28,1.08252
0,99,71,29,0.690885
0,99,71,30,0.862558
0,99,71,31,0.843846
0,99,71,32,0.884502
0,99,71,33,1.21117
0,99,71,34,0.610792
0,99,71,35,0.801775
0,99,71,36,0.309079
0,99,71,37,0.842972
0,99,71,38,0.574362
0,99,71,39,0.62156
0,99,71,40,0.458914
0,99,71,41,0.460669
0,99,71,42,0.846951
0,99,71,43,0.43872
0,99,71,44,0.674239
0,99,71,45,0.287318
0,99,71,46,0.916281
0,99,71,47,0.834157
0,99,71,48,0.984822
0,99,71,49,0.893213
0,99,71,50,0.675924
0,99,71,51,1.06279
0,99,71,52,0.672031
0,99,71,53,0.941606
0,99,71,54,0.37717
0,99,71,55,0.93692
0,99,71,56,0.840199
0,99,71,57,1.04008
0,99,71,58,0.901755
0,99,71,59,0.488404
0,99,71,60,0.767156
0,99,71,61,0.383619
0,99,71,62,0.68885
0,99,71,63,0.122398
0,99,71,64,0.553218
0,99,71,65,0.545763
0,99,71,66,0.824693
0,99,71,67,0.909918
0,99,71,68,0.50625
0,99,71,69,0.897253
0,99,71,70,0.557156
0,99,71,71,1.1025
0,99,71,72,0.523063
0,99,71,73,0.831849
0,99,71,74,0.790939
0,99,71,75,0.980694
0,99,71,76,1.15852
0,99,71,77,0.576273
0,99,71,78,0.908522
0,99,71,79,0.475881
0,99,71,80,1.06151
0,99,71,81,0.540087
0,99,71,82,0.689466
0,99,71,83,0.556494
0,99,71,84,0.640667
0,99,71,85,0.87711
0,99,71,86,0.281017
0,99,71,87,0.497958
0,99,71,88,0.186039
0,99,71,89,0.854249
0,99,71,90,0.648663
0,99,71,91,0.836087
0,99,71,92,0.797667
0,99,71,93,0.816574
0,99,71,94,1.19418
0,99,71,95,0.625194
0,99,71,96,0.847055
0,99,71,97,0.370947
0,99,71,98,1.00983
0,99,71,99,0.846664
0,99,71,100,0.966183
0,99,71,101,0.884701
0,99,71,102,0.720321
0,99,71,103,1.05456
0,99,71,104,0.57292
0,99,71,105,0.713077
0,99,71,106,0.131879
0,99,71,107,0.597726
0,99,71,108,0.542342
0,99,71,109,0.691916
0,99,71,110,0.590392
0,99,71,111,0.451795
0,99,71,112,0.855196
0,99,72,0,0.855731
0,99,72,1,0.467785
0,99,72,2,0.982843
0,99,72,3,0.832038
0,99,72,4,0.972316
0,99,72,5,1.0653
0,99,72,6,0.840666
0,99,72,7,1.20382
0,99,72,8,0.650067
0,99,72,9,1.01126
0,99,72,10,0.542565
0,99,72,11,1.00522
0,99,72,12,0.791151
0,99,72,13,0.841434
0,99,72,14,0.879326
0,99,72,15,0.52486
0,99,72,16,0.807316
0,99,72,17,0.24398
0,99,72,18,0.642124
0,99,72,19,0.175821
0,99,72,20,0.689673
0,99,72,21,0.626776
0,99,72,22,0.819197
0,99,72,23,1.02111
0,99,72,24,0.645855
0,99,72,25,1.144
0,99,72,26,0.561095
0,99,72,27,1.04625
0,99,72,28,0.576583
0,99,72,29,0.991379
0,99,72,30,0.977491
0,99,72,31,0.993304
0,99,72,32,1.21435
0,99,72,33,0.646873
0,99,72,34,1.08613
0,99,72,35,0.462416
0,99,72,36,0.886943
0,99,72,37,0.420675
0,99,72,38,0.640755
0,99,72,39,0.638589
0,99,72,40,0.533877
0,99,72,41,0.816311
0,99,72,42,0.301736
0,99,72,43,0.781985
0,99,72,44,0.315362
0,99,72,45,0.864687
0,99,72,46,0.640445
0,99,72,47,0.873586
0,99,72,48,1.02093
0,99,72,49,0.910324
0,99,72,50,1.25071
0,99,72,51,0.641608
0,99,72,52,1.02074
0,99,72,53,0.560694
0,99,72,54,1.03041
0,99,72,55,0.828328
0,99,72,56,0.928963
0,99,72,57,0.995478
0,99,72,58,0.76459
0,99,72,59,1.00281
0,99,72,60,0.367421
0,99,72,61,0.673535
0,99,72,62,0.18873
0,99,72,63,0.605016
0,99,72,64,0.469358
0,99,72,65,0.640364
0,99,72,66,0.776395
0,99,72,67,0.636198
0,99,72,68,1.05864
0,99,72,69,0.568228
0,99,72,70,0.987271
0,99,72,71,0.521072
0,99,72,72,1.01802
0,99,72,73,0.877385
0,99,72,74,0.997388
0,99,72,75,1.11914
0,99,72,76,0.783899
0,99,72,77,1.20618
0,99,72,78,0.593398
0,99,72,79,1.00359
0,99,72,80,0.453132
0,99,72,81,0.844404
0,99,72,82,0.701817
0,99,72,83,0.688193
0,99,72,84,0.825399
0,99,72,85,0.322017
0,99,72,86,0.743346
0,99,72,87,0.197872
0,99,72,88,0.716151
0,99,72,89,0.369336
0,99,72,90,0.79421
0,99,72,91,0.875296
0,99,72,92,0.901882
0,99,72,93,1.2038
0,99,72,94,0.629823
0,99,72,95,1.09717
0,99,72,96,0.542916
0,99,72,97,1.05466
0,99,72,98,0.706876
0,99,72,99,0.941258
0,99,72,100,1.04122
0,99,72,101,0.908075
0,99,72,102,1.21689
0,99,72,103,0.526976
0,99,72,104,0.868628
0,99,72,105,0.311899
0,99,72,106,0.668491
0,99,72,107,0.385768
0,99,72,108,0.55615
0,99,72,109,0.651178
0,99,72,110,0.550562
0,99,72,111,0.932547
0,99,72,112,0.430484
0,99,73,0,0.308199
0,99,73,1,0.85667
0,99,73,2,0.810443
0,99,73,3,1.01055
0,99,73,4,1.01513
0,99,73,5,0.790623
0,99,73,6,1.27719
0,99,73,7,0.858663
0,99,73,8,1.15209
0,99,73,9,0.494623
0,99,73,10,0.869403
0,99,73,11,0.842754
0,99,73,12,0.933508
0,99,73,13,0.921462
0,99,73,14,0.517569
0,99,73,15,0.906324
0,99,73,16,0.418669
0,99,73,17,0.731502
0,99,73,18,0.172191
0,99,73,19,0.439181
0,99,73,20,0.545024
0,99,73,21,0.744124
0,99,73,22,1.00056
0,99,73,23,0.624104
0,99,73,24,1.03181
0,99,73,25,0.691451
0,99,73,26,1.13095
0,99,73,27,0.626094
0,99,73,28,0.829228
0,99,73,29,0.875328
0,99,73,30,1.04848
0,99,73,31,1.33478
0,99,73,32,0.807194
0,99,73,33,1.02024
0,99,73,34,0.59315
0,99,73,35,0.988802
0,99,73,36,0.532031
0,99,73,37,0.590848
0,99,73,38,0.526405
0,99,73,39,0.569071
0,99,73,40,0.885873
0,99,73,41,0.436516
0,99,73,42,0.692076
0,99,73,43,0.268149
0,99,73,44,0.787787
0,99,73,45,0.608392
0,99,73,46,0.801948
0,99,73,47,0.802727
0,99,73,48,0.876952
0,99,73,49,1.34073
0,99,73,50,0.884705
0,99,73,51,1.08835
0,99,73,52,0.510024
0,99,73,53,1.01173
0,99,73,54,0.840159
0,99,73,55,0.997594
0,99,73,56,0.912671
0,99,73,57,0.731734
0,99,73,58,1.16027
0,99,73,59,0.626903
0,99,73,60,0.805994
0,99,73,61,0.140744
0,99,73,62,0.52761
0,99,73,63,0.437947
0,99,73,64,0.621433
0,99,73,65,0.692648
0,99,73,66,0.455254
0,99,73,67,1.02743
0,99,73,68,0.684099
0,99,73,69,1.06888
0,99,73,70,0.468192
0,99,73,71,0.83238
0,99,73,72,0.880526
0,99,73,73,1.04875
0,99,73,74,1.18536
0,99,73,75,0.761291
0,99,73,76,1.18537
0,99,73,77,0.789947
0,99,73,78,1.14477
0,99,73,79,0.524961
0,99,73,80,0.689675
0,99,73,81,0.686743
0,99,73,82,0.769254
0,99,73,83,0.920876
0,99,73,84,0.429982
0,99,73,85,0.696565
0,99,73,86,0.290155
0,99,73,87,0.727613
0,99,73,88,0.341318
0,99,73,89,0.563719
0,99,73,90,0.666061
0,99,73,91,0.870056
0,99,73,92,1.24554
0,99,73,93,0.79631
0,99,73,94,1.0321
0,99,73,95,0.617467
0,99,73,96,1.09799
0,99,73,97,0.778788
0,99,73,98,0.917053
0,99,73,99,0.857582
0,99,73,100,0.943666
0,99,73,101,1.32039
0,99,73,102,0.797339
0,99,73,103,0.913456
0,99,73,104,0.318115
0,99,73,105,0.743296
0,99,73,106,0.449877
0,99,73,107,0.531009
0,99,73,108,0.528663
0,99,73,109,0.466807
0,99,73,110,0.934869
0,99,73,111,0.571707
0,99,73,112,0.851101
0,99,74,0,0.825261
0,99,74,1,0.694479
0,99,74,2,0.918842
0,99,74,3,1.12198
0,99,74,4,0.984492
0,99,74,5,1.27747
0,99,74,6,0.962392
0,99,74,7,1.28212
0,99,74,8,0.839038
0,99,74,9,0.990709
0,99,74,10,0.787464
0,99,74,11,0.937385
0,99,74,12,1.02356
0,99,74,13,0.796598
0,99,74,14,1.00264
0,99,74,15,0.576562
0,99,74,16,0.823101
0,99,74,17,0.352799
0,99,74,18,0.602214
0,99,74,19,0.409928
0,99,74,20,0.629425
0,99,74,21,0.848722
0,99,74,22,0.784773
0,99,74,23,1.13505
0,99,74,24,0.743695
0,99,74,25,1.16698
0,99,74,26,0.757448
0,99,74,27,1.03487
0,99,74,28,0.884547
0,99,74,29,0.984064
0,99,74,30,1.27222
0,99,74,31,1.03516
0,99,74,32,1.32592
0,99,74,33,0.750552
0,99,74,34,1.07642
0,99,74,35,0.611962
0,99,74,36,0.801217
0,99,74,37,0.666209
0,99,74,38,0.576557
0,99,74,39,0.844374
0,99,74,40,0.507325
0,99,74,41,0.900219
0,99,74,42,0.399234
0,99,74,43,0.772271
0,99,74,44,0.496736
0,99,74,45,0.795452
0,99,74,46,0.914875
0,99,74,47,0.84201
0,99,74,48,1.25023
0,99,74,49,0.975766
0,99,74,50,1.34471
0,99,74,51,0.819315
0,99,74,52,1.04284
0,99,74,53,0.826001
0,99,74,54,0.989013
0,99,74,55,1.11087
0,99,74,56,0.889205
0,99,74,57,1.16272
0,99,74,58,0.790011
0,99,74,59,1.02183
0,99,74,60,0.479807
0,99,74,61,0.634513
0,99,74,62,0.389995
0,99,74,63,0.53396
0,99,74,64,0.690433
0,99,74,65,0.605962
0,99,74,66,0.923063
0,99,74,67,0.702162
0,99,74,68,1.07904
0,99,74,69,0.710963
0,99,74,70,0.954573
0,99,74,71,0.789463
0,99,74,72,0.998537
0,99,74,73,1.18347
0,99,74,74,1.04405
0,99,74,75,1.29093
0,99,74,76,0.901846
0,99,74,77,1.2396
0,99,74,78,0.756809
0,99,74,79,0.940059
0,99,74,80,0.694487
0,99,74,81,0.762918
0,99,74,82,0.903165
0,99,74,83,0.642479
0,99,74,84,0.927972
0,99,74,85,0.402585
0,99,74,86,0.758001
0,99,74,87,0.333731
0,99,74,88,0.66195
0,99,74,89,0.621268
0,99,74,90,0.739392
0,99,74,91,1.10847
0,99,74,92,0.912206
0,99,74,93,1.30973
0,99,74,94,0.762931
0,99,74,95,1.12938
0,99,74,96,0.787012
0,99,74,97,1.03869
0,99,74,98,1.02862
0,99,74,99,0.926866
0,99,74,100,1.27805
0,99,74,101,0.932704
0,99,74,102,1.25891
0,99,74,103,0.629426
0,99,74,104,0.833392
0,99,74,105,0.490325
0,99,74,106,0.59607
0,99,74,107,0.624421
0,99,74,108,0.506532
0,99,74,109,0.83758
0,99,74,110,0.558485
0,99,74,111,0.980252
0,99,74,112,0.55524
0,99,75,0,0.868649
0,99,75,1,0.816788
0,99,75,2,0.913287
0,99,75,3,0.775233
0,99,75,4,1.35728
0,99,75,5,1.10107
0,99,75,6,1.24383
0,99,75,7,0.811365
0,99,75,8,1.00648
0,99,75,9,0.998471
0,99,75,10,0.945368
0,99,75,11,0.996848
0,99,75,12,0.636416
0,99,75,13,1.10221
0,99,75,14,0.839721
0,99,75,15,1.0077
0,99,75,16,0.373521
0,99,75,17,0.522091
0,99,75,18,0.534016
0,99,75,19,0.634215
0,99,75,20,0.793947
0,99,75,21,0.466858
0,99,75,22,1.03988
0,99,75,23,0.892296
0,99,75,24,1.25409
0,99,75,25,0.821908
0,99,75,26,0.839841
0,99,75,27,0.926548
0,99,75,28,0.97783
0,99,75,29,1.30457
0,99,75,30,0.812552
0,99,75,31,1.24127
0,99,75,32,0.980646
0,99,75,33,1.26896
0,99,75,34,0.855463
0,99,75,35,0.69942
0,99,75,36,0.675241
0,99,75,37,0.641294
0,99,75,38,1.01844
0,99,75,39,0.468551
0,99,75,40,0.766293
0,99,75,41,0.452957
0,99,75,42,0.889034
0,99,75,43,0.670702
0,99,75,44,0.578873
0,99,75,45,0.697457
0,99,75,46,0.746169
0,99,75,47,1.33181
0,99,75,48,0.950348
0,99,75,49,1.20812
0,99,75,50,0.873222
0,99,75,51,1.13835
0,99,75,52,1.04665
0,99,75,53,0.882649
0,99,75,54,0.933801
0,99,75,55,0.797633
0,99,75,56,1.31137
0,99,75,57,0.962174
0,99,75,58,1.08713
0,99,75,59,0.54372
0,99,75,60,0.748074
0,99,75,61,0.662917
0,99,75,62,0.56733
0,99,75,63,0.529975
0,99,75,64,0.358782
0,99,75,65,0.945762
0,99,75,66,0.779891
0,99,75,67,1.06701
0,99,75,68,0.636979
0,99,75,69,0.878245
0,99,75,70,0.944666
0,99,75,71,0.980742
0,99,75,72,1.12171
0,99,75,73,0.760909
0,99,75,74,1.29172
0,99,75,75,1.07649
0,99,75,76,1.33488
0,99,75,77,0.834624
0,99,75,78,0.859207
0,99,75,79,0.869341
0,99,75,80,0.86598
0,99,75,81,1.01681
0,99,75,82,0.507189
0,99,75,83,0.894241
0,99,75,84,0.60887
0,99,75,85,0.94727
0,99,75,86,0.441305
0,99,75,87,0.454603
0,99,75,88,0.537323
0,99,75,89,0.684418
0,99,75,90,1.12891
0,99,75,91,0.705944
0,99,75,92,1.14271
0,99,75,93,0.924631
0,99,75,94,1.27423
0,99,75,95,0.966186
0,99,75,96,0.819221
0,99,75,97,0.915693
0,99,75,98,0.901486
0,99,75,99,1.391
0,99,75,100,0.916201
0,99,75,101,1.16828
0,99,75,102,0.787972
0,99,75,103,1.04304
0,99,75,104,0.812373
0,99,75,105,0.5909
0,99,75,106,0.49851
0,99,75,107,0.411914
0,99,75,108,0.968249
0,99,75,109,0.583192
0,99,75,110,0.835019
0,99,75,111,0.485153
0,99,75,112,0.85901
0,99,76,0,0.834195
0,99,76,1,0.9546
0,99,76,2,0.680196
0,99,76,3,1.19156
0,99,76,4,0.942726
0,99,76,5,1.38708
0,99,76,6,0.968622
0,99,76,7,1.03405
0,99,76,8,0.958611
0,99,76,9,0.918221
0,99,76,10,1.11168
0,99,76,11,0.705636
0,99,76,12,1.06688
0,99,76,13,0.715042
0,99,76,14,1.12608
0,99,76,15,0.706816
0,99,76,16,0.657646
0,99,76,17,0.450958
0,99,76,18,0.524019
0,99,76,19,0.791087
0,99,76,20,0.502439
0,99,76,21,0.892879
0,99,76,22,0.674631
0,99,76,23,1.183
0,99,76,24,0.999665
0,99,76,25,0.974703
0,99,76,26,0.875924
0,99,76,27,0.826929
0,99,76,28,1.22332
0,99,76,29,0.879227
0,99,76,30,1.23598
0,99,76,31,0.888083
0,99,76,32,1.25704
0,99,76,33,1.03083
0,99,76,34,0.943595
0,99,76,35,0.740532
0,99,76,36,0.587385
0,99,76,37,0.94037
0,99,76,38,0.608739
0,99,76,39,0.891774
0,99,76,40,0.406854
0,99,76,41,0.819119
0,99,76,42,0.667284
0,99,76,43,0.743416
0,99,76,44,0.655315
0,99,76,45,0.577284
0,99,76,46,1.10657
0,99,76,47,0.882747
0,99,76,48,1.30985
0,99,76,49,0.893845
0,99,76,50,1.13649
0,99,76,51,1.02397
0,99,76,52,1.00592
0,99,76,53,1.02048
0,99,76,54,0.702758
0,99,76,55,1.18947
0,99,76,56,0.869525
0,99,76,57,1.28391
0,99,76,58,0.769343
0,99,76,59,0.845242
0,99,76,60,0.641034
0,99,76,61,0.640874
0,99,76,62,0.673001
0,99,76,63,0.346744
0,99,76,64,0.77191
0,99,76,65,0.577476
0,99,76,66,1.07238
0,99,76,67,0.786106
0,99,76,68,0.892208
0,99,76,69,0.840456
0,99,76,70,0.879335
0,99,76,71,1.15826
0,99,76,72,0.785423
0,99,76,73,1.18458
0,99,76,74,0.902909
0,99,76,75,1.33482
0,99,76,76,1.06017
0,99,76,77,0.999958
0,99,76,78,0.867278
0,99,76,79,0.779713
0,99,76,80,1.07057
0,99,76,81,0.655504
0,99,76,82,0.929383
0,99,76,83,0.531267
0,99,76,84,0.952016
0,99,76,85,0.669999
0,99,76,86,0.63421
0,99,76,87,0.443031
0,99,76,88,0.490465
0,99,76,89,0.938667
0,99,76,90,0.733803
0,99,76,91,1.131
0,99,76,92,0.801732
0,99,76,93,1.2155
0,99,76,94,1.05881
0,99,76,95,1.01205
0,99,76,96,0.917
0,99,76,97,0.754972
0,99,76,98,1.23675
0,99,76,99,0.929339
0,99,76,100,1.2909
0,99,76,101,0.831854
0,99,76,102,1.09057
0,99,76,103,0.883068
0,99,76,104,0.829675
0,99,76,105,0.672773
0,99,76,106,0.391307
0,99,76,107,0.774846
0,99,76,108,0.551184
0,99,76,109,0.954745
0,99,76,110,0.506826
0,99,76,111,0.829357
0,99,76,112,0.748627
0,99,77,0,0.770235
0,99,77,1,0.60755
0,99,77,2,1.17407
0,99,77,3,0.772699
0,99,77,4,1.17739
0,99,77,5,0.799251
0,99,77,6,1.10639
0,99,77,7,1.03756
0,99,77,8,0.858809
0,99,77,9,0.909398
0,99,77,10,0.591648
0,99,77,11,1.17402
0,99,77,12,0.705823
0,99,77,13,1.07291
0,99,77,14,0.62086
0,99,77,15,0.790457
0,99,77,16,0.697223
0,99,77,17,0.524164
0,99,77,18,0.635904
0,99,77,19,0.241487
0,99,77,20,0.9108
0,99,77,21,0.587054
0,99,77,22,1.11544
0,99,77,23,0.775308
0,99,77,24,0.877408
0,99,77,25,1.02521
0,99,77,26,0.806687
0,99,77,27,1.05496
0,99,77,28,0.565289
0,99,77,29,1.16061
0,99,77,30,0.82802
0,99,77,31,1.26605
0,99,77,32,0.937052
0,99,77,33,0.835122
0,99,77,34,0.947992
0,99,77,35,0.684298
0,99,77,36,0.963697
0,99,77,37,0.394034
0,99,77,38,0.835851
0,99,77,39,0.512175
0,99,77,40,0.887173
0,99,77,41,0.634522
0,99,77,42,0.542626
0,99,77,43,0.685104
0,99,77,44,0.540353
0,99,77,45,1.01121
0,99,77,46,0.599197
0,99,77,47,1.06527
0,99,77,48,0.822221
0,99,77,49,1.2151
0,99,77,50,1.05791
0,99,77,51,0.841561
0,99,77,52,0.882727
0,99,77,53,0.691384
0,99,77,54,1.1704
0,99,77,55,0.744742
0,99,77,56,1.10729
0,99,77,57,0.732304
0,99,77,58,1.04866
0,99,77,59,0.84613
0,99,77,60,0.609181
0,99,77,61,0.603781
0,99,77,62,0.322269
0,99,77,63,0.820914
0,99,77,64,0.459016
0,99,77,65,0.88917
0,99,77,66,0.551784
0,99,77,67,0.919067
0,99,77,68,0.943772
0,99,77,69,0.821592
0,99,77,70,0.9328
0,99,77,71,0.575867
0,99,77,72,1.2073
0,99,77,73,0.788479
0,99,77,74,1.23942
0,99,77,75,0.833325
0,99,77,76,0.999623
0,99,77,77,1.05331
0,99,77,78,0.817227
0,99,77,79,0.975912
0,99,77,80,0.45491
0,99,77,81,1.0314
0,99,77,82,0.622016
0,99,77,83,0.997536
0,99,77,84,0.590668
0,99,77,85,0.565948
0,99,77,86,0.647244
0,99,77,87,0.47918
0,99,77,88,0.796038
0,99,77,89,0.375019
0,99,77,90,0.98958
0,99,77,91,0.755478
0,99,77,92,1.21381
0,99,77,93,0.9706
0,99,77,94,0.841231
0,99,77,95,0.968213
0,99,77,96,0.747182
0,99,77,97,1.13898
0,99,77,98,0.642727
0,99,77,99,1.09818
0,99,77,100,0.835498
0,99,77,101,1.19815
0,99,77,102,0.990684
0,99,77,103,0.72005
0,99,77,104,0.742948
0,99,77,105,0.498709
0,99,77,106,0.832956
0,99,77,107,0.370529
0,99,77,108,0.781842
0,99,77,109,0.476016
0,99,77,110,0.889079
0,99,77,111,0.787143
0,99,77,112,0.667256
0,99,78,0,0.404337
0,99,78,1,0.954524
0,99,78,2,0.628888
0,99,78,3,1.17335
0,99,78,4,0.65738
0,99,78,5,0.914282
0,99,78,6,0.92323
0,99,78,7,0.875063
0,99,78,8,0.962456
0,99,78,9,0.465769
0,99,78,10,0.917761
0,99,78,11,0.615067
0,99,78,12,1.14553
0,99,78,13,0.652246
0,99,78,14,0.74894
0,99,78,15,0.746171
0,99,78,16,0.61686
0,99,78,17,0.749737
0,99,78,18,0.252685
0,99,78,19,0.632779
0,99,78,20,0.40102
0,99,78,21,1.02174
0,99,78,22,0.750487
0,99,78,23,0.839978
0,99,78,24,0.866698
0,99,78,25,0.785344
0,99,78,26,1.05104
0,99,78,27,0.543027
0,99,78,28,0.891493
0,99,78,29,0.520221
0,99,78,30,1.12705
0,99,78,31,0.914435
0,99,78,32,0.923419
0,99,78,33,0.821061
0,99,78,34,0.67451
0,99,78,35,0.999959
0,99,78,36,0.505136
0,99,78,37,0.827014
0,99,78,38,0.326694
0,99,78,39,0.858612
0,99,78,40,0.667294
0,99,78,41,0.691176
0,99,78,42,0.625338
0,99,78,43,0.406973
0,99,78,44,0.890097
0,99,78,45,0.550943
0,99,78,46,1.02707
0,99,78,47,0.52585
0,99,78,48,1.04864
0,99,78,49,0.982847
0,99,78,50,0.947306
0,99,78,51,0.876047
0,99,78,52,0.493646
0,99,78,53,0.957695
0,99,78,54,0.595365
0,99,78,55,1.12483
0,99,78,56,0.585666
0,99,78,57,0.931622
0,99,78,58,0.921946
0,99,78,59,0.810371
0,99,78,60,0.787084
0,99,78,61,0.244874
0,99,78,62,0.676532
0,99,78,63,0.356597
0,99,78,64,0.923921
0,99,78,65,0.483739
0,99,78,66,0.701269
0,99,78,67,0.858035
0,99,78,68,0.840804
0,99,78,69,1.03038
0,99,78,70,0.492554
0,99,78,71,0.908272
0,99,78,72,0.594789
0,99,78,73,1.14409
0,99,78,74,0.757777
0,99,78,75,0.859202
0,99,78,76,0.86715
0,99,78,77,0.817672
0,99,78,78,1.05336
0,99,78,79,0.504208
0,99,78,80,0.843868
0,99,78,81,0.480377
0,99,78,82,1.02422
0,99,78,83,0.685539
0,99,78,84,0.685733
0,99,78,85,0.592957
0,99,78,86,0.467948
0,99,78,87,0.780148
0,99,78,88,0.369037
0,99,78,89,0.785179
0,99,78,90,0.456222
0,99,78,91,1.11151
0,99,78,92,0.939041
0,99,78,93,0.950431
0,99,78,94,0.836347
0,99,78,95,0.638486
0,99,78,96,0.998862
0,99,78,97,0.579231
0,99,78,98,0.989428
0,99,78,99,0.511023
0,99,78,100,1.07795
0,99,78,101,0.973127
0,99,78,102,0.948464
0,99,78,103,0.822264
0,99,78,104,0.431537
0,99,78,105,0.847026
0,99,78,106,0.410958
0,99,78,107,0.816428
0,99,78,108,0.316377
0,99,78,109,0.741011
0,99,78,110,0.747549
0,99,78,111,0.793006
0,99,78,112,0.822511
0,99,79,0,0.964581
0,99,79,1,0.496632
0,99,79,2,1.00016
0,99,79,3,0.573172
0,99,79,4,1.01712
0,99,79,5,0.824827
0,99,79,6,0.785772
0,99,79,7,0.894572
0,99,79,8,0.537225
0,99,79,9,0.957782
0,99,79,10,0.477333
0,99,79,11,1.01976
0,99,79,12,0.577845
0,99,79,13,0.994256
0,99,79,14,0.832651
0,99,79,15,0.728485
0,99,79,16,0.777764
0,99,79,17,0.355653
0,99,79,18,0.788233
0,99,79,19,0.285916
0,99,79,20,0.899335
0,99,79,21,0.518163
0,99,79,22,0.973911
0,99,79,23,0.947766
0,99,79,24,0.795989
0,99,79,25,1.03071
0,99,79,26,0.460043
0,99,79,27,0.96414
0,99,79,28,0.431526
0,99,79,29,0.99459
0,99,79,30,0.591546
0,99,79,31,0.909307
0,99,79,32,0.980885
0,99,79,33,0.729862
0,99,79,34,1.03371
0,99,79,35,0.447314
0,99,79,36,0.948024
0,99,79,37,0.429955
0,99,79,38,0.898156
0,99,79,39,0.566608
0,99,79,40,0.70507
0,99,79,41,0.772531
0,99,79,42,0.524251
0,99,79,43,0.882913
0,99,79,44,0.38187
0,99,79,45,0.942235
0,99,79,46,0.55476
0,99,79,47,1.04308
0,99,79,48,0.813872
0,99,79,49,0.865998
0,99,79,50,0.952896
0,99,79,51,0.592876
0,99,79,52,0.920975
0,99,79,53,0.412563
0,99,79,54,0.923061
0,99,79,55,0.560332
0,99,79,56,1.03578
0,99,79,57,0.858062
0,99,79,58,0.869398
0,99,79,59,0.901124
0,99,79,60,0.508858
0,99,79,61,0.81946
0,99,79,62,0.305393
0,99,79,63,0.769582
0,99,79,64,0.399936
0,99,79,65,0.869983
0,99,79,66,0.758886
0,99,79,67,0.810488
0,99,79,68,0.965173
0,99,79,69,0.589789
0,99,79,70,1.02044
0,99,79,71,0.473898
0,99,79,72,1.0031
0,99,79,73,0.521872
0,99,79,74,0.938708
0,99,79,75,0.866082
0,99,79,76,0.778169
0,99,79,77,0.974054
0,99,79,78,0.502556
0,99,79,79,1.01529
0,99,79,80,0.463096
0,99,79,81,1.02185
0,99,79,82,0.566926
0,99,79,83,0.851874
0,99,79,84,0.793491
0,99,79,85,0.559527
0,99,79,86,0.788236
0,99,79,87,0.286825
0,99,79,88,0.842539
0,99,79,89,0.413448
0,99,79,90,1.0164
0,99,79,91,0.710367
0,99,79,92,0.945087
0,99,79,93,1.01497
0,99,79,94,0.699003
0,99,79,95,0.97766
0,99,79,96,0.367274
0,99,79,97,0.906269
0,99,79,98,0.471531
0,99,79,99,0.995545
0,99,79,100,0.76935
0,99,79,101,0.891909
0,99,79,102,1.02413
0,99,79,103,0.65822
0,99,79,104,0.954319
0,99,79,105,0.384512
0,99,79,106,0.785936
0,99,79,107,0.366347
0,99,79,108,0.825551
0,99,79,109,0.619057
0,99,79,110,0.721047
0,99,79,111,0.858785
0,99,79,112,0.578978
0,99,80,0,0.681792
0,99,80,1,0.982199
0,99,80,2,0.399213
0,99,80,3,0.824353
0,99,80,4,0.807472
0,99,80,5,0.964167
0,99,80,6,0.883931
0,99,80,7,0.414589
0,99,80,8,0.84089
0,99,80,9,0.533434
0,99,80,10,1.02398
0,99,80,11,0.472929
0,99,80,12,0.826488
0,99,80,13,0.821729
0,99,80,14,1.0048
0,99,80,15,1.06792
0,99,80,16,0.419491
0,99,80,17,0.719266
0,99,80,18,0.386748
0,99,80,19,0.98409
0,99,80,20,0.512581
0,99,80,21,0.758301
0,99,80,22,0.815712
0,99,80,23,0.94327
0,99,80,24,1.25004
0,99,80,25,0.526477
0,99,80,26,0.781711
0,99,80,27,0.341022
0,99,80,28,0.974955
0,99,80,29,0.611188
0,99,80,30,0.702188
0,99,80,31,0.764727
0,99,80,32,0.788943
0,99,80,33,1.21291
0,99,80,34,0.600469
0,99,80,35,0.832816
0,99,80,36,0.381631
0,99,80,37,0.966141
0,99,80,38,0.785177
0,99,80,39,0.759463
0,99,80,40,0.675988
0,99,80,41,0.596681
0,99,80,42,1.05792
0,99,80,43,0.586457
0,99,80,44,0.808986
0,99,80,45,0.378321
0,99,80,46,0.957147
0,99,80,47,0.920091
0,99,80,48,0.934092
0,99,80,49,0.842062
0,99,80,50,0.54
0,99,80,51,0.948815
0,99,80,52,0.581583
0,99,80,53,0.802205
0,99,80,54,0.274751
0,99,80,55,0.834252
0,99,80,56,0.86468
0,99,80,57,1.05899
0,99,80,58,0.991868
0,99,80,59,0.553457
0,99,80,60,0.920876
0,99,80,61,0.550324
0,99,80,62,0.864756
0,99,80,63,0.298505
0,99,80,64,0.704141
0,99,80,65,0.75347
0,99,80,66,0.980894
0,99,80,67,1.06607
0,99,80,68,0.552534
0,99,80,69,0.935472
0,99,80,70,0.561864
0,99,80,71,1.06035
0,99,80,72,0.454275
0,99,80,73,0.688325
0,99,80,74,0.695184
0,99,80,75,0.865141
0,99,80,76,1.07003
0,99,80,77,0.454563
0,99,80,78,0.84297
0,99,80,79,0.464093
0,99,80,80,1.11934
0,99,80,81,0.656087
0,99,80,82,0.777616
0,99,80,83,0.746121
0,99,80,84,0.779338
0,99,80,85,1.10064
0,99,80,86,0.421989
0,99,80,87,0.674075
0,99,80,88,0.330026
0,99,80,89,0.998852
0,99,80,90,0.809147
0,99,80,91,0.871445
0,99,80,92,0.844511
0,99,80,93,0.762662
0,99,80,94,1.17507
0,99,80,95,0.534025
0,99,80,96,0.704674
0,99,80,97,0.240963
0,99,80,98,0.867189
0,99,80,99,0.813128
0,99,80,100,0.868493
0,99,80,101,0.869692
0,99,80,102,0.685242
0,99,80,103,1.13789
0,99,80,104,0.684789
0,99,80,105,0.837724
0,99,80,106,0.279603
0,99,80,107,0.752671
0,99,80,108,0.774031
0,99,80,109,0.84816
0,99,80,110,0.799499
0,99,80,111,0.562703
0,99,80,112,1.00218
0,99,81,0,1.09704
0,99,81,1,0.581717
0,99,81,2,0.91991
0,99,81,3,0.747211
0,99,81,4,0.86495
0,99,81,5,0.992485
0,99,81,6,0.625221
0,99,81,7,0.958563
0,99,81,8,0.450315
0,99,81,9,0.938862
0,99,81,10,0.54711
0,99,81,11,0.940829
0,99,81,12,0.853706
0,99,81,13,0.983686
0,99,81,14,1.19006
0,99,81,15,0.787878
0,99,81,16,1.07304
0,99,81,17,0.476681
0,99,81,18,0.964691
0,99,81,19,0.545414
0,99,81,20,0.953857
0,99,81,21,0.866006
0,99,81,22,0.973052
0,99,81,23,1.23658
0,99,81,24,0.770946
0,99,81,25,1.10077
0,99,81,26,0.405924
0,99,81,27,0.876227
0,99,81,28,0.501839
0,99,81,29,0.818413
0,99,81,30,0.768273
0,99,81,31,0.768101
0,99,81,32,1.14166
0,99,81,33,0.683779
0,99,81,34,1.13099
0,99,81,35,0.498699
0,99,81,36,1.0143
0,99,81,37,0.723531
0,99,81,38,0.969311
0,99,81,39,0.963537
0,99,81,40,0.762348
0,99,81,41,1.13391
0,99,81,42,0.625925
0,99,81,43,1.09776
0,99,81,44,0.503861
0,99,81,45,0.984081
0,99,81,46,0.780918
0,99,81,47,0.968352
0,99,81,48,1.02403
0,99,81,49,0.722038
0,99,81,50,1.04407
0,99,81,51,0.488092
0,99,81,52,0.905323
0,99,81,53,0.390877
0,99,81,54,0.806552
0,99,81,55,0.734941
0,99,81,56,0.947609
0,99,81,57,1.1516
0,99,81,58,0.845868
0,99,81,59,1.17109
0,99,81,60,0.599328
0,99,81,61,1.01554
0,99,81,62,0.514244
0,99,81,63,0.863706
0,99,81,64,0.761049
0,99,81,65,0.930241
0,99,81,66,1.13869
0,99,81,67,0.831475
0,99,81,68,1.16681
0,99,81,69,0.581386
0,99,81,70,1.03081
0,99,81,71,0.535888
0,99,81,72,0.842472
0,99,81,73,0.681939
0,99,81,74,0.760329
0,99,81,75,1.01264
0,99,81,76,0.652475
0,99,81,77,1.02872
0,99,81,78,0.477057
0,99,81,79,1.02025
0,99,81,80,0.652683
0,99,81,81,1.0218
0,99,81,82,0.917662
0,99,81,83,0.898953
0,99,81,84,1.17713
0,99,81,85,0.662465
0,99,81,86,1.04456
0,99,81,87,0.414949
0,99,81,88,0.966847
0,99,81,89,0.684135
0,99,81,90,1.02769
0,99,81,91,0.998291
0,99,81,92,0.858861
0,99,81,93,1.17795
0,99,81,94,0.61502
0,99,81,95,0.981251
0,99,81,96,0.31177
0,99,81,97,0.792615
0,99,81,98,0.577993
0,99,81,99,0.853891
0,99,81,100,0.972173
0,99,81,101,0.794603
0,99,81,102,1.22829
0,99,81,103,0.69486
0,99,81,104,1.13048
0,99,81,105,0.525986
0,99,81,106,0.898004
0,99,81,107,0.706937
0,99,81,108,0.902237
0,99,81,109,1.02445
0,99,81,110,0.772236
0,99,81,111,1.17416
0,99,81,112,0.650529
0,99,82,0,0.507685
0,99,82,1,0.923156
0,99,82,2,0.798284
0,99,82,3,0.863525
0,99,82,4,0.833543
0,99,82,5,0.545636
0,99,82,6,0.990661
0,99,82,7,0.59402
0,99,82,8,0.882682
0,99,82,9,0.362565
0,99,82,10,0.745017
0,99,82,11,0.842016
0,99,82,12,0.999976
0,99,82,13,1.12509
0,99,82,14,0.756533
0,99,82,15,1.20484
0,99,82,16,0.765515
0,99,82,17,1.07617
0,99,82,18,0.532821
0,99,82,19,0.748378
0,99,82,20,0.898824
0,99,82,21,1.02469
0,99,82,22,1.25778
0,99,82,23,0.76687
0,99,82,24,1.07698
0,99,82,25,0.65391
0,99,82,26,0.946343
0,99,82,27,0.4434
0,99,82,28,0.559887
0,99,82,29,0.62539
0,99,82,30,0.751214
0,99,82,31,1.10166
0,99,82,32,0.667596
0,99,82,33,0.938638
0,99,82,34,0.646948
0,99,82,35,1.06891
0,99,82,36,0.756322
0,99,82,37,0.854734
0,99,82,38,0.874019
0,99,82,39,0.924183
0,99,82,40,1.2677
0,99,82,41,0.795739
0,99,82,42,1.01078
0,99,82,43,0.580898
0,99,82,44,1.03944
0,99,82,45,0.811997
0,99,82,46,0.884328
0,99,82,47,0.828047
0,99,82,48,0.774564
0,99,82,49,1.14648
0,99,82,50,0.64815
0,99,82,51,0.808943
0,99,82,52,0.296056
0,99,82,53,0.737849
0,99,82,54,0.645712
0,99,82,55,0.842385
0,99,82,56,0.890619
0,99,82,57,0.790559
0,99,82,58,1.31028
0,99,82,59,0.861269
0,99,82,60,1.09433
0,99,82,61,0.476697
0,99,82,62,0.857058
0,99,82,63,0.829888
0,99,82,64,0.978283
0,99,82,65,1.05339
0,99,82,66,0.737656
0,99,82,67,1.25674
0,99,82,68,0.831951
0,99,82,69,1.10635
0,99,82,70,0.470375
0,99,82,71,0.687416
0,99,82,72,0.702005
0,99,82,73,0.766757
0,99,82,74,0.902833
0,99,82,75,0.504873
0,99,82,76,0.928365
0,99,82,77,0.620977
0,99,82,78,1.02258
0,99,82,79,0.566978
0,99,82,80,0.776307
0,99,82,81,0.919727
0,99,82,82,1.02912
0,99,82,83,1.27216
0,99,82,84,0.769773
0,99,82,85,1.02488
0,99,82,86,0.646848
0,99,82,87,1.04633
0,99,82,88,0.677699
0,99,82,89,0.814456
0,99,82,90,0.897912
0,99,82,91,0.977586
0,99,82,92,1.25217
0,99,82,93,0.71894
0,99,82,94,0.876598
0,99,82,95,0.445311
0,99,82,96,0.800554
0,99,82,97,0.524645
0,99,82,98,0.634903
0,99,82,99,0.666173
0,99,82,100,0.791222
0,99,82,101,1.23896
0,99,82,102,0.833401
0,99,82,103,1.04248
0,99,82,104,0.564093
0,99,82,105,1.00992
0,99,82,106,0.803557
0,99,82,107,0.889212
0,99,82,108,0.90407
0,99,82,109,0.8114
0,99,82,110,1.29239
0,99,82,111,0.871172
0,99,82,112,1.09098
0,99,83,0,0.890354
0,99,83,1,0.733962
0,99,83,2,0.831817
0,99,83,3,0.977716
0,99,83,4,0.631281
0,99,83,5,0.892617
0,99,83,6,0.589018
0,99,83,7,0.96527
0,99,83,8,0.526876
0,99,83,9,0.688463
0,99,83,10,0.604638
0,99,83,11,0.85824
0,99,83,12,1.17185
0,99,83,13,0.926181
0,99,83,14,1.17961
0,99,83,15,0.870229
0,99,83,16,1.21492
0,99,83,17,0.813733
0,99,83,18,0.9078
0,99,83,19,0.74974
0,99,83,20,0.935208
0,99,83,21,1.25498
0,99,83,22,0.999518
0,99,83,23,1.18327
0,99,83,24,0.681156
0,99,83,25,1.02822
0,99,83,26,0.594627
0,99,83,27,0.701202
0,99,83,28,0.511762
0,99,83,29,0.561351
0,99,83,30,0.968814
0,99,83,31,0.761589
0,99,83,32,1.07136
0,99,83,33,0.567598
0,99,83,34,1.01832
0,99,83,35,0.775343
0,99,83,36,0.976388
0,99,83,37,0.954691
0,99,83,38,0.840086
0,99,83,39,1.2776
0,99,83,40,0.980512
0,99,83,41,1.28333
0,99,83,42,0.710733
0,99,83,43,1.01186
0,99,83,44,0.825272
0,99,83,45,0.96431
0,99,83,46,0.979456
0,99,83,47,0.691893
0,99,83,48,1.06065
0,99,83,49,0.736705
0,99,83,50,1.03186
0,99,83,51,0.435032
0,99,83,52,0.646621
0,99,83,53,0.514635
0,99,83,54,0.72878
0,99,83,55,0.954652
0,99,83,56,0.724071
0,99,83,57,1.14126
0,99,83,58,0.937981
0,99,83,59,1.27564
0,99,83,60,0.802994
0,99,83,61,0.888769
0,99,83,62,0.775768
0,99,83,63,0.942857
0,99,83,64,1.20293
0,99,83,65,0.916475
0,99,83,66,1.16724
0,99,83,67,0.904038
0,99,83,68,1.21415
0,99,83,69,0.74249
0,99,83,70,0.787645
0,99,83,71,0.551929
0,99,83,72,0.68662
0,99,83,73,0.916857
0,99,83,74,0.63994
0,99,83,75,0.891544
0,99,83,76,0.527733
0,99,83,77,0.996037
0,99,83,78,0.681531
0,99,83,79,0.850803
0,99,83,80,0.74221
0,99,83,81,0.898652
0,99,83,82,1.27003
0,99,83,83,1.02291
0,99,83,84,1.25067
0,99,83,85,0.725346
0,99,83,86,1.10714
0,99,83,87,0.795157
0,99,83,88,0.964256
0,99,83,89,0.877483
0,99,83,90,0.843394
0,99,83,91,1.23298
0,99,83,92,0.889046
0,99,83,93,1.12071
0,99,83,94,0.474169
0,99,83,95,0.798185
0,99,83,96,0.495007
0,99,83,97,0.690375
0,99,83,98,0.673168
0,99,83,99,0.562492
0,99,83,100,1.06642
0,99,83,101,0.854032
0,99,83,102,1.24611
0,99,83,103,0.709613
0,99,83,104,0.967633
0,99,83,105,0.830766
0,99,83,106,0.975953
0,99,83,107,1.08533
0,99,83,108,0.815068
0,99,83,109,1.20661
0,99,83,110,0.978222
0,99,83,111,1.32011
0,99,83,112,0.785199
0,99,84,0,0.8654
0,99,84,1,0.74652
0,99,84,2,0.825075
0,99,84,3,0.539797
0,99,84,4,1.01177
0,99,84,5,0.623595
0,99,84,6,0.879787
0,99,84,7,0.472206
0,99,84,8,0.680633
0,99,84,9,0.646435
0,99,84,10,0.681843
0,99,84,11,0.935874
0,99,84,12,0.667706
0,99,84,13,1.23414
0,99,84,14,0.941829
0,99,84,15,1.23825
0,99,84,16,0.81637
0,99,84,17,0.878605
0,99,84,18,0.92377
0,99,84,19,0.839101
0,99,84,20,1.16376
0,99,84,21,0.738653
0,99,84,22,1.24038
0,99,84,23,0.87538
0,99,84,24,1.0942
0,99,84,25,0.660728
0,99,84,26,0.571237
0,99,84,27,0.590835
0,99,84,28,0.53611
0,99,84,29,0.885697
0,99,84,30,0.477051
0,99,84,31,0.962776
0,99,84,32,0.705477
0,99,84,33,1.00068
0,99,84,34,0.792942
0,99,84,35,0.719545
0,99,84,36,0.897686
0,99,84,37,0.824299
0,99,84,38,1.28001
0,99,84,39,0.857366
0,99,84,40,1.17992
0,99,84,41,0.889677
0,99,84,42,1.1175
0,99,84,43,0.931061
0,99,84,44,0.776554
0,99,84,45,0.88225
0,99,84,46,0.704224
0,99,84,47,1.12305
0,99,84,48,0.695756
0,99,84,49,0.932317
0,99,84,50,0.537535
0,99,84,51,0.745208
0,99,84,52,0.566195
0,99,84,53,0.539543
0,99,84,54,0.681775
0,99,84,55,0.589338
0,99,84,56,1.13449
0,99,84,57,0.860542
0,99,84,58,1.16744
0,99,84,59,0.802937
0,99,84,60,0.989546
0,99,84,61,0.925655
0,99,84,62,0.853872
0,99,84,63,1.02099
0,99,84,64,0.745744
0,99,84,65,1.28539
0,99,84,66,0.946515
0,99,84,67,1.20375
0,99,84,68,0.746976
0,99,84,69,0.804186
0,99,84,70,0.733459
0,99,84,71,0.638495
0,99,84,72,0.825096
0,99,84,73,0.42713
0,99,84,74,0.92713
0,99,84,75,0.605671
0,99,84,76,0.950792
0,99,84,77,0.588686
0,99,84,78,0.683856
0,99,84,79,0.792728
0,99,84,80,0.777356
0,99,84,81,1.17775
0,99,84,82,0.768385
0,99,84,83,1.25081
0,99,84,84,0.950988
0,99,84,85,1.17857
0,99,84,86,0.865981
0,99,84,87,0.778759
0,99,84,88,0.923277
0,99,84,89,0.820613
0,99,84,90,1.2215
0,99,84,91,0.72968
0,99,84,92,1.05371
0,99,84,93,0.698536
0,99,84,94,0.906716
0,99,84,95,0.598444
0,99,84,96,0.471294
0,99,84,97,0.580468
0,99,84,98,0.526506
0,99,84,99,0.981509
0,99,84,100,0.673651
0,99,84,101,1.03109
0,99,84,102,0.776737
0,99,84,103,1.03641
0,99,84,104,0.915949
0,99,84,105,0.813545
0,99,84,106,0.93703
0,99,84,107,0.780775
0,99,84,108,1.28768
0,99,84,109,0.919822
0,99,84,110,1.19387
0,99,84,111,0.840419
0,99,84,112,1.00992
0,99,85,0,0.870803
0,99,85,1,0.832836
0,99,85,2,0.331607
0,99,85,3,0.813837
0,99,85,4,0.53998
0,99,85,5,1.01499
0,99,85,6,0.478791
0,99,85,7,0.514737
0,99,85,8,0.514107
0,99,85,9,0.604229
0,99,85,10,0.869677
0,99,85,11,0.427664
0,99,85,12,0.948772
0,99,85,13,0.706576
0,99,85,14,1.27997
0,99,85,15,0.94785
0,99,85,16,0.809035
0,99,85,17,0.771655
0,99,85,18,0.748547
0,99,85,19,1.16895
0,99,85,20,0.650919
0,99,85,21,1.0112
0,99,85,22,0.68184
0,99,85,23,1.12665
0,99,85,24,0.898371
0,99,85,25,0.610563
0,99,85,26,0.479741
0,99,85,27,0.35355
0,99,85,28,0.836327
0,99,85,29,0.443042
0,99,85,30,0.748807
0,99,85,31,0.458596
0,99,85,32,0.905561
0,99,85,33,0.86332
0,99,85,34,0.739595
0,99,85,35,0.683114
0,99,85,36,0.533901
0,99,85,37,1.14217
0,99,85,38,0.879588
0,99,85,39,1.1306
0,99,85,40,0.69164
0,99,85,41,1.02199
0,99,85,42,1.00964
0,99,85,43,0.917375
0,99,85,44,0.785915
0,99,85,45,0.46677
0,99,85,46,0.987965
0,99,85,47,0.726713
0,99,85,48,0.978052
0,99,85,49,0.461684
0,99,85,50,0.627594
0,99,85,51,0.571021
0,99,85,52,0.641736
0,99,85,53,0.573358
0,99,85,54,0.24716
0,99,85,55,0.85103
0,99,85,56,0.679324
0,99,85,57,1.2071
0,99,85,58,0.747279
0,99,85,59,0.825882
0,99,85,60,0.852942
0,99,85,61,0.899425
0,99,85,62,1.01471
0,99,85,63,0.540007
0,99,85,64,1.04927
0,99,85,65,0.799754
0,99,85,66,1.30618
0,99,85,67,0.862384
0,99,85,68,0.728906
0,99,85,69,0.662104
0,99,85,70,0.620339
0,99,85,71,0.874001
0,99,85,72,0.321663
0,99,85,73,0.69428
0,99,85,74,0.401447
0,99,85,75,0.946081
0,99,85,76,0.667419
0,99,85,77,0.565169
0,99,85,78,0.589926
0,99,85,79,0.559217
0,99,85,80,1.09806
0,99,85,81,0.66297
0,99,85,82,1.02367
0,99,85,83,0.726125
0,99,85,84,1.17873
0,99,85,85,1.0596
0,99,85,86,0.826407
0,99,85,87,0.724919
0,99,85,88,0.601959
0,99,85,89,1.1396
0,99,85,90,0.776801
0,99,85,91,0.985806
0,99,85,92,0.538434
0,99,85,93,0.852261
0,99,85,94,0.762218
0,99,85,95,0.59134
0,99,85,96,0.432494
0,99,85,97,0.239881
0,99,85,98,0.803404
0,99,85,99,0.624714
0,99,85,100,0.936498
0,99,85,101,0.559229
0,99,85,102,0.858268
0,99,85,103,0.913144
0,99,85,104,0.931519
0,99,85,105,0.851497
0,99,85,106,0.519991
0,99,85,107,1.07958
0,99,85,108,0.872506
0,99,85,109,1.23625
0,99,85,110,0.759755
0,99,85,111,0.903405
0,99,85,112,0.868
0,99,86,0,0.770141
0,99,86,1,0.429908
0,99,86,2,0.820871
0,99,86,3,0.362893
0,99,86,4,0.786799
0,99,86,5,0.407259
0,99,86,6,0.635894
0,99,86,7,0.528192
0,99,86,8,0.433848
0,99,86,9,0.576361
0,99,86,10,0.349915
0,99,86,11,0.895901
0,99,86,12,0.521732
0,99,86,13,1.04618
0,99,86,14,0.753331
0,99,86,15,0.937472
0,99,86,16,0.913203
0,99,86,17,0.670198
0,99,86,18,0.926181
0,99,86,19,0.485262
0,99,86,20,1.06757
0,99,86,21,0.593374
0,99,86,22,1.07051
0,99,86,23,0.721146
0,99,86,24,0.721131
0,99,86,25,0.68387
0,99,86,26,0.346955
0,99,86,27,0.591452
0,99,86,28,0.198363
0,99,86,29,0.716557
0,99,86,30,0.352519
0,99,86,31,0.808159
0,99,86,32,0.621675
0,99,86,33,0.634408
0,99,86,34,0.777009
0,99,86,35,0.49842
0,99,86,36,0.952304
0,99,86,37,0.531183
0,99,86,38,1.0666
0,99,86,39,0.717095
0,99,86,40,1.02886
0,99,86,41,0.898799
0,99,86,42,0.769173
0,99,86,43,0.889113
0,99,86,44,0.524341
0,99,86,45,0.911852
0,99,86,46,0.437119
0,99,86,47,0.85846
0,99,86,48,0.498018
0,99,86,49,0.743759
0,99,86,50,0.566066
0,99,86,51,0.436561
0,99,86,52,0.468765
0,99,86,53,0.26978
0,99,86,54,0.704349
0,99,86,55,0.406218
0,99,86,56,0.905494
0,99,86,57,0.647792
0,99,86,58,0.938929
0,99,86,59,0.873489
0,99,86,60,0.716009
0,99,86,61,0.871419
0,99,86,62,0.548774
0,99,86,63,1.03621
0,99,86,64,0.600587
0,99,86,65,1.08611
0,99,86,66,0.740429
0,99,86,67,0.909255
0,99,86,68,0.804802
0,99,86,69,0.554906
0,99,86,70,0.672604
0,99,86,71,0.278619
0,99,86,72,0.742077
0,99,86,73,0.28668
0,99,86,74,0.756528
0,99,86,75,0.43713
0,99,86,76,0.632674
0,99,86,77,0.644103
0,99,86,78,0.465891
0,99,86,79,0.786259
0,99,86,80,0.419652
0,99,86,81,1.04404
0,99,86,82,0.644548
0,99,86,83,1.10649
0,99,86,84,0.864566
0,99,86,85,0.825836
0,99,86,86,0.907609
0,99,86,87,0.565811
0,99,86,88,0.964649
0,99,86,89,0.49021
0,99,86,90,1.00658
0,99,86,91,0.565992
0,99,86,92,0.876816
0,99,86,93,0.634454
0,99,86,94,0.531588
0,99,86,95,0.550262
0,99,86,96,0.250872
0,99,86,97,0.62039
0,99,86,98,0.261157
0,99,86,99,0.745791
0,99,86,100,0.50716
0,99,86,101,0.853977
0,99,86,102,0.807797
0,99,86,103,0.697656
0,99,86,104,0.847019
0,99,86,105,0.553752
0,99,86,106,0.987508
0,99,86,107,0.576306
0,99,86,108,1.06005
0,99,86,109,0.739985
0,99,86,110,1.00225
0,99,86,111,0.901844
0,99,86,112,0.702145
0,99,87,0,0.294071
0,99,87,1,0.717054
0,99,87,2,0.326997
0,99,87,3,0.800019
0,99,87,4,0.246332
0,99,87,5,0.48946
0,99,87,6,0.474346
0,99,87,7,0.490173
0,99,87,8,0.549259
0,99,87,9,0.138818
0,99,87,10,0.576446
0,99,87,11,0.373032
0,99,87,12,0.994736
0,99,87,13,0.573104
0,99,87,14,0.729222
0,99,87,15,0.826373
0,99,87,16,0.719794
0,99,87,17,0.948981
0,99,87,18,0.357116
0,99,87,19,0.728667
0,99,87,20,0.444935
0,99,87,21,1.04005
0,99,87,22,0.681883
0,99,87,23,0.675187
0,99,87,24,0.598331
0,99,87,25,0.455767
0,99,87,26,0.669192
0,99,87,27,0.145132
0,99,87,28,0.422522
0,99,87,29,0.116624
0,99,87,30,0.723834
0,99,87,31,0.560543
0,99,87,32,0.592064
0,99,87,33,0.505642
0,99,87,34,0.46119
0,99,87,35,0.889823
0,99,87,36,0.447437
0,99,87,37,0.851111
0,99,87,38,0.405969
0,99,87,39,0.969758
0,99,87,40,0.847239
0,99,87,41,0.795594
0,99,87,42,0.731162
0,99,87,43,0.443288
0,99,87,44,0.901012
0,99,87,45,0.433359
0,99,87,46,0.802483
0,99,87,47,0.236626
0,99,87,48,0.682261
0,99,87,49,0.592111
0,99,87,50,0.547099
0,99,87,51,0.411787
0,99,87,52,0.109079
0,99,87,53,0.5246
0,99,87,54,0.259031
0,99,87,55,0.793942
0,99,87,56,0.33032
0,99,87,57,0.737592
0,99,87,58,0.83169
0,99,87,59,0.785096
0,99,87,60,0.866163
0,99,87,61,0.334034
0,99,87,62,0.813176
0,99,87,63,0.472522
0,99,87,64,1.06858
0,99,87,65,0.55847
0,99,87,66,0.721039
0,99,87,67,0.802983
0,99,87,68,0.682277
0,99,87,69,0.796168
0,99,87,70,0.193684
0,99,87,71,0.495134
0,99,87,72,0.1977
0,99,87,73,0.725584
0,99,87,74,0.332676
0,99,87,75,0.453595
0,99,87,76,0.44058
0,99,87,77,0.478809
0,99,87,78,0.777454
0,99,87,79,0.286844
0,99,87,80,0.671924
0,99,87,81,0.415769
0,99,87,82,1.04576
0,99,87,83,0.79651
0,99,87,84,0.779594
0,99,87,85,0.725578
0,99,87,86,0.567072
0,99,87,87,0.942723
0,99,87,88,0.411953
0,99,87,89,0.770501
0,99,87,90,0.356319
0,99,87,91,0.906957
0,99,87,92,0.668518
0,99,87,93,0.599301
0,99,87,94,0.41018
0,99,87,95,0.249686
0,99,87,96,0.565996
0,99,87,97,0.201229
0,99,87,98,0.553703
0,99,87,99,0.150311
0,99,87,100,0.732105
0,99,87,101,0.718164
0,99,87,102,0.742269
0,99,87,103,0.700726
0,99,87,104,0.401823
0,99,87,105,0.901357
0,99,87,106,0.498079
0,99,87,107,0.960411
0,99,87,108,0.428229
0,99,87,109,0.843453
0,99,87,110,0.882225
0,99,87,111,0.821402
0,99,87,112,0.795903
0,99,88,0,0.810774
0,99,88,1,0.335422
0,99,88,2,0.810703
0,99,88,3,0.3793
0,99,88,4,0.674406
0,99,88,5,0.481146
0,99,88,6,0.52679
0,99,88,7,0.687394
0,99,88,8,0.324686
0,99,88,9,0.637614
0,99,88,10,0.258533
0,99,88,11,0.878395
0,99,88,12,0.554291
0,99,88,13,0.932517
0,99,88,14,0.810429
0,99,88,15,0.759945
0,99,88,16,1.00159
0,99,88,17,0.498884
0,99,88,18,0.903593
0,99,88,19,0.322717
0,99,88,20,0.971811
0,99,88,21,0.606453
0,99,88,22,0.944977
0,99,88,23,0.807544
0,99,88,24,0.559217
0,99,88,25,0.824911
0,99,88,26,0.254343
0,99,88,27,0.655385
0,99,88,28,0.125045
0,99,88,29,0.640593
0,99,88,30,0.421659
0,99,88,31,0.707718
0,99,88,32,0.747924
0,99,88,33,0.479208
0,99,88,34,0.885775
0,99,88,35,0.397344
0,99,88,36,0.971129
0,99,88,37,0.451243
0,99,88,38,0.917611
0,99,88,39,0.741288
0,99,88,40,0.864413
0,99,88,41,0.970848
0,99,88,42,0.54963
0,99,88,43,0.916849
0,99,88,44,0.406935
0,99,88,45,0.917575
0,99,88,46,0.410582
0,99,88,47,0.739333
0,99,88,48,0.567615
0,99,88,49,0.634808
0,99,88,50,0.719179
0,99,88,51,0.303652
0,99,88,52,0.54503
0,99,88,53,0.195801
0,99,88,54,0.720336
0,99,88,55,0.417178
0,99,88,56,0.789169
0,99,88,57,0.71096
0,99,88,58,0.818561
0,99,88,59,1.00565
0,99,88,60,0.558821
0,99,88,61,0.869543
0,99,88,62,0.389294
0,99,88,63,0.957538
0,99,88,64,0.565041
0,99,88,65,0.922242
0,99,88,66,0.764849
0,99,88,67,0.759712
0,99,88,68,0.938741
0,99,88,69,0.43536
0,99,88,70,0.725955
0,99,88,71,0.182914
0,99,88,72,0.714004
0,99,88,73,0.336724
0,99,88,74,0.659758
0,99,88,75,0.532408
0,99,88,76,0.488409
0,99,88,77,0.792286
0,99,88,78,0.366425
0,99,88,79,0.839854
0,99,88,80,0.327049
0,99,88,81,0.965798
0,99,88,82,0.674668
0,99,88,83,0.963536
0,99,88,84,0.921436
0,99,88,85,0.601551
0,99,88,86,0.964217
0,99,88,87,0.410772
0,99,88,88,0.951555
0,99,88,89,0.384398
0,99,88,90,0.889619
0,99,88,91,0.630667
0,99,88,92,0.772658
0,99,88,93,0.772307
0,99,88,94,0.37502
0,99,88,95,0.651178
0,99,88,96,0.165327
0,99,88,97,0.659691
0,99,88,98,0.22978
0,99,88,99,0.643315
0,99,88,100,0.588295
0,99,88,101,0.748883
0,99,88,102,0.954789
0,99,88,103,0.539969
0,99,88,104,0.897802
0,99,88,105,0.441805
0,99,88,106,0.958417
0,99,88,107,0.511926
0,99,88,108,0.875993
0,99,88,109,0.73747
0,99,88,110,0.836211
0,99,88,111,1.0124
0,99,88,112,0.542835
0,99,89,0,0.577087
0,99,89,1,0.885708
0,99,89,2,0.31825
0,99,89,3,0.690292
0,99,89,4,0.686651
0,99,89,5,0.749736
0,99,89,6,0.785757
0,99,89,7,0.315062
0,99,89,8,0.747258
0,99,89,9,0.405373
0,99,89,10,0.883217
0,99,89,11,0.453422
0,99,89,12,0.790689
0,99,89,13,0.862508
0,99,89,14,0.945347
0,99,89,15,1.14605
0,99,89,16,0.493665
0,99,89,17,0.842721
0,99,89,18,0.448623
0,99,89,19,0.970398
0,99,89,20,0.590959
0,99,89,21,0.7786
0,99,89,22,0.856227
0,99,89,23,0.837906
0,99,89,24,1.11443
0,99,89,25,0.413386
0,99,89,26,0.667579
0,99,89,27,0.231651
0,99,89,28,0.760686
0,99,89,29,0.505723
0,99,89,30,0.594211
0,99,89,31,0.719261
0,99,89,32,0.677607
0,99,89,33,1.06098
0,99,89,34,0.537913
0,99,89,35,0.822052
0,99,89,36,0.404785
0,99,89,37,0.974369
0,99,89,38,0.827848
0,99,89,39,0.838511
0,99,89,40,0.833477
0,99,89,41,0.664289
0,99,89,42,1.09518
0,99,89,43,0.587038
0,99,89,44,0.837893
0,99,89,45,0.360561
0,99,89,46,0.858656
0,99,89,47,0.772179
0,99,89,48,0.779949
0,99,89,49,0.759586
0,99,89,50,0.4193
0,99,89,51,0.8062
0,99,89,52,0.408992
0,99,89,53,0.686606
0,99,89,54,0.222874
0,99,89,55,0.743936
0,99,89,56,0.796382
0,99,89,57,0.94419
0,99,89,58,1.02738
0,99,89,59,0.567974
0,99,89,60,0.997235
0,99,89,61,0.558172
0,99,89,62,0.930297
0,99,89,63,0.410892
0,99,89,64,0.783154
0,99,89,65,0.845324
0,99,89,66,0.92461
0,99,89,67,1.0868
0,99,89,68,0.492058
0,99,89,69,0.862783
0,99,89,70,0.424347
0,99,89,71,0.85192
0,99,89,72,0.369733
0,99,89,73,0.561575
0,99,89,74,0.620945
0,99,89,75,0.682855
0,99,89,76,0.937181
0,99,89,77,0.374318
0,99,89,78,0.783221
0,99,89,79,0.413622
0,99,89,80,0.997145
0,99,89,81,0.686076
0,99,89,82,0.814366
0,99,89,83,0.879913
0,99,89,84,0.821853
0,99,89,85,1.1409
0,99,89,86,0.492094
0,99,89,87,0.771244
0,99,89,88,0.386602
0,99,89,89,0.960956
0,99,89,90,0.772029
0,99,89,91,0.794936
0,99,89,92,0.794049
0,99,89,93,0.626064
0,99,89,94,0.972726
0,99,89,95,0.396913
0,99,89,96,0.593944
0,99,89,97,0.167602
0,99,89,98,0.722708
0,99,89,99,0.673122
0,99,89,100,0.762152
0,99,89,101,0.848056
0,99,89,102,0.630117
0,99,89,103,1.09493
0,99,89,104,0.641396
0,99,89,105,0.898362
0,99,89,106,0.371881
0,99,89,107,0.839239
0,99,89,108,0.838842
0,99,89,109,0.88545
0,99,89,110,0.92999
0,99,89,111,0.590117
0,99,89,112,1.01554
0,99,90,0,1.17137
0,99,90,1,0.589196
0,99,90,2,0.811396
0,99,90,3,0.708356
0,99,90,4,0.88339
0,99,90,5,1.11646
0,99,90,6,0.618165
0,99,90,7,0.911166
0,99,90,8,0.452722
0,99,90,9,1.01622
0,99,90,10,0.655814
0,99,90,11,0.889217
0,99,90,12,0.835538
0,99,90,13,0.973799
0,99,90,14,1.32274
0,99,90,15,0.831384
0,99,90,16,1.01049
0,99,90,17,0.430315
0,99,90,18,0.963556
0,99,90,19,0.678164
0,99,90,20,0.905386
0,99,90,21,0.809189
0,99,90,22,0.889615
0,99,90,23,1.28112
0,99,90,24,0.842919
0,99,90,25,1.03027
0,99,90,26,0.353059
0,99,90,27,0.835962
0,99,90,28,0.632113
0,99,90,29,0.861653
0,99,90,30,0.765437
0,99,90,31,0.726687
0,99,90,32,1.17627
0,99,90,33,0.816726
0,99,90,34,1.13414
0,99,90,35,0.468818
0,99,90,36,0.950886
0,99,90,37,0.810133
0,99,90,38,1.06258
0,99,90,39,0.965049
0,99,90,40,0.688628
0,99,90,41,1.09327
0,99,90,42,0.707748
0,99,90,43,1.12941
0,99,90,44,0.455083
0,99,90,45,0.875816
0,99,90,46,0.781613
0,99,90,47,1.04027
0,99,90,48,1.04634
0,99,90,49,0.656256
0,99,90,50,0.990812
0,99,90,51,0.537532
0,99,90,52,1.01314
0,99,90,53,0.422381
0,99,90,54,0.747905
0,99,90,55,0.742041
0,99,90,56,1.01061
0,99,90,57,1.26495
0,99,90,58,0.819202
0,99,90,59,1.11538
0,99,90,60,0.60476
0,99,90,61,1.10616
0,99,90,62,0.575564
0,99,90,63,0.778154
0,99,90,64,0.715196
0,99,90,65,0.919759
0,99,90,66,1.25285
0,99,90,67,0.815181
0,99,90,68,1.06921
0,99,90,69,0.515372
0,99,90,70,1.0429
0,99,90,71,0.644485
0,99,90,72,0.792429
0,99,90,73,0.661353
0,99,90,74,0.736805
0,99,90,75,1.1251
0,99,90,76,0.730751
0,99,90,77,0.987143
0,99,90,78,0.452782
0,99,90,79,1.01497
0,99,90,80,0.805569
0,99,90,81,1.02766
0,99,90,82,0.895718
0,99,90,83,0.843713
0,99,90,84,1.22109
0,99,90,85,0.77643
0,99,90,86,1.00721
0,99,90,87,0.355509
0,99,90,88,0.890601
0,99,90,89,0.770041
0,99,90,90,1.06243
0,99,90,91,0.951072
0,99,90,92,0.766784
0,99,90,93,1.14904
0,99,90,94,0.717929
0,99,90,95,0.995911
0,99,90,96,0.291378
0,99,90,97,0.736563
0,99,90,98,0.651964
0,99,90,99,0.968342
0,99,90,100,1.00427
0,99,90,101,0.748738
0,99,90,102,1.1881
0,99,90,103,0.776536
0,99,90,104,1.22443
0,99,90,105,0.528925
0,99,90,106,0.819244
0,99,90,107,0.709257
0,99,90,108,0.973009
0,99,90,109,1.07775
0,99,90,110,0.701651
0,99,90,111,1.09451
0,99,90,112,0.648954
0,99,91,0,0.559502
0,99,91,1,0.971117
0,99,91,2,0.878319
0,99,91,3,0.953769
0,99,91,4,1.03784
0,99,91,5,0.733961
0,99,91,6,1.16485
0,99,91,7,0.712865
0,99,91,8,1.04782
0,99,91,9,0.561576
0,99,91,10,0.901782
0,99,91,11,0.972761
0,99,91,12,1.02547
0,99,91,13,1.20882
0,99,91,14,0.793323
0,99,91,15,1.19774
0,99,91,16,0.673159
0,99,91,17,0.967701
0,99,91,18,0.495238
0,99,91,19,0.694999
0,99,91,20,0.862696
0,99,91,21,0.913821
0,99,91,22,1.26024
0,99,91,23,0.819179
0,99,91,24,1.17138
0,99,91,25,0.745116
0,99,91,26,1.02031
0,99,91,27,0.619478
0,99,91,28,0.746609
0,99,91,29,0.857594
0,99,91,30,0.883642
0,99,91,31,1.25241
0,99,91,32,0.833904
0,99,91,33,1.10355
0,99,91,34,0.761692
0,99,91,35,1.08897
0,99,91,36,0.802726
0,99,91,37,0.858904
0,99,91,38,0.895123
0,99,91,39,0.838596
0,99,91,40,1.14867
0,99,91,41,0.708723
0,99,91,42,0.967416
0,99,91,43,0.558381
0,99,91,44,0.968415
0,99,91,45,0.802474
0,99,91,46,0.927836
0,99,91,47,0.973344
0,99,91,48,0.895671
0,99,91,49,1.26357
0,99,91,50,0.78162
0,99,91,51,0.999195
0,99,91,52,0.505061
0,99,91,53,0.895931
0,99,91,54,0.788096
0,99,91,55,0.972469
0,99,91,56,1.07727
0,99,91,57,0.903169
0,99,91,58,1.36175
0,99,91,59,0.832081
0,99,91,60,1.07169
0,99,91,61,0.472067
0,99,91,62,0.796457
0,99,91,63,0.746004
0,99,91,64,0.844094
0,99,91,65,1.02859
0,99,91,66,0.713529
0,99,91,67,1.24898
0,99,91,68,0.809159
0,99,91,69,1.14953
0,99,91,70,0.606776
0,99,91,71,0.834365
0,99,91,72,0.875764
0,99,91,73,0.867611
0,99,91,74,1.10809
0,99,91,75,0.703772
0,99,91,76,1.12996
0,99,91,77,0.754556
0,99,91,78,1.11002
0,99,91,79,0.710911
0,99,91,80,0.870675
0,99,91,81,1.00097
0,99,91,82,0.978136
0,99,91,83,1.23546
0,99,91,84,0.731402
0,99,91,85,0.987184
0,99,91,86,0.568576
0,99,91,87,0.907714
0,99,91,88,0.634041
0,99,91,89,0.795438
0,99,91,90,0.95381
0,99,91,91,0.982153
0,99,91,92,1.30517
0,99,91,93,0.835939
0,99,91,94,1.04168
0,99,91,95,0.61997
0,99,91,96,0.92453
0,99,91,97,0.692265
0,99,91,98,0.820729
0,99,91,99,0.898145
0,99,91,100,0.93324
0,99,91,101,1.33583
0,99,91,102,0.924026
0,99,91,103,1.13115
0,99,91,104,0.62439
0,99,91,105,0.978625
0,99,91,106,0.731017
0,99,91,107,0.799561
0,99,91,108,0.8879
0,99,91,109,0.743711
0,99,91,110,1.19548
0,99,91,111,0.777432
0,99,91,112,1.07731
0,99,92,0,0.82168
0,99,92,1,0.839528
0,99,92,2,0.988094
0,99,92,3,1.23389
0,99,92,4,0.851842
0,99,92,5,1.14617
0,99,92,6,0.876925
0,99,92,7,1.23878
0,99,92,8,0.817566
0,99,92,9,0.868883
0,99,92,10,0.839031
0,99,92,11,0.998591
0,99,92,12,1.32239
0,99,92,13,0.922865
0,99,92,14,1.10612
0,99,92,15,0.750058
0,99,92,16,1.04403
0,99,92,17,0.656692
0,99,92,18,0.668276
0,99,92,19,0.588052
0,99,92,20,0.741055
0,99,92,21,1.18634
0,99,92,22,0.940955
0,99,92,23,1.18032
0,99,92,24,0.785272
0,99,92,25,1.16833
0,99,92,26,0.884033
0,99,92,27,0.908552
0,99,92,28,0.811514
0,99,92,29,0.800309
0,99,92,30,1.27891
0,99,92,31,1.04121
0,99,92,32,1.2694
0,99,92,33,0.762248
0,99,92,34,1.10589
0,99,92,35,0.914416
0,99,92,36,0.958363
0,99,92,37,0.889822
0,99,92,38,0.657766
0,99,92,39,1.10295
0,99,92,40,0.800513
0,99,92,41,1.0627
0,99,92,42,0.535175
0,99,92,43,0.819327
0,99,92,44,0.767265
0,99,92,45,0.952335
0,99,92,46,1.06992
0,99,92,47,0.78848
0,99,92,48,1.25484
0,99,92,49,1.00716
0,99,92,50,1.28698
0,99,92,51,0.723732
0,99,92,52,0.862501
0,99,92,53,0.814449
0,99,92,54,0.975271
0,99,92,55,1.20867
0,99,92,56,0.865288
0,99,92,57,1.23748
0,99,92,58,0.991408
0,99,92,59,1.25422
0,99,92,60,0.707298
0,99,92,61,0.680616
0,99,92,62,0.609992
0,99,92,63,0.727845
0,99,92,64,1.04626
0,99,92,65,0.71589
0,99,92,66,1.01198
0,99,92,67,0.845198
0,99,92,68,1.24658
0,99,92,69,0.882737
0,99,92,70,0.888258
0,99,92,71,0.79462
0,99,92,72,0.901593
0,99,92,73,1.24262
0,99,92,74,0.910771
0,99,92,75,1.14118
0,99,92,76,0.799128
0,99,92,77,1.21328
0,99,92,78,0.936339
0,99,92,79,0.945689
0,99,92,80,0.842725
0,99,92,81,0.8607
0,99,92,82,1.25208
0,99,92,83,0.890985
0,99,92,84,1.05483
0,99,92,85,0.539021
0,99,92,86,0.878356
0,99,92,87,0.668755
0,99,92,88,0.774631
0,99,92,89,0.793576
0,99,92,90,0.768565
0,99,92,91,1.30474
0,99,92,92,1.05355
0,99,92,93,1.28272
0,99,92,94,0.706535
0,99,92,95,0.999646
0,99,92,96,0.820867
0,99,92,97,0.94921
0,99,92,98,0.975203
0,99,92,99,0.781826
0,99,92,100,1.29576
0,99,92,101,1.07403
0,99,92,102,1.36401
0,99,92,103,0.769339
0,99,92,104,0.885534
0,99,92,105,0.775339
0,99,92,106,0.827088
0,99,92,107,0.906784
0,99,92,108,0.587002
0,99,92,109,1.00289
0,99,92,110,0.804827
0,99,92,111,1.19271
0,99,92,112,0.719176
0,99,93,0,0.834218
0,99,93,1,0.825279
0,99,93,2,1.11356
0,99,93,3,0.834594
0,99,93,4,1.30977
0,99,93,5,0.913896
0,99,93,6,1.22604
0,99,93,7,0.90331
0,99,93,8,1.00336
0,99,93,9,0.952749
0,99,93,10,0.854476
0,99,93,11,1.20689
0,99,93,12,0.811531
0,99,93,13,1.26345
0,99,93,14,0.805626
0,99,93,15,1.0528
0,99,93,16,0.642933
0,99,93,17,0.672234
0,99,93,18,0.672906
0,99,93,19,0.514187
0,99,93,20,0.986798
0,99,93,21,0.645476
0,99,93,22,1.22861
0,99,93,23,0.889809
0,99,93,24,1.14511
0,99,93,25,0.959529
0,99,93,26,0.885656
0,99,93,27,0.993499
0,99,93,28,0.778383
0,99,93,29,1.24349
0,99,93,30,0.846776
0,99,93,31,1.32056
0,99,93,32,1.0033
0,99,93,33,1.12777
0,99,93,34,0.987625
0,99,93,35,0.847634
0,99,93,36,0.961634
0,99,93,37,0.659334
0,99,93,38,1.0362
0,99,93,39,0.631109
0,99,93,40,0.979035
0,99,93,41,0.648869
0,99,93,42,0.819071
0,99,93,43,0.732617
0,99,93,44,0.698873
0,99,93,45,0.955528
0,99,93,46,0.782454
0,99,93,47,1.24314
0,99,93,48,0.934415
0,99,93,49,1.27324
0,99,93,50,0.952293
0,99,93,51,1.03343
0,99,93,52,0.90661
0,99,93,53,0.847448
0,99,93,54,1.0874
0,99,93,55,0.868089
0,99,93,56,1.31324
0,99,93,57,0.932104
0,99,93,58,1.24506
0,99,93,59,0.81362
0,99,93,60,0.847268
0,99,93,61,0.683918
0,99,93,62,0.573914
0,99,93,63,0.814401
0,99,93,64,0.53794
0,99,93,65,1.05838
0,99,93,66,0.707723
0,99,93,67,1.12914
0,99,93,68,0.859293
0,99,93,69,0.970009
0,99,93,70,0.957063
0,99,93,71,0.815742
0,99,93,72,1.2048
0,99,93,73,0.794574
0,99,93,74,1.3095
0,99,93,75,0.922919
0,99,93,76,1.21487
0,99,93,77,0.970276
0,99,93,78,0.949703
0,99,93,79,1.01661
0,99,93,80,0.762843
0,99,93,81,1.18092
0,99,93,82,0.720153
0,99,93,83,1.12266
0,99,93,84,0.700588
0,99,93,85,0.853172
0,99,93,86,0.637633
0,99,93,87,0.599834
0,99,93,88,0.776212
0,99,93,89,0.62679
0,99,93,90,1.15166
0,99,93,91,0.836731
0,99,93,92,1.28319
0,99,93,93,0.981722
0,99,93,94,1.08975
0,99,93,95,0.954917
0,99,93,96,0.824685
0,99,93,97,1.02562
0,99,93,98,0.817525
0,99,93,99,1.25797
0,99,93,100,0.950258
0,99,93,101,1.30164
0,99,93,102,0.991348
0,99,93,103,1.02741
0,99,93,104,0.843903
0,99,93,105,0.715987
0,99,93,106,0.802602
0,99,93,107,0.53579
0,99,93,108,0.980642
0,99,93,109,0.627113
0,99,93,110,1.01269
0,99,93,111,0.724886
0,99,93,112,0.901302
0,99,94,0,0.836119
0,99,94,1,0.950386
0,99,94,2,0.534128
0,99,94,3,1.07664
0,99,94,4,0.860887
0,99,94,5,1.34751
0,99,94,6,0.878817
0,99,94,7,0.840102
0,99,94,8,0.894089
0,99,94,9,0.86566
0,99,94,10,1.1528
0,99,94,11,0.600621
0,99,94,12,1.01289
0,99,94,13,0.681765
0,99,94,14,1.1667
0,99,94,15,0.742164
0,99,94,16,0.549318
0,99,94,17,0.427379
0,99,94,18,0.452433
0,99,94,19,0.878273
0,99,94,20,0.417372
0,99,94,21,0.819048
0,99,94,22,0.596482
0,99,94,23,1.14733
0,99,94,24,1.06411
0,99,94,25,0.830248
0,99,94,26,0.7999
0,99,94,27,0.66412
0,99,94,28,1.22509
0,99,94,29,0.781678
0,99,94,30,1.08129
0,99,94,31,0.770731
0,99,94,32,1.16202
0,99,94,33,1.13491
0,99,94,34,0.868086
0,99,94,35,0.739191
0,99,94,36,0.495343
0,99,94,37,0.972728
0,99,94,38,0.641305
0,99,94,39,0.83378
0,99,94,40,0.345889
0,99,94,41,0.719356
0,99,94,42,0.735229
0,99,94,43,0.699005
0,99,94,44,0.628668
0,99,94,45,0.453697
0,99,94,46,1.06458
0,99,94,47,0.89694
0,99,94,48,1.22555
0,99,94,49,0.782277
0,99,94,50,0.949667
0,99,94,51,0.99061
0,99,94,52,0.955297
0,99,94,53,0.959569
0,99,94,54,0.536384
0,99,94,55,1.10513
0,99,94,56,0.865367
0,99,94,57,1.30387
0,99,94,58,0.758573
0,99,94,59,0.748135
0,99,94,60,0.655315
0,99,94,61,0.644712
0,99,94,62,0.704309
0,99,94,63,0.237972
0,99,94,64,0.711214
0,99,94,65,0.532184
0,99,94,66,1.09908
0,99,94,67,0.775103
0,99,94,68,0.763603
0,99,94,69,0.80089
0,99,94,70,0.807961
0,99,94,71,1.19374
0,99,94,72,0.631026
0,99,94,73,1.03112
0,99,94,74,0.76372
0,99,94,75,1.27414
0,99,94,76,1.05859
0,99,94,77,0.841373
0,99,94,78,0.836099
0,99,94,79,0.700532
0,99,94,80,1.17574
0,99,94,81,0.6182
0,99,94,82,0.877771
0,99,94,83,0.477778
0,99,94,84,0.908265
0,99,94,85,0.764957
0,99,94,86,0.533266
0,99,94,87,0.412536
0,99,94,88,0.377112
0,99,94,89,0.974334
0,99,94,90,0.721062
0,99,94,91,1.04263
0,99,94,92,0.708835
0,99,94,93,1.09026
0,99,94,94,1.1189
0,99,94,95,0.891453
0,99,94,96,0.821783
0,99,94,97,0.564609
0,99,94,98,1.16814
0,99,94,99,0.92804
0,99,94,100,1.19945
0,99,94,101,0.769315
0,99,94,102,0.987878
0,99,94,103,0.961817
0,99,94,104,0.843608
0,99,94,105,0.681238
0,99,94,106,0.286459
0,99,94,107,0.73895
0,99,94,108,0.567583
0,99,94,109,0.92784
0,99,94,110,0.453282
0,99,94,111,0.711942
0,99,94,112,0.753783
0,99,95,0,0.869255
0,99,95,1,0.542838
0,99,95,2,0.97828
0,99,95,3,0.620328
0,99,95,4,1.1729
0,99,95,5,0.923487
0,99,95,6,0.990429
0,99,95,7,0.918347
0,99,95,8,0.744249
0,99,95,9,1.03058
0,99,95,10,0.629729
0,99,95,11,1.03887
0,99,95,12,0.544321
0,99,95,13,0.996184
0,99,95,14,0.725584
0,99,95,15,0.742852
0,99,95,16,0.52301
0,99,95,17,0.320843
0,99,95,18,0.608266
0,99,95,19,0.285772
0,99,95,20,0.786944
0,99,95,21,0.385611
0,99,95,22,0.939792
0,99,95,23,0.837852
0,99,95,24,0.904744
0,99,95,25,0.943635
0,99,95,26,0.598519
0,99,95,27,1.01201
0,99,95,28,0.628331
0,99,95,29,1.17796
0,99,95,30,0.692696
0,99,95,31,1.08342
0,99,95,32,0.989001
0,99,95,33,0.906563
0,99,95,34,0.957514
0,99,95,35,0.498867
0,99,95,36,0.81745
0,99,95,37,0.401188
0,99,95,38,0.864766
0,99,95,39,0.401008
0,99,95,40,0.646101
0,99,95,41,0.527877
0,99,95,42,0.550702
0,99,95,43,0.712604
0,99,95,44,0.360257
0,99,95,45,0.809433
0,99,95,46,0.543775
0,99,95,47,1.12365
0,99,95,48,0.820341
0,99,95,49,1.01436
0,99,95,50,0.956371
0,99,95,51,0.818347
0,99,95,52,1.032
0,99,95,53,0.605008
0,99,95,54,1.00461
0,99,95,55,0.641013
0,99,95,56,1.14805
0,99,95,57,0.829383
0,99,95,58,0.907232
0,99,95,59,0.690441
0,99,95,60,0.508573
0,99,95,61,0.67634
0,99,95,62,0.287328
0,99,95,63,0.60653
0,99,95,64,0.263708
0,99,95,65,0.817302
0,99,95,66,0.635084
0,99,95,67,0.822413
0,99,95,68,0.775819
0,99,95,69,0.650937
0,99,95,70,0.993863
0,99,95,71,0.624547
0,99,95,72,1.09831
0,99,95,73,0.616018
0,99,95,74,1.12918
0,99,95,75,0.96467
0,99,95,76,1.01151
0,99,95,77,0.968149
0,99,95,78,0.63804
0,99,95,79,0.979546
0,99,95,80,0.534247
0,99,95,81,0.984152
0,99,95,82,0.446645
0,99,95,83,0.799979
0,99,95,84,0.600435
0,99,95,85,0.591958
0,99,95,86,0.553358
0,99,95,87,0.250117
0,99,95,88,0.654957
0,99,95,89,0.397562
0,99,95,90,0.998367
0,99,95,91,0.620989
0,99,95,92,1.00027
0,99,95,93,0.955207
0,99,95,94,0.891015
0,99,95,95,1.01494
0,99,95,96,0.56313
0,99,95,97,1.00021
0,99,95,98,0.642652
0,99,95,99,1.18613
0,99,95,100,0.807786
0,99,95,101,1.00735
0,99,95,102,0.909309
0,99,95,103,0.741433
0,99,95,104,0.840507
0,99,95,105,0.369934
0,99,95,106,0.61294
0,99,95,107,0.261032
0,99,95,108,0.790433
0,99,95,109,0.470067
0,99,95,110,0.677334
0,99,95,111,0.610855
0,99,95,112,0.592845
0,99,96,0,0.222489
0,99,96,1,0.822097
0,99,96,2,0.497798
0,99,96,3,1.07247
0,99,96,4,0.626495
0,99,96,5,0.859843
0,99,96,6,0.972181
0,99,96,7,0.834537
0,99,96,8,1.00988
0,99,96,9,0.392461
0,99,96,10,0.865933
0,99,96,11,0.504418
0,99,96,12,0.971043
0,99,96,13,0.504466
0,99,96,14,0.553584
0,99,96,15,0.592818
0,99,96,16,0.392729
0,99,96,17,0.548161
0,99,96,18,0.0495786
0,99,96,19,0.440974
0,99,96,20,0.209651
0,99,96,21,0.788927
0,99,96,22,0.586165
0,99,96,23,0.660174
0,99,96,24,0.778531
0,99,96,25,0.649618
0,99,96,26,1.00287
0,99,96,27,0.481245
0,99,96,28,0.88349
0,99,96,29,0.519219
0,99,96,30,1.11084
0,99,96,31,0.920652
0,99,96,32,0.83855
0,99,96,33,0.788559
0,99,96,34,0.526036
0,99,96,35,0.857325
0,99,96,36,0.322611
0,99,96,37,0.632982
0,99,96,38,0.148424
0,99,96,39,0.631043
0,99,96,40,0.46137
0,99,96,41,0.471925
0,99,96,42,0.46551
0,99,96,43,0.205737
0,99,96,44,0.701954
0,99,96,45,0.361785
0,99,96,46,0.86258
0,99,96,47,0.414827
0,99,96,48,0.932629
0,99,96,49,0.957839
0,99,96,50,0.890256
0,99,96,51,0.928306
0,99,96,52,0.448859
0,99,96,53,0.983442
0,99,96,54,0.549307
0,99,96,55,1.05297
0,99,96,56,0.503253
0,99,96,57,0.776547
0,99,96,58,0.791456
0,99,96,59,0.598707
0,99,96,60,0.620327
0,99,96,61,0.0441533
0,99,96,62,0.482613
0,99,96,63,0.147689
0,99,96,64,0.680929
0,99,96,65,0.304554
0,99,96,66,0.498039
0,99,96,67,0.712767
0,99,96,68,0.643613
0,99,96,69,0.912945
0,99,96,70,0.357861
0,99,96,71,0.847988
0,99,96,72,0.545469
0,99,96,73,1.09836
0,99,96,74,0.789226
0,99,96,75,0.820183
0,99,96,76,0.918189
0,99,96,77,0.748502
0,99,96,78,1.00008
0,99,96,79,0.36966
0,99,96,80,0.706387
0,99,96,81,0.315696
0,99,96,82,0.802549
0,99,96,83,0.499437
0,99,96,84,0.473296
0,99,96,85,0.435983
0,99,96,86,0.253056
0,99,96,87,0.569131
0,99,96,88,0.168161
0,99,96,89,0.596388
0,99,96,90,0.295386
0,99,96,91,0.9266
0,99,96,92,0.824528
0,99,96,93,0.826177
0,99,96,94,0.823256
0,99,96,95,0.56451
0,99,96,96,1.02764
0,99,96,97,0.562249
0,99,96,98,0.989518
0,99,96,99,0.48632
0,99,96,100,0.994429
0,99,96,101,0.906953
0,99,96,102,0.799454
0,99,96,103,0.710243
0,99,96,104,0.242174
0,99,96,105,0.662947
0,99,96,106,0.195994
0,99,96,107,0.589062
0,99,96,108,0.137022
0,99,96,109,0.524253
0,99,96,110,0.556236
0,99,96,111,0.571783
0,99,96,112,0.66889
0,99,97,0,0.718071
0,99,97,1,0.35889
0,99,97,2,1.02132
0,99,97,3,0.680672
0,99,97,4,0.951937
0,99,97,5,0.844972
0,99,97,6,0.881298
0,99,97,7,1.17047
0,99,97,8,0.639955
0,99,97,9,0.903395
0,99,97,10,0.384494
0,99,97,11,1.00705
0,99,97,12,0.614651
0,99,97,13,0.792617
0,99,97,14,0.606123
0,99,97,15,0.467008
0,99,97,16,0.692873
0,99,97,17,0.222326
0,99,97,18,0.532852
0,99,97,19,0
0,99,97,20,0.679131
0,99,97,21,0.485982
0,99,97,22,0.819895
0,99,97,23,0.778885
0,99,97,24,0.571818
0,99,97,25,1.05891
0,99,97,26,0.583434
0,99,97,27,1.02272
0,99,97,28,0.418992
0,99,97,29,0.994374
0,99,97,30,0.851331
0,99,97,31,1.0533
0,99,97,32,1.01099
0,99,97,33,0.552941
0,99,97,34,0.950762
0,99,97,35,0.423816
0,99,97,36,0.831111
0,99,97,37,0.198229
0,99,97,38,0.570788
0,99,97,39,0.434219
0,99,97,40,0.589968
0,99,97,41,0.629578
0,99,97,42,0.219483
0,99,97,43,0.636493
0,99,97,44,0.270684
0,99,97,45,0.870493
0,99,97,46,0.44349
0,99,97,47,0.818637
0,99,97,48,0.804157
0,99,97,49,0.97406
0,99,97,50,1.16175
0,99,97,51,0.60732
0,99,97,52,0.918567
0,99,97,53,0.511825
0,99,97,54,1.09287
0,99,97,55,0.652488
0,99,97,56,0.860779
0,99,97,57,0.715033
0,99,97,58,0.750195
0,99,97,59,0.873798
0,99,97,60,0.298728
0,99,97,61,0.531023
0,99,97,62,0.0558337
0,99,97,63,0.617064
0,99,97,64,0.320737
0,99,97,65,0.599897
0,99,97,66,0.520734
0,99,97,67,0.608466
0,99,97,68,0.966793
0,99,97,69,0.53498
0,99,97,70,0.881558
0,99,97,71,0.370344
0,99,97,72,1.05573
0,99,97,73,0.777077
0,99,97,74,1.03869
0,99,97,75,0.91398
0,99,97,76,0.754744
0,99,97,77,1.13874
0,99,97,78,0.579022
0,99,97,79,0.907622
0,99,97,80,0.240918
0,99,97,81,0.795108
0,99,97,82,0.525344
0,99,97,83,0.692149
0,99,97,84,0.581645
0,99,97,85,0.240668
0,99,97,86,0.622624
0,99,97,87,0.201822
0,99,97,88,0.662894
0,99,97,89,0.168047
0,99,97,90,0.738903
0,99,97,91,0.692838
0,99,97,92,0.950106
0,99,97,93,1.02549
0,99,97,94,0.56454
0,99,97,95,0.999902
0,99,97,96,0.561102
0,99,97,97,1.10095
0,99,97,98,0.54206
0,99,97,99,0.900879
0,99,97,100,0.836039
0,99,97,101,0.947228
0,99,97,102,1.03895
0,99,97,103,0.413962
0,99,97,104,0.701782
0,99,97,105,0.228371
0,99,97,106,0.673934
0,99,97,107,0.202636
0,99,97,108,0.497952
0,99,97,109,0.408364
0,99,97,110,0.580575
0,99,97,111,0.80374
0,99,97,112,0.359297
0,99,98,0,0.422826
0,99,98,1,0.922435
0,99,98,2,0.541912
0,99,98,3,0.943716
0,99,98,4,0.977911
0,99,98,5,0.957589
0,99,98,6,1.19271
0,99,98,7,0.672111
0,99,98,8,1.10573
0,99,98,9,0.548624
0,99,98,10,1.00216
0,99,98,11,0.606958
0,99,98,12,0.793467
0,99,98,13,0.793249
0,99,98,14,0.677568
0,99,98,15,0.910966
0,99,98,16,0.280483
0,99,98,17,0.592979
0,99,98,18,0.194748
0,99,98,19,0.623951
0,99,98,20,0.420188
0,99,98,21,0.616117
0,99,98,22,0.802631
0,99,98,23,0.754149
0,99,98,24,1.13837
0,99,98,25,0.612958
0,99,98,26,0.981792
0,99,98,27,0.546887
0,99,98,28,1.01085
0,99,98,29,0.821136
0,99,98,30,0.944082
0,99,98,31,1.07044
0,99,98,32,0.852993
0,99,98,33,1.13942
0,99,98,34,0.574899
0,99,98,35,0.830038
0,99,98,36,0.342157
0,99,98,37,0.715579
0,99,98,38,0.529921
0,99,98,39,0.562788
0,99,98,40,0.598127
0,99,98,41,0.425612
0,99,98,42,0.799168
0,99,98,43,0.349243
0,99,98,44,0.711324
0,99,98,45,0.370099
0,99,98,46,0.873429
0,99,98,47,0.826323
0,99,98,48,0.954357
0,99,98,49,1.11313
0,99,98,50,0.763666
0,99,98,51,1.15576
0,99,98,52,0.604181
0,99,98,53,1.02443
0,99,98,54,0.545017
0,99,98,55,0.953578
0,99,98,56,0.877287
0,99,98,57,0.867158
0,99,98,58,1.00314
0,99,98,59,0.458179
0,99,98,60,0.791682
0,99,98,61,0.2423
0,99,98,62,0.622097
0,99,98,63,0.214041
0,99,98,64,0.519965
0,99,98,65,0.623667
0,99,98,66,0.63132
0,99,98,67,0.990481
0,99,98,68,0.518553
0,99,98,69,0.979805
0,99,98,70,0.52136
0,99,98,71,1.01037
0,99,98,72,0.709945
0,99,98,73,0.917169
0,99,98,74,1.03075
0,99,98,75,0.901833
0,99,98,76,1.23749
0,99,98,77,0.643837
0,99,98,78,0.990191
0,99,98,79,0.474166
0,99,98,80,0.868553
0,99,98,81,0.582691
0,99,98,82,0.637339
0,99,98,83,0.677712
0,99,98,84,0.528938
0,99,98,85,0.806155
0,99,98,86,0.264115
0,99,98,87,0.556362
0,99,98,88,0.233729
0,99,98,89,0.72516
0,99,98,90,0.656664
0,99,98,91,0.823143
0,99,98,92,0.978625
0,99,98,93,0.819011
0,99,98,94,1.16902
0,99,98,95,0.643894
0,99,98,96,0.989111
0,99,98,97,0.543492
0,99,98,98,1.01607
0,99,98,99,0.865326
0,99,98,100,0.957948
0,99,98,101,1.05147
0,99,98,102,0.699493
0,99,98,103,0.999456
0,99,98,104,0.414244
0,99,98,105,0.708696
0,99,98,106,0.194957
0,99,98,107,0.546427
0,99,98,108,0.530449
0,99,98,109,0.577111
0,99,98,110,0.72421
0,99,98,111,0.439494
0,99,98,112,0.88184
0,99,99,0,1.13599
0,99,99,1,0.604472
0,99,99,2,0.835005
0,99,99,3,0.840453
0,99,99,4,1.06786
0,99,99,5,1.3984
0,99,99,6,0.811515
0,99,99,7,1.08964
0,99,99,8,0.61636
0,99,99,9,1.17651
0,99,99,10,0.775729
0,99,99,11,0.863602
0,99,99,12,0.753019
0,99,99,13,0.815885
0,99,99,14,1.2094
0,99,99,15,0.636016
0,99,99,16,0.714988
0,99,99,17,0.198279
0,99,99,18,0.722857
0,99,99,19,0.563687
0,99,99,20,0.665273
0,99,99,21,0.607772
0,99,99,22,0.726327
0,99,99,23,1.24939
0,99,99,24,0.910725
0,99,99,25,1.09704
0,99,99,26,0.499805
0,99,99,27,1.00659
0,99,99,28,0.899911
0,99,99,29,1.0745
0,99,99,30,0.949971
0,99,99,31,0.849604
0,99,99,32,1.30322
0,99,99,33,0.933659
0,99,99,34,1.11407
0,99,99,35,0.394106
0,99,99,36,0.752503
0,99,99,37,0.648172
0,99,99,38,0.863447
0,99,99,39,0.690876
0,99,99,40,0.405776
0,99,99,41,0.817961
0,99,99,42,0.56569
0,99,99,43,0.956435
0,99,99,44,0.31523
0,99,99,45,0.728804
0,99,99,46,0.78113
0,99,99,47,1.13838
0,99,99,48,1.1815
0,99,99,49,0.799186
0,99,99,50,1.17281
0,99,99,51,0.752781
0,99,99,52,1.26664
0,99,99,53,0.602556
0,99,99,54,0.853586
0,99,99,55,0.834074
0,99,99,56,1.05425
0,99,99,57,1.27348
0,99,99,58,0.693298
0,99,99,59,0.900991
0,99,99,60,0.408868
0,99,99,61,0.924125
0,99,99,62,0.387786
0,99,99,63,0.473109
0,99,99,64,0.456449
0,99,99,65,0.692488
0,99,99,66,1.13699
0,99,99,67,0.695071
0,99,99,68,0.964535
0,99,99,69,0.535581
0,99,99,70,1.12813
0,99,99,71,0.844965
0,99,99,72,0.941876
0,99,99,73,0.855008
0,99,99,74,0.926258
0,99,99,75,1.38924
0,99,99,76,0.927986
0,99,99,77,1.09744
0,99,99,78,0.509736
0,99,99,79,0.99653
0,99,99,80,0.812352
0,99,99,81,0.856563
0,99,99,82,0.666605
0,99,99,83,0.564927
0,99,99,84,0.982446
0,99,99,85,0.625724
0,99,99,86,0.747427
0,99,99,87,0.151212
0,99,99,88,0.645806
0,99,99,89,0.673608
0,99,99,90,0.971008
0,99,99,91,0.898336
0,99,99,92,0.782776
0,99,99,93,1.25757
0,99,99,94,0.926903
0,99,99,95,1.18567
0,99,99,96,0.483775
0,99,99,97,0.900304
0,99,99,98,0.862778
0,99,99,99,1.17225
0,99,99,100,1.1203
0,99,99,101,0.769475
0,99,99,102,1.13925
0,99,99,103,0.714379
0,99,99,104,1.10284
0,99,99,105,0.339101
0,99,99,106,0.521132
0,99,99,107,0.461873
0,99,99,108,0.765753
0,99,99,109,0.858362
0,99,99,110,0.460567
0,99,99,111,0.854792
0,99,99,112,0.529721
0,99,100,0,0.650522
0,99,100,1,0.964704
0,99,100,2,0.940422
0,99,100,3,0.996234
0,99,100,4,1.24483
0,99,100,5,0.952207
0,99,100,6,1.30045
0,99,100,7,0.823259
0,99,100,8,1.1315
0,99,100,9,0.740796
0,99,100,10,0.974805
0,99,100,11,0.998874
0,99,100,12,0.908679
0,99,100,13,1.15714
0,99,100,14,0.782428
0,99,100,15,1.10213
0,99,100,16,0.54465
0,99,100,17,0.788198
0,99,100,18,0.490036
0,99,100,19,0.654206
0,99,100,20,0.816507
0,99,100,21,0.761489
0,99,100,22,1.18212
0,99,100,23,0.875522
0,99,100,24,1.23585
0,99,100,25,0.831999
0,99,100,26,1.04996
0,99,100,27,0.801704
0,99,100,28,0.928153
0,99,100,29,1.09472
0,99,100,30,0.96381
0,99,100,31,1.32706
0,99,100,32,0.950265
0,99,100,33,1.19722
0,99,100,34,0.801096
0,99,100,35,0.960534
0,99,100,36,0.730862
0,99,100,37,0.769564
0,99,100,38,0.882419
0,99,100,39,0.692473
0,99,100,40,0.97023
0,99,100,41,0.620346
0,99,100,42,0.920618
0,99,100,43,0.582492
0,99,100,44,0.837239
0,99,100,45,0.76855
0,99,100,46,0.922956
0,99,100,47,1.1312
0,99,100,48,1.00759
0,99,100,49,1.33735
0,99,100,50,0.90775
0,99,100,51,1.15716
0,99,100,52,0.73352
0,99,100,53,0.989439
0,99,100,54,0.88777
0,99,100,55,0.991264
0,99,100,56,1.18797
0,99,100,57,0.93909
0,99,100,58,1.25929
0,99,100,59,0.709457
0,99,100,60,0.94008
0,99,100,61,0.490698
0,99,100,62,0.698721
0,99,100,63,0.635504
0,99,100,64,0.663901
0,99,100,65,0.979048
0,99,100,66,0.728747
0,99,100,67,1.19136
0,99,100,68,0.77266
0,99,100,69,1.10858
0,99,100,70,0.763944
0,99,100,71,0.965707
0,99,100,72,1.04344
0,99,100,73,0.942737
0,99,100,74,1.27875
0,99,100,75,0.915484
0,99,100,76,1.29055
0,99,100,77,0.836073
0,99,100,78,1.07762
0,99,100,79,0.771805
0,99,100,80,0.869022
0,99,100,81,0.976329
0,99,100,82,0.793298
0,99,100,83,1.06961
0,99,100,84,0.676285
0,99,100,85,0.937948
0,99,100,86,0.5107
0,99,100,87,0.733405
0,99,100,88,0.592835
0,99,100,89,0.763615
0,99,100,90,1.00824
0,99,100,91,0.935066
0,99,100,92,1.2975
0,99,100,93,0.951218
0,99,100,94,1.19926
0,99,100,95,0.808373
0,99,100,96,0.993085
0,99,100,97,0.837111
0,99,100,98,0.956873
0,99,100,99,1.12177
0,99,100,100,1.00446
0,99,100,101,1.31987
0,99,100,102,0.902675
0,99,100,103,1.09963
0,99,100,104,0.642401
0,99,100,105,0.822149
0,99,100,106,0.605541
0,99,100,107,0.6542
0,99,100,108,0.872869
0,99,100,109,0.683188
0,99,100,110,1.0423
0,99,100,111,0.675295
0,99,100,112,1.01085
0,99,101,0,0.798936
0,99,101,1,0.907767
0,99,101,2,0.986809
0,99,101,3,1.31458
0,99,101,4,0.875039
0,99,101,5,1.19273
0,99,101,6,0.919244
0,99,101,7,1.2487
0,99,101,8,0.869518
0,99,101,9,0.842119
0,99,101,10,0.885227
0,99,101,11,0.950962
0,99,101,12,1.32639
0,99,101,13,0.872217
0,99,101,14,1.07641
0,99,101,15,0.740782
0,99,101,16,1.00919
0,99,101,17,0.694227
0,99,101,18,0.641055
0,99,101,19,0.646196
0,99,101,20,0.718004
0,99,101,21,1.213
0,99,101,22,0.937174
0,99,101,23,1.18056
0,99,101,24,0.827012
0,99,101,25,1.16985
0,99,101,26,0.967852
0,99,101,27,0.914791
0,99,101,28,0.904453
0,99,101,29,0.80126
0,99,101,30,1.33214
0,99,101,31,1.05026
0,99,101,32,1.264
0,99,101,33,0.774856
0,99,101,34,1.06088
0,99,101,35,0.932056
0,99,101,36,0.895874
0,99,101,37,0.908053
0,99,101,38,0.614376
0,99,101,39,1.0994
0,99,101,40,0.789771
0,99,101,41,1.04976
0,99,101,42,0.573133
0,99,101,43,0.797975
0,99,101,44,0.824964
0,99,101,45,0.930834
0,99,101,46,1.13076
0,99,101,47,0.790794
0,99,101,48,1.30133
0,99,101,49,1.05152
0,99,101,50,1.31208
0,99,101,51,0.787073
0,99,101,52,0.859427
0,99,101,53,0.88243
0,99,101,54,0.955397
0,99,101,55,1.25198
0,99,101,56,0.829027
0,99,101,57,1.22085
0,99,101,58,0.962241
0,99,101,59,1.20518
0,99,101,60,0.720914
0,99,101,61,0.640748
0,99,101,62,0.652962
0,99,101,63,0.699245
0,99,101,64,1.07522
0,99,101,65,0.704298
0,99,101,66,1.01637
0,99,101,67,0.865867
0,99,101,68,1.23553
0,99,101,69,0.949835
0,99,101,70,0.879146
0,99,101,71,0.882696
0,99,101,72,0.908503
0,99,101,73,1.31826
0,99,101,74,0.932191
0,99,101,75,1.16733
0,99,101,76,0.830108
0,99,101,77,1.19796
0,99,101,78,0.971395
0,99,101,79,0.892946
0,99,101,80,0.868897
0,99,101,81,0.797035
0,99,101,82,1.23943
0,99,101,83,0.856687
0,99,101,84,1.03236
0,99,101,85,0.560633
0,99,101,86,0.855624
0,99,101,87,0.719307
0,99,101,88,0.751059
0,99,101,89,0.848516
0,99,101,90,0.751243
0,99,101,91,1.33618
0,99,101,92,1.07512
0,99,101,93,1.30164
0,99,101,94,0.767909
0,99,101,95,1.00713
0,99,101,96,0.904045
0,99,101,97,0.946714
0,99,101,98,1.04902
0,99,101,99,0.76951
0,99,101,100,1.31896
0,99,101,101,1.06351
0,99,101,102,1.32704
0,99,101,103,0.768075
0,99,101,104,0.827625
0,99,101,105,0.793151
0,99,101,106,0.782509
0,99,101,107,0.934002
0,99,101,108,0.566578
0,99,101,109,1.01071
0,99,101,110,0.812373
0,99,101,111,1.17777
0,99,101,112,0.762177
0,99,102,0,0.86585
0,99,102,1,0.830564
0,99,102,2,1.23088
0,99,102,3,0.850544
0,99,102,4,1.24118
0,99,102,5,0.78664
0,99,102,6,1.17239
0,99,102,7,0.921977
0,99,102,8,0.93284
0,99,102,9,0.862037
0,99,102,10,0.745188
0,99,102,11,1.26086
0,99,102,12,0.864928
0,99,102,13,1.29506
0,99,102,14,0.797788
0,99,102,15,1.07797
0,99,102,16,0.84957
0,99,102,17,0.792842
0,99,102,18,0.80015
0,99,102,19,0.519126
0,99,102,20,1.13321
0,99,102,21,0.798878
0,99,102,22,1.33967
0,99,102,23,0.901231
0,99,102,24,1.09743
0,99,102,25,1.03511
0,99,102,26,0.909707
0,99,102,27,0.990437
0,99,102,28,0.641805
0,99,102,29,1.15156
0,99,102,30,0.815658
0,99,102,31,1.30796
0,99,102,32,0.933081
0,99,102,33,1.01349
0,99,102,34,1.0055
0,99,102,35,0.89361
0,99,102,36,1.09224
0,99,102,37,0.656018
0,99,102,38,1.07567
0,99,102,39,0.751661
0,99,102,40,1.14757
0,99,102,41,0.812306
0,99,102,42,0.831871
0,99,102,43,0.82695
0,99,102,44,0.802658
0,99,102,45,1.13677
0,99,102,46,0.795585
0,99,102,47,1.20883
0,99,102,48,0.903891
0,99,102,49,1.29311
0,99,102,50,0.965805
0,99,102,51,0.921997
0,99,102,52,0.789868
0,99,102,53,0.771865
0,99,102,54,1.12475
0,99,102,55,0.832384
0,99,102,56,1.24113
0,99,102,57,0.871415
0,99,102,58,1.28716
0,99,102,59,0.969997
0,99,102,60,0.892712
0,99,102,61,0.751847
0,99,102,62,0.609093
0,99,102,63,1.02908
0,99,102,64,0.690314
0,99,102,65,1.14326
0,99,102,66,0.738152
0,99,102,67,1.18358
0,99,102,68,1.02676
0,99,102,69,1.01357
0,99,102,70,0.954679
0,99,102,71,0.719075
0,99,102,72,1.21716
0,99,102,73,0.795049
0,99,102,74,1.25828
0,99,102,75,0.785686
0,99,102,76,1.08968
0,99,102,77,0.989686
0,99,102,78,0.947315
0,99,102,79,1.02497
0,99,102,80,0.684978
0,99,102,81,1.23048
0,99,102,82,0.833892
0,99,102,83,1.2475
0,99,102,84,0.778306
0,99,102,85,0.859052
0,99,102,86,0.810577
0,99,102,87,0.74259
0,99,102,88,0.958245
0,99,102,89,0.630524
0,99,102,90,1.19016
0,99,102,91,0.924136
0,99,102,92,1.36385
0,99,102,93,0.990553
0,99,102,94,0.987026
0,99,102,95,0.90823
0,99,102,96,0.797678
0,99,102,97,1.03842
0,99,102,98,0.697675
0,99,102,99,1.13919
0,99,102,100,0.901053
0,99,102,101,1.32654
0,99,102,102,1.04385
0,99,102,103,0.971252
0,99,102,104,0.865654
0,99,102,105,0.777715
0,99,102,106,1.01571
0,99,102,107,0.630548
0,99,102,108,1.03574
0,99,102,109,0.700232
0,99,102,110,1.15715
0,99,102,111,0.92525
0,99,102,112,0.936608
0,99,103,0,0.820403
0,99,103,1,1.02281
0,99,103,2,0.525705
0,99,103,3,1.03726
0,99,103,4,0.732631
0,99,103,5,1.11569
0,99,103,6,0.752281
0,99,103,7,0.685371
0,99,103,8,0.775628
0,99,103,9,0.681061
0,99,103,10,1.0318
0,99,103,11,0.573889
0,99,103,12,1.06951
0,99,103,13,0.785593
0,99,103,14,1.17668
0,99,103,15,0.934513
0,99,103,16,0.719658
0,99,103,17,0.72292
0,99,103,18,0.590543
0,99,103,19,1.00102
0,99,103,20,0.596221
0,99,103,21,1.02435
0,99,103,22,0.777602
0,99,103,23,1.16154
0,99,103,24,1.05285
0,99,103,25,0.791265
0,99,103,26,0.766462
0,99,103,27,0.53607
0,99,103,28,1.00488
0,99,103,29,0.596646
0,99,103,30,0.938488
0,99,103,31,0.679546
0,99,103,32,1.03288
0,99,103,33,0.998209
0,99,103,34,0.834355
0,99,103,35,0.849833
0,99,103,36,0.581606
0,99,103,37,1.10653
0,99,103,38,0.728585
0,99,103,39,1.0376
0,99,103,40,0.62945
0,99,103,41,0.899756
0,99,103,42,0.908083
0,99,103,43,0.78931
0,99,103,44,0.862617
0,99,103,45,0.559347
0,99,103,46,1.13842
0,99,103,47,0.812374
0,99,103,48,1.15148
0,99,103,49,0.731423
0,99,103,50,0.81338
0,99,103,51,0.826444
0,99,103,52,0.710469
0,99,103,53,0.824381
0,99,103,54,0.414789
0,99,103,55,1.03436
0,99,103,56,0.783305
0,99,103,57,1.23699
0,99,103,58,0.889281
0,99,103,59,0.851109
0,99,103,60,0.878357
0,99,103,61,0.701072
0,99,103,62,0.914209
0,99,103,63,0.444551
0,99,103,64,0.967217
0,99,103,65,0.724988
0,99,103,66,1.14634
0,99,103,67,0.956143
0,99,103,68,0.839464
0,99,103,69,0.90218
0,99,103,70,0.732346
0,99,103,71,1.05234
0,99,103,72,0.527012
0,99,103,73,0.911492
0,99,103,74,0.629071
0,99,103,75,1.04192
0,99,103,76,0.881399
0,99,103,77,0.719359
0,99,103,78,0.820394
0,99,103,79,0.658477
0,99,103,80,1.13685
0,99,103,81,0.696799
0,99,103,82,1.04272
0,99,103,83,0.712306
0,99,103,84,1.03755
0,99,103,85,0.914902
0,99,103,86,0.699115
0,99,103,87,0.702099
0,99,103,88,0.541649
0,99,103,89,1.09548
0,99,103,90,0.778528
0,99,103,91,1.13095
0,99,103,92,0.770006
0,99,103,93,1.02671
0,99,103,94,0.960027
0,99,103,95,0.740762
0,99,103,96,0.707566
0,99,103,97,0.413279
0,99,103,98,0.997385
0,99,103,99,0.714067
0,99,103,100,1.09864
0,99,103,101,0.767874
0,99,103,102,0.970963
0,99,103,103,1.01103
0,99,103,104,0.846643
0,99,103,105,0.894503
0,99,103,106,0.464263
0,99,103,107,0.980203
0,99,103,108,0.696266
0,99,103,109,1.07987
0,99,103,110,0.734098
0,99,103,111,0.870152
0,99,103,112,0.94223
0,99,104,0,1.12869
0,99,104,1,0.551197
0,99,104,2,0.873461
0,99,104,3,0.408464
0,99,104,4,1.01214
0,99,104,5,0.804705
0,99,104,6,0.702099
0,99,104,7,0.622222
0,99,104,8,0.455679
0,99,104,9,0.928976
0,99,104,10,0.554805
0,99,104,11,0.9312
0,99,104,12,0.490917
0,99,104,13,1.08108
0,99,104,14,1.02383
0,99,104,15,0.956181
0,99,104,16,0.784488
0,99,104,17,0.490465
0,99,104,18,0.938203
0,99,104,19,0.629835
0,99,104,20,1.03379
0,99,104,21,0.521742
0,99,104,22,1.0369
0,99,104,23,0.995728
0,99,104,24,0.986502
0,99,104,25,0.837232
0,99,104,26,0.345349
0,99,104,27,0.781304
0,99,104,28,0.489636
0,99,104,29,0.970151
0,99,104,30,0.385704
0,99,104,31,0.799963
0,99,104,32,0.842354
0,99,104,33,0.918949
0,99,104,34,0.956869
0,99,104,35,0.440599
0,99,104,36,0.927812
0,99,104,37,0.614134
0,99,104,38,1.21918
0,99,104,39,0.638318
0,99,104,40,0.837199
0,99,104,41,0.809892
0,99,104,42,0.851815
0,99,104,43,1.03707
0,99,104,44,0.459987
0,99,104,45,0.908819
0,99,104,46,0.556624
0,99,104,47,1.2168
0,99,104,48,0.717411
0,99,104,49,0.753302
0,99,104,50,0.683092
0,99,104,51,0.587188
0,99,104,52,0.899104
0,99,104,53,0.337134
0,99,104,54,0.748874
0,99,104,55,0.430887
0,99,104,56,1.13256
0,99,104,57,0.93
0,99,104,58,0.912712
0,99,104,59,0.83446
0,99,104,60,0.664327
0,99,104,61,1.0613
0,99,104,62,0.54533
0,99,104,63,0.865363
0,99,104,64,0.456159
0,99,104,65,1.07443
0,99,104,66,0.989672
0,99,104,67,0.951249
0,99,104,68,0.845496
0,99,104,69,0.563565
0,99,104,70,0.99555
0,99,104,71,0.570616
0,99,104,72,0.867822
0,99,104,73,0.315005
0,99,104,74,0.832045
0,99,104,75,0.809008
0,99,104,76,0.828204
0,99,104,77,0.740704
0,99,104,78,0.429534
0,99,104,79,0.953584
0,99,104,80,0.683094
0,99,104,81,1.13123
0,99,104,82,0.56318
0,99,104,83,0.968038
0,99,104,84,0.916377
0,99,104,85,0.931634
0,99,104,86,0.848694
0,99,104,87,0.401369
0,99,104,88,0.899925
0,99,104,89,0.640731
0,99,104,90,1.22506
0,99,104,91,0.622806
0,99,104,92,0.884111
0,99,104,93,0.841602
0,99,104,94,0.841756
0,99,104,95,0.838337
0,99,104,96,0.239881
0,99,104,97,0.700339
0,99,104,98,0.411722
0,99,104,99,1.1016
0,99,104,100,0.639628
0,99,104,101,0.826093
0,99,104,102,0.864007
0,99,104,103,0.845748
0,99,104,104,1.12006
0,99,104,105,0.493103
0,99,104,106,0.846302
0,99,104,107,0.479133
0,99,104,108,1.15285
0,99,104,109,0.782862
0,99,104,110,0.849802
0,99,104,111,0.829991
0,99,104,112,0.735413
0,99,105,0,0.428382
0,99,105,1,0.889546
0,99,105,2,0.382637
0,99,105,3,0.878912
0,99,105,4,0.458306
0,99,105,5,0.64179
0,99,105,6,0.65171
0,99,105,7,0.471915
0,99,105,8,0.708496
0,99,105,9,0.266858
0,99,105,10,0.756553
0,99,105,11,0.43497
0,99,105,12,0.986214
0,99,105,13,0.709128
0,99,105,14,0.820972
0,99,105,15,0.95451
0,99,105,16,0.653489
0,99,105,17,0.932551
0,99,105,18,0.392634
0,99,105,19,0.821164
0,99,105,20,0.510688
0,99,105,21,1.01122
0,99,105,22,0.81138
0,99,105,23,0.812477
0,99,105,24,0.856192
0,99,105,25,0.53242
0,99,105,26,0.754808
0,99,105,27,0.249333
0,99,105,28,0.620785
0,99,105,29,0.282435
0,99,105,30,0.752773
0,99,105,31,0.648597
0,99,105,32,0.695107
0,99,105,33,0.741928
0,99,105,34,0.542513
0,99,105,35,0.924339
0,99,105,36,0.473436
0,99,105,37,0.944853
0,99,105,38,0.515961
0,99,105,39,0.955384
0,99,105,40,0.819679
0,99,105,41,0.785873
0,99,105,42,0.868778
0,99,105,43,0.511648
0,99,105,44,0.959302
0,99,105,45,0.461646
0,99,105,46,0.946864
0,99,105,47,0.460742
0,99,105,48,0.818845
0,99,105,49,0.713354
0,99,105,50,0.579949
0,99,105,51,0.637115
0,99,105,52,0.243476
0,99,105,53,0.667416
0,99,105,54,0.262129
0,99,105,55,0.872558
0,99,105,56,0.516998
0,99,105,57,0.859425
0,99,105,58,0.946063
0,99,105,59,0.740447
0,99,105,60,0.960986
0,99,105,61,0.389025
0,99,105,62,0.875815
0,99,105,63,0.447019
0,99,105,64,1.01064
0,99,105,65,0.67088
0,99,105,66,0.808841
0,99,105,67,0.967864
0,99,105,68,0.688976
0,99,105,69,0.941181
0,99,105,70,0.348897
0,99,105,71,0.710567
0,99,105,72,0.311831
0,99,105,73,0.741301
0,99,105,74,0.489753
0,99,105,75,0.589612
0,99,105,76,0.670915
0,99,105,77,0.498014
0,99,105,78,0.844941
0,99,105,79,0.384398
0,99,105,80,0.836151
0,99,105,81,0.52742
0,99,105,82,1.00984
0,99,105,83,0.833144
0,99,105,84,0.814502
0,99,105,85,0.852989
0,99,105,86,0.555142
0,99,105,87,0.902301
0,99,105,88,0.44335
0,99,105,89,0.898399
0,99,105,90,0.530448
0,99,105,91,0.978022
0,99,105,92,0.775672
0,99,105,93,0.715037
0,99,105,94,0.67932
0,99,105,95,0.369111
0,99,105,96,0.660281
0,99,105,97,0.227722
0,99,105,98,0.706281
0,99,105,99,0.338521
0,99,105,100,0.820832
0,99,105,101,0.792668
0,99,105,102,0.777202
0,99,105,103,0.893885
0,99,105,104,0.493638
0,99,105,105,0.952336
0,99,105,106,0.445297
0,99,105,107,0.961775
0,99,105,108,0.535133
0,99,105,109,0.878641
0,99,105,110,0.914842
0,99,105,111,0.784274
0,99,105,112,0.95377
0,99,106,0,0.7685
0,99,106,1,0.32289
0,99,106,2,0.862591
0,99,106,3,0.462456
0,99,106,4,0.578242
0,99,106,5,0.449503
0,99,106,6,0.471991
0,99,106,7,0.775079
0,99,106,8,0.284808
0,99,106,9,0.554641
0,99,106,10,0.197473
0,99,106,11,0.858697
0,99,106,12,0.674653
0,99,106,13,0.872284
0,99,106,14,0.80123
0,99,106,15,0.694936
0,99,106,16,1.09876
0,99,106,17,0.539694
0,99,106,18,0.865122
0,99,106,19,0.284935
0,99,106,20,0.942894
0,99,106,21,0.76252
0,99,106,22,0.947695
0,99,106,23,0.82207
0,99,106,24,0.486588
0,99,106,25,0.859921
0,99,106,26,0.31725
0,99,106,27,0.61413
0,99,106,28,0.0641865
0,99,106,29,0.530355
0,99,106,30,0.497338
0,99,106,31,0.717565
0,99,106,32,0.73405
0,99,106,33,0.380345
0,99,106,34,0.863048
0,99,106,35,0.457773
0,99,106,36,0.985839
0,99,106,37,0.433596
0,99,106,38,0.825233
0,99,106,39,0.806081
0,99,106,40,0.923523
0,99,106,41,1.03169
0,99,106,42,0.478906
0,99,106,43,0.894665
0,99,106,44,0.450608
0,99,106,45,0.989158
0,99,106,46,0.435642
0,99,106,47,0.648004
0,99,106,48,0.585438
0,99,106,49,0.658827
0,99,106,50,0.788014
0,99,106,51,0.221432
0,99,106,52,0.464568
0,99,106,53,0.161318
0,99,106,54,0.749266
0,99,106,55,0.450245
0,99,106,56,0.682517
0,99,106,57,0.700362
0,99,106,58,0.799201
0,99,106,59,1.12161
0,99,106,60,0.525237
0,99,106,61,0.811115
0,99,106,62,0.355986
0,99,106,63,0.986417
0,99,106,64,0.693296
0,99,106,65,0.865117
0,99,106,66,0.77495
0,99,106,67,0.727813
0,99,106,68,1.07077
0,99,106,69,0.459554
0,99,106,70,0.675163
0,99,106,71,0.128568
0,99,106,72,0.666423
0,99,106,73,0.445293
0,99,106,74,0.593942
0,99,106,75,0.493894
0,99,106,76,0.389221
0,99,106,77,0.829621
0,99,106,78,0.408269
0,99,106,79,0.783562
0,99,106,80,0.276527
0,99,106,81,0.897162
0,99,106,82,0.800646
0,99,106,83,0.975445
0,99,106,84,0.935567
0,99,106,85,0.519641
0,99,106,86,0.987364
0,99,106,87,0.496985
0,99,106,88,0.958748
0,99,106,89,0.369686
0,99,106,90,0.818472
0,99,106,91,0.727673
0,99,106,92,0.825144
0,99,106,93,0.798965
0,99,106,94,0.284271
0,99,106,95,0.609436
0,99,106,96,0.193063
0,99,106,97,0.670982
0,99,106,98,0.190935
0,99,106,99,0.518713
0,99,106,100,0.601085
0,99,106,101,0.780379
0,99,106,102,1.01266
0,99,106,103,0.462594
0,99,106,104,0.844559
0,99,106,105,0.443696
0,99,106,106,1.02175
0,99,106,107,0.552503
0,99,106,108,0.790074
0,99,106,109,0.764537
0,99,106,110,0.863427
0,99,106,111,1.14438
0,99,106,112,0.509076
0,99,107,0,0.390395
0,99,107,1,0.812389
0,99,107,2,0.406275
0,99,107,3,0.662989
0,99,107,4,0.587066
0,99,107,5,0.448387
0,99,107,6,0.754951
0,99,107,7,0.308492
0,99,107,8,0.713516
0,99,107,9,0.209056
0,99,107,10,0.67202
0,99,107,11,0.527
0,99,107,12,0.815112
0,99,107,13,0.920333
0,99,107,14,0.737962
0,99,107,15,1.16863
0,99,107,16,0.618644
0,99,107,17,1.03415
0,99,107,18,0.481893
0,99,107,19,0.843313
0,99,107,20,0.723581
0,99,107,21,0.880396
0,99,107,22,1.0145
0,99,107,23,0.672744
0,99,107,24,0.950014
0,99,107,25,0.3962
0,99,107,26,0.692522
0,99,107,27,0.191573
0,99,107,28,0.476406
0,99,107,29,0.38708
0,99,107,30,0.549328
0,99,107,31,0.782907
0,99,107,32,0.536959
0,99,107,33,0.827594
0,99,107,34,0.467105
0,99,107,35,0.888124
0,99,107,36,0.4982
0,99,107,37,0.879622
0,99,107,38,0.778797
0,99,107,39,0.905619
0,99,107,40,1.0955
0,99,107,41,0.755009
0,99,107,42,1.05957
0,99,107,43,0.5262
0,99,107,44,0.944262
0,99,107,45,0.478543
0,99,107,46,0.781855
0,99,107,47,0.598167
0,99,107,48,0.630505
0,99,107,49,0.823304
0,99,107,50,0.395258
0,99,107,51,0.666472
0,99,107,52,0.154914
0,99,107,53,0.596078
0,99,107,54,0.28594
0,99,107,55,0.696794
0,99,107,56,0.68417
0,99,107,57,0.720597
0,99,107,58,1.11559
0,99,107,59,0.63667
0,99,107,60,1.06489
0,99,107,61,0.44937
0,99,107,62,0.927325
0,99,107,63,0.628559
0,99,107,64,0.926178
0,99,107,65,0.949374
0,99,107,66,0.749926
0,99,107,67,1.13457
0,99,107,68,0.546255
0,99,107,69,0.917458
0,99,107,70,0.27737
0,99,107,71,0.594975
0,99,107,72,0.385449
0,99,107,73,0.528144
0,99,107,74,0.623468
0,99,107,75,0.409472
0,99,107,76,0.773133
0,99,107,77,0.36927
0,99,107,78,0.814135
0,99,107,79,0.365764
0,99,107,80,0.75028
0,99,107,81,0.707877
0,99,107,82,0.888138
0,99,107,83,1.08657
0,99,107,84,0.781063
0,99,107,85,1.07995
0,99,107,86,0.577509
0,99,107,87,0.960039
0,99,107,88,0.513449
0,99,107,89,0.838086
0,99,107,90,0.710196
0,99,107,91,0.798215
0,99,107,92,0.906478
0,99,107,93,0.534336
0,99,107,94,0.737186
0,99,107,95,0.259602
0,99,107,96,0.586445
0,99,107,97,0.201534
0,99,107,98,0.543318
0,99,107,99,0.460652
0,99,107,100,0.651828
0,99,107,101,0.93296
0,99,107,102,0.629537
0,99,107,103,0.979001
0,99,107,104,0.478979
0,99,107,105,0.96077
0,99,107,106,0.553966
0,99,107,107,0.91962
0,99,107,108,0.841821
0,99,107,109,0.851777
0,99,107,110,1.15969
0,99,107,111,0.694925
0,99,107,112,1.03719
0,99,108,0,1.08745
0,99,108,1,0.508429
0,99,108,2,0.596725
0,99,108,3,0.593615
0,99,108,4,0.664862
0,99,108,5,0.971837
0,99,108,6,0.40929
0,99,108,7,0.699921
0,99,108,8,0.282331
0,99,108,9,0.817443
0,99,108,10,0.550323
0,99,108,11,0.68219
0,99,108,12,0.771039
0,99,108,13,0.845958
0,99,108,14,1.31673
0,99,108,15,0.828477
0,99,108,16,1.0274
0,99,108,17,0.504568
0,99,108,18,1.00881
0,99,108,19,0.826416
0,99,108,20,0.89422
0,99,108,21,0.854371
0,99,108,22,0.793645
0,99,108,23,1.20567
0,99,108,24,0.725623
0,99,108,25,0.834823
0,99,108,26,0.19597
0,99,108,27,0.602848
0,99,108,28,0.514778
0,99,108,29,0.629204
0,99,108,30,0.623712
0,99,108,31,0.513632
0,99,108,32,1.00603
0,99,108,33,0.681553
0,99,108,34,0.964676
0,99,108,35,0.375411
0,99,108,36,0.814327
0,99,108,37,0.855917
0,99,108,38,1.06447
0,99,108,39,1.06315
0,99,108,40,0.72735
0,99,108,41,1.17308
0,99,108,42,0.792107
0,99,108,43,1.14413
0,99,108,44,0.458652
0,99,108,45,0.739897
0,99,108,46,0.726108
0,99,108,47,0.872868
0,99,108,48,0.917619
0,99,108,49,0.448241
0,99,108,50,0.786913
0,99,108,51,0.36244
0,99,108,52,0.817181
0,99,108,53,0.275697
0,99,108,54,0.511948
0,99,108,55,0.629891
0,99,108,56,0.825484
0,99,108,57,1.18262
0,99,108,58,0.695604
0,99,108,59,1.02924
0,99,108,60,0.605751
0,99,108,61,1.13312
0,99,108,62,0.690559
0,99,108,63,0.799905
0,99,108,64,0.839527
0,99,108,65,0.937963
0,99,108,66,1.32408
0,99,108,67,0.760585
0,99,108,68,0.941794
0,99,108,69,0.389978
0,99,108,70,0.85626
0,99,108,71,0.537593
0,99,108,72,0.554097
0,99,108,73,0.523813
0,99,108,74,0.503592
0,99,108,75,0.964581
0,99,108,76,0.547669
0,99,108,77,0.77943
0,99,108,78,0.312252
0,99,108,79,0.823775
0,99,108,80,0.76949
0,99,108,81,0.901245
0,99,108,82,0.900799
0,99,108,83,0.8141
0,99,108,84,1.28638
0,99,108,85,0.870955
0,99,108,86,1.05979
0,99,108,87,0.42607
0,99,108,88,0.87578
0,99,108,89,0.835501
0,99,108,90,0.971889
0,99,108,91,0.88444
0,99,108,92,0.584609
0,99,108,93,0.97796
0,99,108,94,0.563926
0,99,108,95,0.788021
0,99,108,96,0.132486
0,99,108,97,0.49551
0,99,108,98,0.525422
0,99,108,99,0.762728
0,99,108,100,0.86881
0,99,108,101,0.563499
0,99,108,102,1.03345
0,99,108,103,0.693264
0,99,108,104,1.15142
0,99,108,105,0.532189
0,99,108,106,0.789609
0,99,108,107,0.83955
0,99,108,108,1.02815
0,99,108,109,1.20497
0,99,108,110,0.729825
0,99,108,111,1.0908
0,99,108,112,0.629239
0,99,109,0,0.709665
0,99,109,1,0.788714
0,99,109,2,0.634836
0,99,109,3,0.583778
0,99,109,4,0.900685
0,99,109,5,0.614987
0,99,109,6,0.860609
0,99,109,7,0.380097
0,99,109,8,0.715846
0,99,109,9,0.505036
0,99,109,10,0.739944
0,99,109,11,0.76909
0,99,109,12,0.722127
0,99,109,13,1.14895
0,99,109,14,0.928625
0,99,109,15,1.26523
0,99,109,16,0.712238
0,99,109,17,0.94439
0,99,109,18,0.766242
0,99,109,19,0.92663
0,99,109,20,1.00487
0,99,109,21,0.77637
0,99,109,22,1.16267
0,99,109,23,0.82483
0,99,109,24,1.10933
0,99,109,25,0.519351
0,99,109,26,0.615708
0,99,109,27,0.413526
0,99,109,28,0.586264
0,99,109,29,0.734798
0,99,109,30,0.506622
0,99,109,31,0.914286
0,99,109,32,0.654862
0,99,109,33,1.02586
0,99,109,34,0.658233
0,99,109,35,0.781917
0,99,109,36,0.714793
0,99,109,37,0.896319
0,99,109,38,1.17225
0,99,109,39,0.88751
0,99,109,40,1.16227
0,99,109,41,0.832708
0,99,109,42,1.17447
0,99,109,43,0.792921
0,99,109,44,0.829385
0,99,109,45,0.685326
0,99,109,46,0.746665
0,99,109,47,0.994782
0,99,109,48,0.690479
0,99,109,49,0.904578
0,99,109,50,0.457009
0,99,109,51,0.768155
0,99,109,52,0.447259
0,99,109,53,0.584831
0,99,109,54,0.507184
0,99,109,55,0.640134
0,99,109,56,1.02798
0,99,109,57,0.863835
0,99,109,58,1.16516
0,99,109,59,0.707337
0,99,109,60,1.04196
0,99,109,61,0.786744
0,99,109,62,0.932815
0,99,109,63,0.860276
0,99,109,64,0.809777
0,99,109,65,1.20606
0,99,109,66,0.937476
0,99,109,67,1.20182
0,99,109,68,0.621527
0,99,109,69,0.842701
0,99,109,70,0.561657
0,99,109,71,0.689587
0,99,109,72,0.651062
0,99,109,73,0.463949
0,99,109,74,0.836839
0,99,109,75,0.580195
0,99,109,76,0.953425
0,99,109,77,0.474349
0,99,109,78,0.739047
0,99,109,79,0.61845
0,99,109,80,0.845976
0,99,109,81,1.02541
0,99,109,82,0.81017
0,99,109,83,1.20724
0,99,109,84,0.919958
0,99,109,85,1.23619
0,99,109,86,0.741381
0,99,109,87,0.842752
0,99,109,88,0.739372
0,99,109,89,0.884207
0,99,109,90,1.07859
0,99,109,91,0.742239
0,99,109,92,1.00228
0,99,109,93,0.625421
0,99,109,94,0.926302
0,99,109,95,0.468351
0,99,109,96,0.522083
0,99,109,97,0.407306
0,99,109,98,0.574389
0,99,109,99,0.857373
0,99,109,100,0.680605
0,99,109,101,1.00963
0,99,109,102,0.698978
0,99,109,103,1.07874
0,99,109,104,0.782556
0,99,109,105,0.87764
0,99,109,106,0.766225
0,99,109,107,0.851582
0,99,109,108,1.20674
0,99,109,109,0.941097
0,99,109,110,1.19169
0,99,109,111,0.749551
0,99,109,112,1.04564
0,99,110,0,0.743634
0,99,110,1,0.765026
0,99,110,2,0.681799
0,99,110,3,1.00302
0,99,110,4,0.521294
0,99,110,5,0.843252
0,99,110,6,0.546682
0,99,110,7,0.868408
0,99,110,8,0.558974
0,99,110,9,0.571438
0,99,110,10,0.657033
0,99,110,11,0.729908
0,99,110,12,1.20475
0,99,110,13,0.833456
0,99,110,14,1.12118
0,99,110,15,0.875444
0,99,110,16,1.12783
0,99,110,17,0.907651
0,99,110,18,0.800857
0,99,110,19,0.834436
0,99,110,20,0.80487
0,99,110,21,1.264
0,99,110,22,0.899518
0,99,110,23,1.08352
0,99,110,24,0.644196
0,99,110,25,0.882728
0,99,110,26,0.633202
0,99,110,27,0.566437
0,99,110,28,0.553021
0,99,110,29,0.447799
0,99,110,30,0.97699
0,99,110,31,0.707508
0,99,110,32,0.994264
0,99,110,33,0.556973
0,99,110,34,0.893597
0,99,110,35,0.850727
0,99,110,36,0.856094
0,99,110,37,1.02237
0,99,110,38,0.742088
0,99,110,39,1.279
0,99,110,40,0.952164
0,99,110,41,1.21287
0,99,110,42,0.746976
0,99,110,43,0.891918
0,99,110,44,0.886595
0,99,110,45,0.811638
0,99,110,46,0.996076
0,99,110,47,0.552344
0,99,110,48,1.00923
0,99,110,49,0.68107
0,99,110,50,0.940969
0,99,110,51,0.440975
0,99,110,52,0.535571
0,99,110,53,0.562324
0,99,110,54,0.609687
0,99,110,55,0.996608
0,99,110,56,0.621181
0,99,110,57,1.09569
0,99,110,58,0.906577
0,99,110,59,1.177
0,99,110,60,0.860397
0,99,110,61,0.783587
0,99,110,62,0.871621
0,99,110,63,0.835078
0,99,110,64,1.26686
0,99,110,65,0.830174
0,99,110,66,1.10805
0,99,110,67,0.864584
0,99,110,68,1.07823
0,99,110,69,0.772183
0,99,110,70,0.637454
0,99,110,71,0.586049
0,99,110,72,0.549327
0,99,110,73,0.931428
0,99,110,74,0.55602
0,99,110,75,0.833029
0,99,110,76,0.503047
0,99,110,77,0.887968
0,99,110,78,0.743307
0,99,110,79,0.720302
0,99,110,80,0.795779
0,99,110,81,0.771977
0,99,110,82,1.2905
0,99,110,83,0.978032
0,99,110,84,1.1939
0,99,110,85,0.758802
0,99,110,86,1.00291
0,99,110,87,0.880541
0,99,110,88,0.836688
0,99,110,89,0.927645
0,99,110,90,0.701329
0,99,110,91,1.19347
0,99,110,92,0.803012
0,99,110,93,1.01134
0,99,110,94,0.449553
0,99,110,95,0.676134
0,99,110,96,0.5516
0,99,110,97,0.579116
0,99,110,98,0.720042
0,99,110,99,0.458438
0,99,110,100,1.03979
0,99,110,101,0.809662
0,99,110,102,1.15607
0,99,110,103,0.731179
0,99,110,104,0.849597
0,99,110,105,0.912239
0,99,110,106,0.863711
0,99,110,107,1.15854
0,99,110,108,0.730711
0,99,110,109,1.19133
0,99,110,110,0.956954
0,99,110,111,1.21995
0,99,110,112,0.806655
0,99,111,0,0.749338
0,99,111,1,0.652268
0,99,111,2,1.04874
0,99,111,3,0.612491
0,99,111,4,0.939299
0,99,111,5,0.469641
0,99,111,6,0.902951
0,99,111,7,0.705232
0,99,111,8,0.697723
0,99,111,9,0.599271
0,99,111,10,0.530566
0,99,111,11,1.10209
0,99,111,12,0.787218
0,99,111,13,1.22345
0,99,111,14,0.763213
0,99,111,15,1.09515
0,99,111,16,0.987574
0,99,111,17,0.883312
0,99,111,18,0.878244
0,99,111,19,0.544704
0,99,111,20,1.16872
0,99,111,21,0.817663
0,99,111,22,1.28555
0,99,111,23,0.749937
0,99,111,24,0.898653
0,99,111,25,0.802713
0,99,111,26,0.691643
0,99,111,27,0.694329
0,99,111,28,0.35535
0,99,111,29,0.843716
0,99,111,30,0.592956
0,99,111,31,1.10518
0,99,111,32,0.689993
0,99,111,33,0.805093
0,99,111,34,0.849339
0,99,111,35,0.820138
0,99,111,36,1.08728
0,99,111,37,0.648651
0,99,111,38,1.11314
0,99,111,39,0.824914
0,99,111,40,1.2633
0,99,111,41,0.902876
0,99,111,42,0.856779
0,99,111,43,0.841614
0,99,111,44,0.77744
0,99,111,45,1.09711
0,99,111,46,0.619077
0,99,111,47,0.970295
0,99,111,48,0.632423
0,99,111,49,1.06069
0,99,111,50,0.709795
0,99,111,51,0.645668
0,99,111,52,0.484218
0,99,111,53,0.525984
0,99,111,54,0.931042
0,99,111,55,0.632839
0,99,111,56,1.03618
0,99,111,57,0.71713
0,99,111,58,1.20747
0,99,111,59,1.01673
0,99,111,60,0.907221
0,99,111,61,0.803912
0,99,111,62,0.656871
0,99,111,63,1.15747
0,99,111,64,0.774288
0,99,111,65,1.17483
0,99,111,66,0.72016
0,99,111,67,1.11345
0,99,111,68,0.95955
0,99,111,69,0.839613
0,99,111,70,0.70212
0,99,111,71,0.450056
0,99,111,72,0.931904
0,99,111,73,0.568821
0,99,111,74,0.979435
0,99,111,75,0.481685
0,99,111,76,0.828444
0,99,111,77,0.784659
0,99,111,78,0.791484
0,99,111,79,0.857577
0,99,111,80,0.561231
0,99,111,81,1.17458
0,99,111,82,0.869808
0,99,111,83,1.32048
0,99,111,84,0.84027
0,99,111,85,0.903975
0,99,111,86,0.902985
0,99,111,87,0.821192
0,99,111,88,1.01407
0,99,111,89,0.589384
0,99,111,90,1.09498
0,99,111,91,0.775682
0,99,111,92,1.19179
0,99,111,93,0.722405
0,99,111,94,0.710923
0,99,111,95,0.608356
0,99,111,96,0.57014
0,99,111,97,0.802062
0,99,111,98,0.437198
0,99,111,99,0.853904
0,99,111,100,0.672399
0,99,111,101,1.17674
0,99,111,102,0.923224
0,99,111,103,0.869555
0,99,111,104,0.829397
0,99,111,105,0.783833
0,99,111,106,1.14568
0,99,111,107,0.694863
0,99,111,108,1.09228
0,99,111,109,0.749344
0,99,111,110,1.22039
0,99,111,111,0.997125
0,99,111,112,0.882103
0,99,112,0,0.652858
0,99,112,1,0.932166
0,99,112,2,0.447909
0,99,112,3,0.96271
0,99,112,4,0.575625
0,99,112,5,0.903288
0,99,112,6,0.674536
0,99,112,7,0.628213
0,99,112,8,0.728246
0,99,112,9,0.521376
0,99,112,10,0.898463
0,99,112,11,0.53891
0,99,112,12,1.07414
0,99,112,13,0.765736
0,99,112,14,1.06337
0,99,112,15,0.946285
0,99,112,16,0.766262
0,99,112,17,0.832255
0,99,112,18,0.561071
0,99,112,19,0.926974
0,99,112,20,0.583437
0,99,112,21,1.05394
0,99,112,22,0.769073
0,99,112,23,1.02093
0,99,112,24,0.886478
0,99,112,25,0.690369
0,99,112,26,0.716407
0,99,112,27,0.425965
0,99,112,28,0.805749
0,99,112,29,0.453875
0,99,112,30,0.889163
0,99,112,31,0.65117
0,99,112,32,0.922927
0,99,112,33,0.833755
0,99,112,34,0.748854
0,99,112,35,0.885123
0,99,112,36,0.585155
0,99,112,37,1.07977
0,99,112,38,0.653799
0,99,112,39,1.07832
0,99,112,40,0.722758
0,99,112,41,0.919818
0,99,112,42,0.865667
0,99,112,43,0.707476
0,99,112,44,0.900649
0,99,112,45,0.525356
0,99,112,46,1.05015
0,99,112,47,0.602407
0,99,112,48,1.00542
0,99,112,49,0.673286
0,99,112,50,0.735653
0,99,112,51,0.700257
0,99,112,52,0.514234
0,99,112,53,0.749012
0,99,112,54,0.373285
0,99,112,55,0.991827
0,99,112,56,0.657499
0,99,112,57,1.09854
0,99,112,58,0.91058
0,99,112,59,0.865371
0,99,112,60,0.929416
0,99,112,61,0.614637
0,99,112,62,0.926803
0,99,112,63,0.490814
0,99,112,64,1.043
0,99,112,65,0.708492
0,99,112,66,1.02333
0,99,112,67,0.927934
0,99,112,68,0.791066
0,99,112,69,0.866718
0,99,112,70,0.560899
0,99,112,71,0.852333
0,99,112,72,0.43032
0,99,112,73,0.849009
0,99,112,74,0.554319
0,99,112,75,0.85784
0,99,112,76,0.746184
0,99,112,77,0.666669
0,99,112,78,0.819863
0,99,112,79,0.578951
0,99,112,80,1.0002
0,99,112,81,0.651669
0,99,112,82,1.09064
0,99,112,83,0.787041
0,99,112,84,1.0109
0,99,112,85,0.868969
0,99,112,86,0.703545
0,99,112,87,0.796338
0,99,112,88,0.544203
0,99,112,89,1.01516
0,99,112,90,0.650079
0,99,112,91,1.07659
0,99,112,92,0.719069
0,99,112,93,0.900586
0,99,112,94,0.751315
0,99,112,95,0.592243
0,99,112,96,0.665684
0,99,112,97,0.358623
0,99,112,98,0.879223
0,99,112,99,0.528881
0,99,112,100,1.0096
0,99,112,101,0.761177
0,99,112,102,0.936181
0,99,112,103,0.941064
0,99,112,104,0.73597
0,99,112,105,0.953309
0,99,112,106,0.510411
0,99,112,107,1.03784
0,99,112,108,0.631664
0,99,112,109,1.04649
0,99,112,110,0.808734
0,99,112,111,0.882482
0,99,112,112,0.923092
