seed,neuron,frequency,single_fve,sum_fve,phase,amplitude
0,0,5,0.9742073489,0.1750921591,-0.2583592406,85.84829493
0,0,17,7.445802009e-05,2.387163867e-08,-1.408302756,0.03169855323
0,0,24,0.0007110796608,0.0002172820404,0.01591404646,3.024198127
0,0,34,1.781465261e-05,7.916280038e-07,-2.575474018,0.1825403585
0,0,50,0.0002719639975,0.0001423311396,0.8600407957,2.447644205
0,1,5,0.0002688086013,5.070067942e-05,0.8674502266,1.347668003
0,1,17,8.012865826e-05,7.663074303e-08,1.626174589,0.05239351624
0,1,24,0.005669795482,0.0004005003002,-3.009011669,3.787716367
0,1,34,6.627121742e-06,4.365392549e-08,-1.137172995,0.0395446448
0,1,50,0.9755287343,0.1082785023,0.1304699759,62.27979115
0,2,5,0.0004420668424,7.739388445e-05,-2.493711098,1.339907337
0,2,17,0.001580946897,0.0001016908096,-1.34397093,1.535897718
0,2,24,0.9641180132,0.1656414965,2.601914305,61.98777035
0,2,34,6.80142588e-05,2.813812435e-06,0.2012949006,0.2554871225
0,2,50,0.0001476027067,6.846204531e-05,0.3041055899,1.260220028
0,3,5,0.000249921391,5.6100819e-05,-1.367101764,0.6119105782
0,3,17,0.9714459841,0.08226854073,2.82401766,23.43258803
0,3,24,0.001027460489,2.772366096e-05,1.44435466,0.4301586394
0,3,34,0.004086036524,0.001648771596,2.490935966,3.317291293
0,3,50,0.000591827104,0.0002578001045,-2.358697868,1.31173137
0,4,5,0.01476490574,0.01163186186,2.035799894,5.323649964
0,4,17,0.001878823499,2.691312462e-07,2.677382819,0.02560748551
0,4,24,0.9350607655,0.3472662016,0.2205255113,29.08815213
0,4,34,5.295324454e-05,4.082162821e-08,1.454884165,0.009973096836
0,4,50,0.007460314248,0.003270560611,2.462041996,2.822903132
0,5,5,0.04940005873,0.03336607651,-1.46895995,7.765774089
0,5,17,0.00217439482,4.008129365e-07,2.654367882,0.02691553688
0,5,24,0.7485207961,0.2952730785,0.1401949122,23.10170894
0,5,34,0.0001364359694,6.207107283e-08,1.555791255,0.0105919716
0,5,50,0.103756318,0.1002240645,2.459640896,13.45916718
0,6,5,0.0002497692823,7.131888567e-05,-1.82055258,0.7597737769
0,6,17,0.0008782006184,2.839354402e-05,-3.013388327,0.4793931537
0,6,24,0.9808170019,0.1280162856,-1.579174322,32.18953008
0,6,34,0.0001257369692,1.696609282e-06,1.996418187,0.1171852484
0,6,50,6.633026727e-05,4.348158748e-05,-0.6693202402,0.5932458672
0,7,5,0.9784313603,0.1770907343,2.173545854,70.6222791
0,7,17,0.0002118990228,2.222888527e-08,-1.476130721,0.02502088412
0,7,24,0.0004595953223,8.961331251e-05,0.2442010115,1.58865676
0,7,34,3.384533104e-06,1.949775014e-07,-0.3367623941,0.07410304597
0,7,50,0.0002379766296,6.070429431e-05,0.6618002135,1.307535584
0,8,5,0.0003869069568,3.567938409e-05,-2.951832759,1.236070164
0,8,17,4.150427056e-05,8.410740574e-08,1.867822106,0.06001386098
0,8,24,0.002950682496,0.001044844844,0.1628821723,6.688986989
0,8,34,6.834077641e-06,1.766588606e-08,2.94987699,0.02750439914
0,8,50,0.9700626783,0.1784425684,-1.281288893,87.41454109
0,9,5,0.0001582710653,4.759674269e-06,-2.545680568,0.2814222097
0,9,17,0.9735023397,0.08433923421,-0.2394953941,37.46144964
0,9,24,0.0002090124628,3.542722595e-05,0.5350491388,0.7677827069
0,9,34,0.005049678354,0.002045131904,2.664627221,5.833516281
0,9,50,6.334383048e-05,1.175710292e-05,-2.163806394,0.4423030279
0,10,5,0.9696613057,0.1339653935,-0.9575026098,52.32007137
0,10,17,0.000125772118,1.135003775e-07,1.797583041,0.04815824688
0,10,24,0.0003143728386,6.001036098e-05,0.1934020501,1.107350575
0,10,34,7.765144142e-07,8.244514087e-08,0.5517978423,0.04104446016
0,10,50,0.001389919903,0.0003231446943,-1.592404721,2.569629625
0,11,5,0.0003976930986,2.505941697e-05,-3.097399411,0.9806789809
0,11,17,1.699169998e-05,5.419481466e-09,0.8220911987,0.01442182607
0,11,24,0.002784289494,0.0007803481215,0.3864253892,5.472497608
0,11,34,1.163366282e-05,1.474408634e-09,-2.99319277,0.007522294264
0,11,50,0.972316972,0.1720021907,-1.13157709,81.24719477
0,12,5,0.04696554169,0.02756202563,1.640399434,9.057844311
0,12,17,0.0008959419047,2.776673676e-07,2.818784958,0.02874959341
0,12,24,0.8779559438,0.3271839047,0.14176767,31.20795069
0,12,34,3.408516226e-05,5.420109994e-08,1.190522093,0.01270203589
0,12,50,0.02389581499,0.0102914042,0.6855453076,5.534859531
0,13,5,0.0005642903588,0.0001895062553,-2.385822288,1.719406871
0,13,17,5.245410853e-05,3.423941969e-08,1.049550172,0.02311160363
0,13,24,0.002397912798,0.0009179066402,0.07564437775,3.784130793
0,13,34,5.517893491e-06,5.222427002e-07,2.563018357,0.09026160924
0,13,50,0.9560162334,0.2151387967,-2.53873481,57.93303095
0,14,5,0.01082530005,0.00484858716,2.420764288,2.073782547
0,14,17,0.0008760540706,3.029795973e-07,2.80476011,0.01639314588
0,14,24,0.4296382102,0.1767736922,0.1387564866,12.52173268
0,14,34,4.494132315e-05,3.279117024e-08,1.346074998,0.005393045315
0,14,50,0.3790599595,0.3303494937,1.916219422,17.11758268
0,15,5,0.01235371622,0.004412852801,-2.790107815,2.444202277
0,15,17,0.0002152631115,1.361743523e-07,2.725914378,0.01357766481
0,15,24,0.01456750766,0.003816894483,-0.135842457,2.273173063
0,15,34,5.035876619e-05,5.330724553e-09,1.262521343,0.002686399173
0,15,50,0.7161453371,0.5264874655,1.660331584,26.69755206
0,16,5,0.0001800489391,5.238124206e-05,-2.270224646,1.426418387
0,16,17,3.825041496e-05,1.670547955e-08,1.164606937,0.0254734933
0,16,24,0.001754363089,0.0001150467605,0.6312156017,2.113957392
0,16,34,3.535078048e-06,1.256132893e-07,0.2992469487,0.06985167529
0,16,50,0.9654348867,0.1683857416,-2.187566217,80.87451503
0,17,5,0.9694422761,0.1174102919,-1.451504826,46.26862927
0,17,17,1.597223156e-05,1.080724039e-07,2.210420919,0.04439059391
0,17,24,0.0003654000473,1.39608089e-05,3.067019279,0.5045321443
0,17,34,9.77054763e-06,3.049397908e-08,-0.4885500123,0.02357982614
0,17,50,0.000760638831,0.0001984882319,-0.8842448693,1.902396031
0,18,5,0.9647454895,0.1666920799,2.01756554,49.67772395
0,18,17,0.0002585014349,3.732031279e-09,0.8429915587,0.007433217566
0,18,24,0.0009191131961,0.0002322606968,0.04177171798,1.85435154
0,18,34,1.446070223e-05,7.660261581e-08,-1.870528806,0.03367642697
0,18,50,0.0007270422699,0.0004158713198,0.221104439,2.481325235
0,19,5,0.05259674344,0.02798625498,-1.956563627,7.273157919
0,19,17,0.001342794069,2.17325108e-07,0.6540596103,0.02026775174
0,19,24,0.2352121916,0.08691710795,-2.973776471,12.81749798
0,19,34,3.159720868e-06,3.781092985e-07,0.6345942061,0.02673371432
0,19,50,0.549387866,0.2845023792,1.102379575,23.18961697
0,20,5,0.0001780941125,6.989024358e-05,-2.542621832,1.688580689
0,20,17,2.882524636e-05,1.504617613e-08,-2.066340512,0.0247757387
0,20,24,0.002139911561,0.0006106877846,0.1049825223,4.991409001
0,20,34,2.567599013e-06,1.08711882e-07,-0.2935219186,0.06659659862
0,20,50,0.9660206528,0.1909682646,-1.403218277,88.2661415
0,21,5,0.0002295323217,0.0001084171772,-2.349479382,2.193223489
0,21,17,7.904782064e-06,8.934666381e-08,1.434464096,0.06296120203
0,21,24,0.002828276655,0.0001576132976,-0.02400246327,2.644418996
0,21,34,4.232162236e-06,1.030359071e-07,0.1144160272,0.06761267833
0,21,50,0.9641076996,0.1898877818,-3.052982634,91.78724848
0,22,5,0.3013299393,0.145170994,-2.18856506,10.39256414
0,22,17,0.0003411171184,1.302946941e-07,1.801327744,0.009845689909
0,22,24,0.352320993,0.133700733,-2.819365225,9.973548004
0,22,34,0.0001328578526,1.854129622e-06,1.943638281,0.03714093515
0,22,50,0.1979805731,0.1032494014,0.2658897303,8.764488172
0,23,5,5.332872372e-05,1.413826803e-05,1.341224556,0.3530543314
0,23,17,0.003763474232,0.0002276481826,2.443884127,1.416692297
0,23,24,0.9510334636,0.1676630209,-1.785278507,38.44696676
0,23,34,7.152248354e-05,1.115167974e-05,1.600721999,0.3135548936
0,23,50,0.0001470945785,5.669907874e-07,0.4252777622,0.07070195779
0,24,5,0.000435373001,1.281815532e-05,-2.5911114,0.4184105366
0,24,17,0.9719005218,0.08449031149,0.001666236626,33.96982452
0,24,24,0.0008841595741,1.693453896e-05,2.885111239,0.4809240951
0,24,34,0.005421557559,0.002066531295,3.134812124,5.312645544
0,24,50,0.0001200894868,1.339524114e-05,-2.911037826,0.4277254735
0,25,5,0.1378202766,0.06552952823,-2.259742131,5.086624793
0,25,17,0.005711427012,6.615209634e-07,0.1001221454,0.0161615492
0,25,24,0.4275466363,0.1785970684,-3.102987674,8.397467775
0,25,34,9.027315063e-05,2.061844326e-06,1.5769341,0.02853245356
0,25,50,0.3013384845,0.1459850245,0.5392010029,7.59215973
0,26,5,0.001285828071,0.0002272597664,-1.619838272,1.926137168
0,26,17,0.00283656843,5.298386746e-05,-2.058223617,0.9300317212
0,26,24,0.9461810674,0.2100132205,-3.028987486,58.55301346
0,26,34,9.863404977e-06,4.994117243e-08,0.4218460779,0.02855323375
0,26,50,0.000215293821,3.186270856e-05,2.359303762,0.7212191992
0,27,5,0.000184049382,1.689768308e-05,-3.077281763,0.4835736687
0,27,17,0.9735035632,0.08555193076,-1.36654115,34.4083599
0,27,24,6.454141542e-05,2.057552698e-05,0.8299861535,0.5336107229
0,27,34,0.005403522608,0.002008170945,0.4343296711,5.271684421
0,27,50,6.861853528e-05,4.25552671e-05,1.961326683,0.7674069445
0,28,5,0.2988978253,0.2345828286,2.925390198,11.67416487
0,28,17,0.0005574160472,7.706092881e-08,2.417718434,0.006691058587
0,28,24,0.09779076426,0.02460395378,-3.033977157,3.780769182
0,28,34,2.166838388e-05,2.612963716e-09,-0.7679766026,0.001232095588
0,28,50,0.3717807013,0.2181760382,0.1167260683,11.25851831
0,29,5,7.2573554e-05,3.030483135e-05,-2.598132919,1.087074974
0,29,17,1.683734702e-06,1.043154201e-08,1.458836694,0.0201686959
0,29,24,0.00278866905,0.0002376985057,0.3845202476,3.044505674
0,29,34,1.469658451e-05,8.79511837e-08,-0.2757685569,0.05856314702
0,29,50,0.9692859773,0.1805102379,2.763594761,83.89855506
0,30,5,0.969644962,0.1827295235,1.718727513,76.50062807
0,30,17,0.0001901250028,2.325663587e-08,-1.795647844,0.0272919198
0,30,24,0.0009839301212,0.0002826383466,0.179372492,3.008681266
0,30,34,8.764435903e-06,4.26919224e-07,-0.6039830362,0.1169320317
0,30,50,0.0007793529592,0.0003629971248,-0.02059557835,3.409669089
0,31,5,0.000372172522,0.0001187351012,-2.183087404,2.045381385
0,31,17,2.55295057e-05,6.260402812e-08,-0.2407586949,0.04696624883
0,31,24,0.002510167604,0.0004991512345,0.03054645845,4.193733323
0,31,34,3.178360935e-06,3.260582171e-07,2.560025745,0.10718458
0,31,50,0.95933091,0.2028280185,-2.608851983,84.53736554
0,32,5,0.9729896901,0.1731120377,1.807620428,83.10933526
0,32,17,4.043176767e-05,2.619099958e-08,-0.5910917161,0.03232676241
0,32,24,0.0006934692189,0.0001604284967,0.1892120065,2.530037344
0,32,34,5.877117576e-06,5.358649235e-07,-0.1857773048,0.146222377
0,32,50,0.0003612069433,0.0001468528485,0.4866388216,2.420624151
0,33,5,0.0001559710371,6.980933295e-05,-2.713629569,0.9256461058
0,33,17,0.9737464192,0.08523000721,-1.507200988,32.3433125
0,33,24,0.0002450055366,1.537909303e-05,1.754874256,0.4344637999
0,33,34,0.005311130356,0.001897519722,0.1837371975,4.82593406
0,33,50,0.0001605390779,7.181909501e-05,-1.03685498,0.9388759155
0,34,5,0.00611693027,0.003472716331,-1.796677828,1.684509374
0,34,17,0.00166269577,4.204341633e-07,2.579248791,0.01853479456
0,34,24,0.820734131,0.3246243605,0.1776111802,16.28655878
0,34,34,0.0002193806328,4.555651012e-08,1.544476171,0.006101182293
0,34,50,0.09350646641,0.08188948461,-0.4653942452,8.179991387
0,35,5,0.0002380150471,7.137884693e-05,-1.758738872,0.9829215566
0,35,17,0.0008661537337,2.974374145e-05,-2.933281875,0.6345003915
0,35,24,0.9807622319,0.128717881,-1.596771074,41.74010493
0,35,34,0.0001241680177,1.669192232e-06,2.116415881,0.1503097918
0,35,50,5.728048422e-05,2.970321482e-05,-0.6381171176,0.6340679825
0,36,5,0.9637486709,0.1669762518,1.985576968,57.26125617
0,36,17,0.0004338543194,2.715178498e-08,-0.05492788683,0.02309046665
0,36,24,0.001003399166,0.0002525421054,0.02528856176,2.226898463
0,36,34,2.104424544e-05,1.108758752e-07,-1.782713957,0.04666078572
0,36,50,0.0008215624006,0.000507625863,0.04530439132,3.157223942
0,37,5,0.01543245465,0.004205589831,0.2440618152,2.668551218
0,37,17,0.000354162249,1.496745874e-07,2.699509324,0.0159197455
0,37,24,0.03266487263,0.01651294873,0.08216317935,5.28779247
0,37,34,7.595488606e-05,3.927728992e-09,1.724917162,0.002578890148
0,37,50,0.7180075224,0.4787854027,1.518524179,28.47295464
0,38,5,0.0001225853944,2.523297682e-06,1.06968925,0.3325516498
0,38,17,2.25537285e-05,3.758488862e-08,0.2581154738,0.04058649017
0,38,24,0.002206793613,4.818044776e-05,-2.278226663,1.453149438
0,38,34,1.006690703e-05,2.359314084e-09,0.1876888524,0.01016875403
0,38,50,0.9802031444,0.1400567508,-0.5019660761,78.34781439
0,39,5,3.835881589e-05,9.655869769e-06,-2.730111901,0.6091384423
0,39,17,0.0001036934472,3.912668812e-10,2.001011279,0.003877545055
0,39,24,0.002296743627,0.0001265762444,0.6660350279,2.205445913
0,39,34,5.290843873e-06,1.334619448e-09,-0.5596205584,0.007161418159
0,39,50,0.9704583801,0.1745749077,-1.101368227,81.90515171
0,40,5,0.6201618023,0.2851199808,-2.333679405,13.04965108
0,40,17,0.0002403327923,1.595746215e-07,2.693496834,0.009762633474
0,40,24,0.02125278096,0.0002365297422,-0.6688365196,0.375861595
0,40,34,1.839557231e-05,3.444866931e-08,1.310721288,0.004535981749
0,40,50,0.1506721831,0.1244217975,2.751788058,8.620516922
0,41,5,0.0005008604958,4.195477974e-05,-2.132179428,0.6690308591
0,41,17,0.9725239534,0.0851212286,-1.028950573,30.13522019
0,41,24,0.0001495990945,2.96755062e-05,1.630177628,0.5626709521
0,41,34,0.005289264378,0.002029749388,1.112004222,4.653466984
0,41,50,0.0002237072551,1.389842861e-05,-2.396511924,0.3850687522
0,42,5,0.05188627749,0.02105297233,0.3520438905,5.250037953
0,42,17,0.000453663723,2.274474653e-07,2.54450763,0.01725624443
0,42,24,0.1986614152,0.08683329516,0.1485667445,10.66225031
0,42,34,0.0001191333677,1.252135903e-08,1.692461378,0.004048847947
0,42,50,0.5720012437,0.3210281951,1.21983912,20.50110744
0,43,5,0.0001043695839,3.871735645e-05,2.993227564,0.5430769106
0,43,17,0.973437679,0.08206706456,2.376391482,25.00304716
0,43,24,0.0002052023169,9.906865182e-05,-1.287345336,0.8687135924
0,43,34,0.003919517563,0.001605811567,1.663302106,3.497484361
0,43,50,0.0005086916814,0.0002831942503,-2.980178653,1.468759559
0,44,5,9.577622413e-05,1.661486494e-05,1.386784116,0.4644961992
0,44,17,0.973714576,0.08571403449,-2.227994088,33.36258749
0,44,24,0.0003777349124,1.245439748e-05,-0.1063364557,0.4021565236
0,44,34,0.006374468259,0.002079517285,-1.315991289,5.19654897
0,44,50,0.0001439604485,5.050568423e-05,-2.98573833,0.8098486947
0,45,5,0.0001824260756,2.702331273e-05,-2.283465646,0.6471111613
0,45,17,0.9724430274,0.08385372749,-0.7030900406,36.04713752
0,45,24,0.0002937133856,5.909367205e-05,1.241150853,0.9569298144
0,45,34,0.00479932745,0.001950565131,1.755770934,5.497811245
0,45,50,0.0004917298299,0.0001177999634,-2.234335041,1.351083452
0,46,5,0.0001675632443,2.647779908e-05,2.698570693,0.5482780327
0,46,17,0.9728346111,0.08466291895,1.266958981,31.00320011
0,46,24,0.0002338603373,7.509868714e-05,-1.365383809,0.9233706734
0,46,34,0.003737367092,0.001646636056,-0.6084505532,4.323731483
0,46,50,0.0006042472188,2.246381794e-05,1.307209098,0.5050119909
0,47,5,0.9654625274,0.1652557962,-0.1490804394,64.5234538
0,47,17,0.0004563703625,4.045614982e-08,1.452279375,0.03192504589
0,47,24,0.0002790133474,0.0001337025752,0.4485128508,1.835308778
0,47,34,1.473333417e-06,3.590182542e-07,-0.6715762389,0.09510372356
0,47,50,0.000654697944,0.0002812632408,0.8149045394,2.661924564
0,48,5,0.0004547784426,0.000112783023,-2.602358922,1.72146155
0,48,17,0.0001497222208,6.079601282e-08,-0.1902066055,0.03996805465
0,48,24,0.003156968208,0.001407361671,0.07730994276,6.081046453
0,48,34,7.591078903e-06,1.225449312e-07,2.670874395,0.05674441692
0,48,50,0.9655030165,0.192744151,-1.422793587,71.16493638
0,49,5,0.04747863477,0.04121655511,-0.6882226802,4.044897896
0,49,17,0.001475496482,5.976103424e-08,1.72102455,0.004870581003
0,49,24,0.03405154985,0.004938685194,3.111496401,1.400159109
0,49,34,0.0001277508739,5.881789091e-09,-1.738178095,0.001528010863
0,49,50,0.70705199,0.3910047068,0.2679253912,12.45841263
0,50,5,0.0001137879751,3.4039452e-05,2.249399751,0.7362175744
0,50,17,0.973020373,0.08155245794,1.97025103,36.0357386
0,50,24,0.0003364415344,0.0002362468797,-0.8267972625,1.939536429
0,50,34,0.003137686954,0.001460208014,0.8458106602,4.821945132
0,50,50,0.0001320875093,6.377752075e-05,-2.749820013,1.00774051
0,51,5,0.5710662071,0.26190397,-2.371357337,12.87022436
0,51,17,0.001494245646,9.950312616e-08,2.305016019,0.007932926666
0,51,24,0.06264004415,0.008095232109,-3.017917897,2.262714342
0,51,34,0.0001963275452,1.259629945e-07,2.35717982,0.00892558243
0,51,50,0.1542749695,0.1470474016,-0.9549880427,9.643701387
0,52,5,0.9613099646,0.1754534078,0.374457541,62.89051338
0,52,17,0.0002296158884,1.336372144e-08,1.517499208,0.01735673142
0,52,24,0.001002029641,0.0001165541201,0.2802951365,1.620944149
0,52,34,1.532537614e-05,7.371751155e-08,-0.7803723654,0.04076519923
0,52,50,0.0005525737277,0.0002256458607,0.6144007265,2.255370634
0,53,5,0.4806767133,0.2552240392,-2.821450562,15.85984211
0,53,17,0.0004834410201,3.750742879e-07,2.717181713,0.01922634439
0,53,24,0.2463259879,0.1152345666,0.1715163098,10.65686482
0,53,34,3.052145008e-05,9.00683994e-08,1.303293539,0.009421591997
0,53,50,0.08648001264,0.07651969258,2.671865296,8.684097262
0,54,5,0.5379941639,0.2556760641,-2.026982531,13.56403071
0,54,17,0.001209853738,2.139933797e-07,2.313448731,0.01240920324
0,54,24,0.02190789137,0.002092171745,0.04927794865,1.226993875
0,54,34,0.0003861026194,1.942167303e-08,1.651133623,0.003738411015
0,54,50,0.2067089921,0.1993395677,-0.9552086771,11.97679137
0,55,5,0.6235489273,0.3699477043,-3.005715209,18.58061549
0,55,17,1.541368412e-06,2.820263791e-07,2.796925455,0.01622313543
0,55,24,0.08784896612,0.04404845155,0.06976873327,6.411435106
0,55,34,9.185603063e-06,9.266072124e-08,1.172974049,0.009299032508
0,55,50,0.05888817247,0.05678070968,2.476696235,7.27931203
0,56,5,0.9680142731,0.1049462299,-2.77631775,45.32473879
0,56,17,8.777150214e-05,6.499008912e-08,1.967625808,0.03566772877
0,56,24,0.0003155946412,8.988287821e-05,-2.880022578,1.326448444
0,56,34,1.19180418e-05,2.3713472e-07,-1.460088958,0.06813173711
0,56,50,0.001393499876,0.0001782874133,1.201173409,1.868152095
0,57,5,0.004864079164,0.00280862451,1.62303046,4.713977822
0,57,17,0.002572190831,2.321324281e-07,2.7677347,0.04285570079
0,57,24,0.941441118,0.3458357226,0.1798106167,52.3089039
0,57,34,5.807808424e-05,2.559367211e-08,1.693573825,0.01423006864
0,57,50,0.01405110619,0.008433851665,-1.61556603,8.168713669
0,58,5,0.2050063326,0.1377772581,-1.491805784,11.61235129
0,58,17,0.0005198713656,7.601550161e-08,2.019340316,0.008625464247
0,58,24,0.1805538458,0.03618449254,-2.984201997,5.951036853
0,58,34,9.707678251e-05,1.318020382e-08,-1.554672816,0.003591637188
0,58,50,0.4265742724,0.2202043549,1.063832421,14.68061834
0,59,5,0.0005407034466,0.000214903709,-0.06251086902,1.416658589
0,59,17,0.9709126736,0.07679244413,-0.839004272,26.77950151
0,59,24,0.0004167223816,4.362788838e-05,-0.1818546512,0.6383007285
0,59,34,0.002821147931,0.001335802889,1.510644435,3.531949071
0,59,50,0.0006305393011,6.46099114e-05,-1.653532293,0.7767706653
0,60,5,0.0002604279055,0.000137289996,2.664471577,1.470285817
0,60,17,0.9727618745,0.08391906774,1.771514193,36.350689
0,60,24,0.0005876386872,3.518648111e-05,0.8377444234,0.7443380837
0,60,34,0.004754269104,0.001842050594,0.3632784849,5.385587657
0,60,50,7.462442384e-05,2.673564745e-05,-2.372908976,0.6488251483
0,61,5,0.0001094303514,9.794161775e-06,-2.36343547,0.456609782
0,61,17,0.001066701981,5.159061832e-05,1.407626684,1.047965393
0,61,24,0.9801971026,0.1229710025,1.897232718,51.16381635
0,61,34,5.638470123e-06,1.526691928e-06,1.312386994,0.1802757368
0,61,50,7.309326564e-05,3.556873012e-05,0.118640386,0.8701532663
0,62,5,9.662318186e-05,4.890702668e-05,2.869866909,0.7863230381
0,62,17,0.973474523,0.08777156933,0.7180481527,33.31135521
0,62,24,0.0003537186175,5.157347308e-05,-0.3147728902,0.8074740222
0,62,34,0.006206085393,0.00208738286,-1.764567038,5.13708115
0,62,50,0.0002553790269,0.0001197104738,-0.6286783064,1.230216208
0,63,5,8.903682465e-05,4.782346122e-05,-1.438059969,0.7550215706
0,63,17,0.0003589045151,9.571415566e-05,-0.9386338435,1.068136961
0,63,24,0.9737051558,0.1634910677,-2.073129507,44.14544225
0,63,34,5.448304306e-05,1.232830554e-06,0.8607049092,0.1212245419
0,63,50,0.000173901308,5.385047356e-05,2.255628018,0.8011864954
0,64,5,0.0004057537593,0.0001006165321,-2.758654012,1.020842474
0,64,17,0.0001283869799,6.843741809e-09,0.2811295032,0.008419200795
0,64,24,0.003119296238,0.001338275137,0.1023962258,3.723031956
0,64,34,6.484698491e-06,9.641869427e-08,2.582311214,0.03160128059
0,64,50,0.9670744625,0.1886986383,-1.378743052,44.20877105
0,65,5,0.000161858424,2.135467312e-05,2.90900069,0.6444448684
0,65,17,0.9740322655,0.08844252585,-2.80001027,41.47342235
0,65,24,0.0004386073117,1.57139883e-05,-1.412737839,0.5528184368
0,65,34,0.007527292185,0.002378849669,-2.437245238,6.801783507
0,65,50,2.161448374e-05,1.0489505e-05,-1.535801941,0.4516653797
0,66,5,0.5311328543,0.2625892896,-1.910597798,18.64059862
0,66,17,0.00166221962,3.906756091e-07,2.634841561,0.02273680828
0,66,24,0.1712773869,0.07974622629,0.1549025549,10.27250642
0,66,34,0.0002101546477,1.073340834e-07,0.944127293,0.01191763765
0,66,50,0.1212642474,0.06620139181,-2.854551881,9.359548755
0,67,5,0.0001236692749,5.503519706e-05,-2.238967448,1.359420688
0,67,17,4.339602399e-05,4.676031057e-09,-2.420712928,0.01253061266
0,67,24,0.001986738449,3.741483501e-05,0.4175790028,1.120870732
0,67,34,1.717715021e-06,2.50904599e-08,0.4545017905,0.02902604893
0,67,50,0.9650681779,0.1681851835,-2.039415372,75.14973938
0,68,5,0.9854283633,0.1306487093,2.908289528,50.62182479
0,68,17,0.0003535048107,4.12655429e-08,-0.7960538511,0.02844978679
0,68,24,0.0006520340665,3.939227929e-07,-0.4880289126,0.0879003875
0,68,34,1.384062901e-06,5.573400773e-08,0.2711506882,0.03306323708
0,68,50,0.0003716241817,0.0001840841912,-2.018381636,1.900174481
0,69,5,0.0002851311053,2.389313555e-05,-2.102206938,0.5840036812
0,69,17,0.9713298131,0.08292539166,0.9874199832,34.40509623
0,69,24,0.0006061636792,2.816919221e-05,1.87770042,0.6341123444
0,69,34,0.0050596506,0.001858964684,-1.201163297,5.151273168
0,69,50,0.0006928348528,0.0002942637349,2.837216632,2.049497451
0,70,5,9.162093131e-05,6.312456337e-05,-1.491967577,1.083630106
0,70,17,0.0003743939166,6.82641708e-05,-1.577477609,1.126881576
0,70,24,0.9770455988,0.1527718116,-1.926598173,53.30936178
0,70,34,7.716548275e-05,6.833882982e-07,-1.221446187,0.1127497631
0,70,50,0.0001477060225,5.706804577e-05,2.192817944,1.030334802
0,71,5,0.961536442,0.1795115529,0.7155064165,52.27694574
0,71,17,9.444814869e-05,5.026305894e-09,-0.4828888509,0.008747590857
0,71,24,0.001014840047,0.0002050916922,0.158100514,1.767006058
0,71,34,6.978153012e-06,2.495112092e-07,-0.5067296506,0.06163239359
0,71,50,0.0004063130646,0.0001844935923,0.576835044,1.675925263
0,72,5,0.0002850960153,2.387730471e-05,-2.104272016,0.5936365362
0,72,17,0.9713285105,0.08291818335,0.987358501,34.98266255
0,72,24,0.000607407578,2.824960313e-05,1.876971071,0.6457049964
0,72,34,0.005059405322,0.001858631203,-1.201295348,5.237506603
0,72,50,0.0006923924317,0.0002939483218,2.838581402,2.082876231
0,73,5,0.0002447844061,3.684818602e-05,2.495811815,0.8002109765
0,73,17,0.9727498176,0.08372229105,0.6020182068,38.143189
0,73,24,0.0003851043881,8.575480807e-05,-0.3172159741,1.220747061
0,73,34,0.004804356068,0.001811461546,-1.99538034,5.610621962
0,73,50,0.0005378572084,0.000172962586,-1.358378281,1.733694346
0,74,5,0.0001968866996,5.859721192e-05,-2.556274624,0.8883866219
0,74,17,0.972075448,0.08500902522,1.45975508,33.83732726
0,74,24,0.0009690795994,3.830562648e-05,2.413779086,0.7182817274
0,74,34,0.005482761639,0.001992413735,-0.2552037007,5.180280747
0,74,50,4.865784247e-05,9.543208718e-06,-0.8270648872,0.3585178182
0,75,5,0.0002334479233,9.19992027e-05,-2.896694498,1.020733774
0,75,17,0.9716362803,0.08358771115,0.4552549967,30.76746177
0,75,24,0.001029305974,1.368691022e-05,3.115865718,0.3937070233
0,75,34,0.005460833516,0.001987837156,-2.253714174,4.744722911
0,75,50,0.0001616884104,9.150655634e-06,-2.354313302,0.3219189622
0,76,5,0.0001879147894,8.672942675e-05,0.8815344934,2.014081732
0,76,17,0.0001077167885,9.505969489e-09,0.9234871242,0.02108589602
0,76,24,0.003218001595,0.000356515996,0.555922818,4.083507548
0,76,34,2.176803607e-05,3.068339861e-09,2.712761375,0.0119796901
0,76,50,0.9778011353,0.1239087448,1.636129437,76.12807202
0,77,5,0.0001461152638,1.658781517e-05,0.003345969082,0.3673993379
0,77,17,0.9713502048,0.07984198926,3.124061586,25.48939045
0,77,24,0.0007366820885,2.313047439e-05,1.124325766,0.4338464474
0,77,34,0.003141455467,0.001421655059,3.082439273,3.401268311
0,77,50,0.0008950977262,0.0002917282536,-2.694008402,1.540752999
0,78,5,0.0002067171294,9.258611073e-05,-2.811535095,0.9992426782
0,78,17,0.9736392111,0.08584121805,-1.464841154,30.4260791
0,78,24,0.0002965501206,1.455786459e-05,1.629583059,0.396229578
0,78,34,0.005635393674,0.001968644852,0.269799677,4.607673973
0,78,50,0.000110753551,6.633894365e-05,-0.9738541906,0.8458285303
0,79,5,0.0003408053345,2.572739935e-05,-3.046955891,1.074308713
0,79,17,4.313019695e-05,6.070760479e-09,1.61483612,0.01650261254
0,79,24,0.002584071651,0.000708034604,0.3922418821,5.635836635
0,79,34,1.28108272e-05,3.87697471e-09,-2.179532039,0.01318796051
0,79,50,0.9728610646,0.1715573296,-1.118559785,87.72750799
0,80,5,0.2537500091,0.1173710824,-2.126707691,12.1198299
0,80,17,0.001971641982,3.68252952e-07,2.56330616,0.02146787651
0,80,24,0.4717996344,0.1975487296,0.1724481962,15.72363995
0,80,34,0.0003091788216,6.012680644e-08,1.287926732,0.0086746116
0,80,50,0.1418219885,0.1038610695,-1.48639038,11.40098476
0,81,5,0.9852752904,0.1228429419,-1.427451956,58.85587848
0,81,17,5.269686281e-05,1.016418092e-08,-1.864717628,0.01692976523
0,81,24,0.0008803047632,2.35576369e-05,-2.924411088,0.8150431541
0,81,34,1.225309831e-06,1.957738977e-08,2.810499394,0.02349590274
0,81,50,0.0005854492225,0.0002884302612,-2.202389981,2.851905651
0,82,5,0.3529549197,0.2595069866,2.981026012,15.01276993
0,82,17,0.0001667230039,3.407511556e-07,2.796194848,0.01720303095
0,82,24,0.4620893067,0.1970211847,0.1283064106,13.0810548
0,82,34,8.181957179e-06,1.216186723e-07,1.313258985,0.01027747504
0,82,50,0.02469303624,0.01708161353,3.009770796,3.851684872
0,83,5,4.283838552e-05,1.285131562e-05,1.180688148,0.2766614226
0,83,17,0.972534243,0.07933695067,-2.559012907,21.73764856
0,83,24,0.000291627842,7.508304561e-05,0.7445628226,0.6687222159
0,83,34,0.002641598029,0.001302716941,-1.994122253,2.785478697
0,83,50,0.0005601498125,3.323289996e-05,2.481259059,0.4448964405
0,84,5,0.0308971245,0.01884029226,-1.606520127,4.660476379
0,84,17,0.001511510233,4.030059797e-07,2.562826106,0.02155471269
0,84,24,0.7199988109,0.2873438505,0.1506361868,18.200673
0,84,34,0.000269428899,4.453790197e-08,1.56972319,0.007165580361
0,84,50,0.1398159061,0.1377955233,-0.7230738771,12.60387384
0,85,5,0.000148683686,7.889564173e-05,-1.70484023,0.8721220462
0,85,17,0.9726780883,0.08369152062,-1.045280236,28.40478379
0,85,24,0.0004383209359,2.231619447e-05,0.2285912279,0.4638321278
0,85,34,0.005378987612,0.001977318071,1.101354673,4.36605323
0,85,50,0.0004237271634,0.0001422299397,-2.022664369,1.170971356
0,86,5,0.1109730298,0.1078311726,-0.8702882929,9.415077971
0,86,17,0.001192499587,4.200205599e-07,2.692895863,0.01858176793
0,86,24,0.3433079901,0.150913754,-0.001853514663,11.13822965
0,86,34,0.0002434808519,1.99827915e-08,1.70311032,0.00405303016
0,86,50,0.3448782156,0.243624552,1.607788969,14.1518196
0,87,5,0.000478420607,0.0001384416901,-2.249703681,1.885376823
0,87,17,6.047377552e-05,5.826332792e-08,-2.586818694,0.03867785326
0,87,24,0.00159788618,0.000744791371,0.3478227506,4.373025763
0,87,34,2.619685269e-06,2.290502794e-07,0.6079371205,0.07668848013
0,87,50,0.9628839565,0.1940910435,-2.324444257,70.59394711
0,88,5,0.9711132658,0.1354258608,2.64053866,44.80900364
0,88,17,0.0004182864898,2.682831905e-08,0.1424071879,0.01994395181
0,88,24,0.0003120876674,2.372869363e-05,-0.7380109885,0.5931320604
0,88,34,2.910003283e-06,1.041670641e-07,-2.930837705,0.03929883688
0,88,50,0.0003806939694,8.199847266e-05,-1.276224867,1.102598422
0,89,5,0.006108752591,0.003051145274,-1.852540528,3.479720306
0,89,17,0.001441195526,3.715528711e-07,2.7578619,0.03839929096
0,89,24,0.9368317827,0.3563207119,0.1294958877,37.60394667
0,89,34,9.586872811e-05,5.276580695e-08,1.459641417,0.01447068822
0,89,50,0.01392471454,0.007412142763,-3.05108165,5.42356416
0,90,5,0.02249925683,0.01113754097,-2.329540328,3.656653507
0,90,17,0.001319551504,4.088657836e-08,0.626172376,0.007006151697
0,90,24,0.1595903636,0.05551962299,-2.976489949,8.164176908
0,90,34,2.804731666e-05,1.26641021e-07,2.341936371,0.01233037697
0,90,50,0.6308165668,0.3632936883,0.1547340778,20.88421132
0,91,5,0.0005073932651,0.0001153408793,2.394403111,0.853972627
0,91,17,0.0003368149396,0.0002272679383,1.201237567,1.198730091
0,91,24,0.9545708469,0.1349747761,-1.393836072,29.21316617
0,91,34,0.0001445337707,8.139739348e-06,-0.5314628427,0.2268598133
0,91,50,0.0002624497014,2.030374821e-05,-0.7967985231,0.3582947386
0,92,5,0.0001546647581,7.015681258e-05,0.07068785196,0.8958860348
0,92,17,0.9725888984,0.07751123505,-0.3729430189,29.77831848
0,92,24,0.0004670745065,8.606602622e-05,0.1043551063,0.9922788113
0,92,34,0.003169755203,0.001459088771,2.401724062,4.085626856
0,92,50,0.0002112139147,3.651160267e-05,-2.992663048,0.6462987119
0,93,5,0.1844395265,0.1032579989,-2.921237897,12.20274201
0,93,17,0.0005286526019,4.093415033e-07,2.75204456,0.02429620635
0,93,24,0.68197197,0.27944143,0.1275843468,20.0743261
0,93,34,8.112610695e-05,9.360949777e-08,1.322210905,0.01161864641
0,93,50,0.03960922158,0.02174473577,-1.944716436,5.599801657
0,94,5,0.02060113854,0.005693851867,1.343329348,2.226138216
0,94,17,0.001306352652,3.850135909e-07,2.84727503,0.01830573088
0,94,24,0.4678153819,0.2012999891,-0.07235726906,13.23643157
0,94,34,8.973884509e-05,4.207516797e-08,1.219564962,0.006051485157
0,94,50,0.3712022852,0.193361752,0.4387534554,12.97281812
0,95,5,0.5560730243,0.4496222349,-1.206178532,15.99544885
0,95,17,0.001290714796,2.002697269e-07,2.145065809,0.0106753026
0,95,24,0.03728648636,0.00310476933,-2.782295261,1.329190447
0,95,34,0.0003576679027,1.316371587e-08,-3.033109298,0.002736918034
0,95,50,0.1428012412,0.06669365295,0.5941940399,6.160483433
0,96,5,0.0001432365433,6.047299384e-05,-1.551876762,0.8633752341
0,96,17,0.9730298178,0.08349551055,-1.093431334,32.08118593
0,96,24,0.000366134367,6.658280305e-06,0.2976768718,0.2864836816
0,96,34,0.005291967595,0.001944341232,1.00901871,4.89559063
0,96,50,0.0003036620535,9.076150805e-05,-1.883940389,1.057717533
0,97,5,0.9659107051,0.1870731066,1.63642099,72.36425867
0,97,17,0.0003482409419,7.103559401e-09,-2.480264221,0.01410121215
0,97,24,0.001590843327,0.0003184916402,0.1018930163,2.98584636
0,97,34,2.399392406e-05,5.431786233e-07,-0.4727400036,0.1233075796
0,97,50,0.001163697296,0.0002942754502,0.3258657495,2.870089597
0,98,5,9.277133829e-05,2.286409755e-05,2.198950118,0.5555351111
0,98,17,0.9731211938,0.08156421978,2.00857552,33.18060676
0,98,24,0.0003033908239,0.0002162442663,-0.8868323452,1.708467733
0,98,34,0.003182753142,0.001468450415,0.923804004,4.452091932
0,98,50,0.0001410076385,6.41485246e-05,-2.846296042,0.930524509
0,99,5,0.201341468,0.1053317887,-2.766063952,8.906816132
0,99,17,0.0003518183707,2.101009008e-07,2.525239487,0.01257930695
0,99,24,0.08085137667,0.04088710789,-0.008676415775,5.549271248
0,99,34,0.0002550195368,3.922761825e-08,1.272255858,0.005435490332
0,99,50,0.4470374686,0.4368250359,-0.6959655736,18.13829739
0,100,5,0.009732705735,0.003429031381,-2.197224202,2.384491742
0,100,17,2.004470984e-05,4.086498608e-08,2.438647423,0.008231628661
0,100,24,0.03618170659,0.006006865225,-2.909359852,3.155978507
0,100,34,3.43372223e-05,6.148775962e-09,0.01885736021,0.003193040504
0,100,50,0.7131611685,0.5013815097,1.596157794,28.8332933
0,101,5,0.0003000910221,4.281163715e-06,-0.3016500029,0.2266835867
0,101,17,0.9732183358,0.08647080538,-1.627900801,32.2161701
0,101,24,0.0002117404758,7.283594691e-06,-0.1453961449,0.2956732554
0,101,34,0.006466300179,0.002120209492,-0.09573259304,5.044621017
0,101,50,8.281896768e-05,6.665577777e-05,2.057935701,0.8944540973
0,102,5,0.0004703503245,0.0001633571191,-2.581418809,1.66902769
0,102,17,3.157733791e-05,7.848685561e-08,1.420211852,0.03658415044
0,102,24,0.003229568034,0.0006117127763,0.2879321969,3.229745373
0,102,34,6.02991645e-07,2.249569161e-07,2.40414615,0.06193614689
0,102,50,0.9566706631,0.2106615037,-2.150883775,59.93590937
0,103,5,0.0002183127033,8.930222773e-05,-2.490552568,1.7572089
0,103,17,5.134691454e-05,1.447583356e-08,-0.7702629036,0.02237247535
0,103,24,0.001988012072,0.0008190854855,0.1453074166,5.321779335
0,103,34,3.368181787e-06,1.411379997e-07,-0.306789814,0.06985769097
0,103,50,0.9656257225,0.1942129875,-1.375833289,81.94668358
0,104,5,0.9700921337,0.1946015565,1.993412821,65.06308852
0,104,17,0.0004383171839,1.913507654e-08,-1.842357652,0.02040218223
0,104,24,0.001234707803,0.000330196363,0.1686977989,2.680079415
0,104,34,1.797853129e-05,3.211652898e-07,-0.6833602561,0.083584514
0,104,50,0.000812133061,0.0002928163976,0.2930188884,2.523824879
0,105,5,0.5672182702,0.2709286325,-2.49638905,15.78442366
0,105,17,0.001459872322,1.236544705e-07,2.199657615,0.01066365749
0,105,24,0.169175494,0.03920584662,-3.130966167,6.004497865
0,105,34,3.813821797e-05,2.977213386e-08,1.017785528,0.005232464107
0,105,50,0.07916711473,0.05925517298,1.820918354,7.381836326
0,106,5,0.0003159719544,0.0001101938949,-2.387954942,2.268662094
0,106,17,4.128686466e-05,2.416636685e-08,1.744382389,0.03359670838
0,106,24,0.001696376752,0.0006534397183,-0.0691232892,5.524510612
0,106,34,8.998867536e-07,6.394114006e-08,2.265411571,0.05464887619
0,106,50,0.9645615351,0.1867207968,-2.631447056,93.38720848
0,107,5,0.9703038376,0.1177074294,-1.434606938,42.19262523
0,107,17,1.000383886e-05,1.127734518e-07,2.249089318,0.04129885844
0,107,24,0.0003199095668,8.795938986e-06,2.949423666,0.3647335507
0,107,34,6.901172453e-06,3.495075633e-08,-0.4581986378,0.02299126671
0,107,50,0.000690378531,0.0001857447737,-0.8345252548,1.67607293
0,108,5,0.1507486393,0.09277039491,-3.002401383,10.28008791
0,108,17,0.0006326564257,7.853197877e-08,2.506946485,0.009458350332
0,108,24,0.1318484687,0.03735396008,-2.952564356,6.523196347
0,108,34,6.343626518e-05,9.672943051e-10,2.824105205,0.001049715092
0,108,50,0.5048681092,0.3241387469,-0.01915000711,19.21576152
0,109,5,0.0002961637633,0.0001189489506,-2.318281529,1.695740862
0,109,17,1.016096531e-05,9.053463651e-08,-1.667149192,0.04678283745
0,109,24,0.002230080438,0.0006965813197,0.3652524207,4.103600648
0,109,34,1.185724875e-05,2.507913963e-07,0.4895597921,0.077863782
0,109,50,0.9658096568,0.1931069861,2.899615116,68.32476877
0,110,5,9.152667148e-05,7.90523074e-06,-1.398388936,0.3915130069
0,110,17,0.001810010511,7.027415453e-05,0.1924523889,1.167311419
0,110,24,0.9470846081,0.2030586159,-2.796021076,62.74796278
0,110,34,1.378921111e-05,1.957044216e-07,0.9188023309,0.06160120936
0,110,50,0.0002727646922,0.0001024250644,0.6817287991,1.409262975
0,111,5,0.0003760519909,0.0001868087782,-2.138583891,1.91138632
0,111,17,6.424929949e-05,5.997331119e-09,2.119076532,0.01083000974
0,111,24,0.002185564663,0.0008311950818,0.4229290407,4.03182168
0,111,34,6.29462257e-06,2.568887232e-07,-3.132340684,0.0708797788
0,111,50,0.964781138,0.1930631082,3.009324905,61.44682963
0,112,5,0.02047613259,0.01080467917,-2.706565437,3.829645127
0,112,17,0.0007577465221,1.436804394e-07,2.329057342,0.01396533693
0,112,24,0.02580106048,0.01221549871,0.0973755507,4.072003995
0,112,34,0.0002048193041,7.391973472e-09,1.468220759,0.003167617941
0,112,50,0.6846363162,0.5437954596,-0.3072520614,27.16879537
0,113,5,0.0006385087276,0.0001397558206,0.5331096709,0.3162664563
0,113,17,0.003689212221,0.0002234537486,1.08577607,0.399909759
0,113,24,0.9482095961,0.09376168586,0.6237655092,8.191829108
0,113,34,7.64192073e-05,3.277374412e-06,-1.031104132,0.04843186682
0,113,50,0.001078261377,0.0003918653261,-2.428579981,0.5295861254
0,114,5,0.0001026830395,1.962257825e-05,-2.743142679,0.6952831628
0,114,17,0.0004497969779,7.164864874e-05,0.7971119585,1.328579906
0,114,24,0.9793857498,0.132950363,2.071636573,57.23061876
0,114,34,2.842638666e-06,4.841583286e-07,-0.132850595,0.1092137655
0,114,50,0.0001234901087,5.514756798e-05,0.8216132446,1.165592811
0,115,5,0.1340676186,0.1258088653,-0.5809695422,8.620933852
0,115,17,0.004527903551,4.111502257e-07,2.436385587,0.0155847183
0,115,24,0.6367247722,0.248988155,0.2286310323,12.12796776
0,115,34,0.0003751178483,1.730919813e-08,2.215747688,0.003197695934
0,115,50,0.1046252282,0.05255165033,0.8639268459,5.571753182
0,116,5,0.163691414,0.0878415261,-2.812547202,7.235691341
0,116,17,0.000549615419,6.502793847e-07,2.802676413,0.01968702485
0,116,24,0.7137417355,0.3098671034,0.01864719711,13.58994918
0,116,34,0.0001081918681,1.182472638e-07,1.278683396,0.008395095607
0,116,50,0.01710901241,0.008244990066,0.7950848441,2.216793119
0,117,5,0.279568891,0.1734473036,-1.577896568,11.69199816
0,117,17,0.00311807427,4.205900496e-07,2.515200432,0.0182068351
0,117,24,0.2509474598,0.1138111724,0.2167469657,9.471034319
0,117,34,0.0002037368744,3.583939947e-08,1.813738524,0.005314780388
0,117,50,0.2457678547,0.2454014017,2.27996788,13.90732108
0,118,5,0.9815394624,0.1618245204,-0.7242651993,83.17719197
0,118,17,0.0002285394613,1.33978588e-08,-0.8811262254,0.02393314591
0,118,24,0.00069187791,2.951865757e-05,0.004108156173,1.123389582
0,118,34,4.617233312e-06,2.698974631e-07,-2.492985758,0.1074190956
0,118,50,0.0002471817994,1.943809166e-05,-0.5865778368,0.9116096278
0,119,5,5.429666425e-05,4.120748637e-05,-0.822355718,0.1060089676
0,119,17,0.006360632832,5.160411101e-06,-0.7776637434,0.03751428675
0,119,24,0.9754130159,0.1091393793,1.052997349,5.455634702
0,119,34,3.761617715e-06,5.933637103e-07,-1.321566817,0.01272081786
0,119,50,3.928949183e-05,4.669250691e-06,-1.874347965,0.03568437866
0,120,5,0.01374571912,0.006949074563,2.350685933,2.637512337
0,120,17,0.0002713796554,4.541927211e-07,2.705334003,0.02132313708
0,120,24,0.5125027617,0.2199296405,0.1062761642,14.83791559
0,120,34,8.304041039e-05,4.359505398e-08,1.358120777,0.00660616815
0,120,50,0.3471730189,0.1816361564,1.039219607,13.48441673
0,121,5,0.3205107005,0.1883086644,-1.637441163,9.668528178
0,121,17,0.007469867768,2.222965795e-07,0.5686619207,0.01050489234
0,121,24,0.3203520132,0.1167980545,-3.135465971,7.614528564
0,121,34,1.622823424e-05,5.44840172e-07,1.958456032,0.01644598071
0,121,50,0.191590143,0.09492246536,0.4041450013,6.864512819
0,122,5,0.01650306421,0.008102992776,-2.715294849,6.679143052
0,122,17,0.002904177834,3.828290831e-07,2.617007773,0.04590927991
0,122,24,0.8700688248,0.3313066046,0.1655043224,42.70837684
0,122,34,6.223781616e-05,6.681972921e-08,1.741061131,0.01918007826
0,122,50,0.05667124317,0.0390128922,3.026715759,14.65554904
0,123,5,9.10293271e-05,6.220699959e-05,-1.501897011,0.9958705541
0,123,17,0.0003625083277,6.86646659e-05,-1.559854405,1.046284809
0,123,24,0.9770202785,0.1529087725,-1.930596568,49.374131
0,123,34,7.628360787e-05,6.788146222e-07,-1.166650526,0.1040300623
0,123,50,0.0001286761736,5.523919522e-05,2.203005621,0.9384409173
0,124,5,3.90375453e-05,3.173051684e-05,-0.4196649992,0.5336564705
0,124,17,0.006412345473,0.0002346643279,2.361115596,1.451265077
0,124,24,0.9416306283,0.1801414238,2.211957773,40.20962307
0,124,34,1.393901447e-05,9.641550291e-06,1.5751596,0.2941688224
0,124,50,2.782187787e-05,9.513196014e-06,-0.9566293732,0.2922041833
0,125,5,0.9694026198,0.1328073664,-0.9923282583,46.68083461
0,125,17,3.556113774e-05,1.181579289e-07,1.131641127,0.04403104217
0,125,24,0.0005117109234,5.647610247e-05,0.1852613839,0.9626311006
0,125,34,2.754551912e-06,4.633843427e-08,0.3659959735,0.02757390072
0,125,50,0.0021243405,0.0002655542238,-2.146699503,2.087392586
0,126,5,0.0005993757252,0.0001967021484,-2.479688837,2.191364885
0,126,17,4.484738309e-05,1.327538579e-07,0.3710117576,0.05692902183
0,126,24,0.002791520339,0.001302470359,-0.0157604828,5.638895816
0,126,34,8.398686832e-06,3.016183214e-07,2.480278152,0.08581021807
0,126,50,0.962364983,0.2019768304,-1.55725124,70.22001576
0,127,5,3.602479542e-05,1.370423419e-05,-2.081212551,0.6980037255
0,127,17,8.151248532e-05,1.000162994e-08,1.138299548,0.01885670234
0,127,24,0.001474521941,0.0003364588465,-0.07077451889,3.458568094
0,127,34,1.716529302e-05,5.243388267e-08,-0.2638634584,0.0431753994
0,127,50,0.9734373368,0.1759667093,2.518861732,79.09437726
0,128,5,0.0003616099939,0.0001074379467,-2.380691068,1.82316367
0,128,17,5.169308846e-05,1.964604486e-08,-2.012311993,0.02465382869
0,128,24,0.003174336853,0.0003680247606,0.3396886982,3.374312709
0,128,34,4.063729008e-07,1.051724473e-07,1.956379452,0.0570424011
0,128,50,0.960025276,0.1945343636,-2.275035338,77.57914208
0,129,5,0.9656163328,0.1648706932,2.061889324,59.19262407
0,129,17,0.0003916471408,9.131791244e-09,1.351655749,0.01393072915
0,129,24,0.0007254429132,0.000202346627,0.01400539288,2.07369006
0,129,34,1.175510918e-05,4.157797212e-08,-2.156537315,0.0297253867
0,129,50,0.0006396997853,0.0003442997921,0.4008435792,2.70498114
0,130,5,0.0002198294768,9.853033937e-05,-2.326519444,1.248954172
0,130,17,6.809881763e-05,9.569078451e-08,-2.683053486,0.03892212754
0,130,24,0.002205478929,0.000605400264,-0.05969416988,3.095870721
0,130,34,1.376662585e-06,1.675953375e-07,0.1649516945,0.05151011032
0,130,50,0.962514066,0.1965843114,-1.660200059,55.78737692
0,131,5,0.9863192031,0.11718158,-1.554521779,58.0436834
0,131,17,2.097954035e-06,2.410089742e-09,-2.034279552,0.008324188323
0,131,24,0.0003069043832,8.191176833e-06,3.113860559,0.4852867577
0,131,34,3.987158696e-06,1.336999623e-08,3.097686072,0.0196060873
0,131,50,0.0008900721884,0.0003942587252,-2.340842208,3.366789364
0,132,5,0.0003933959688,5.982543817e-05,2.968145811,1.098627831
0,132,17,0.00165764348,9.193727958e-05,-2.369158214,1.361925894
0,132,24,0.957821617,0.1691929479,2.807247931,58.4250081
0,132,34,0.0001043872563,3.837622855e-06,-1.781484165,0.2782523229
0,132,50,0.0003185487078,0.0001432592414,0.4622683981,1.700078504
0,133,5,0.0002446907921,8.958517139e-05,-2.44146446,1.924701906
0,133,17,3.741118796e-05,1.696447998e-08,-1.119946427,0.0264859581
0,133,24,0.002338000585,0.0006852054856,0.08340431975,5.322992172
0,133,34,2.403643262e-06,1.178811919e-07,-0.2996282385,0.06981804295
0,133,50,0.9643797562,0.1947691037,-1.4400417,89.74400456
0,134,5,0.01198413801,0.005541371077,-2.249943444,4.1517097
0,134,17,0.00228004336,3.786398783e-07,2.74575951,0.03431875607
0,134,24,0.8318161306,0.320715654,0.1532939785,31.58482253
0,134,34,7.602995557e-05,5.142135172e-08,1.458747819,0.01264707536
0,134,50,0.08342653176,0.07556557139,2.584294587,15.3313482
0,135,5,0.0002363919642,6.903642264e-05,1.684636455,0.9620258855
0,135,17,0.00368619976,0.0002124629035,3.054553076,1.687676389
0,135,24,0.9495559411,0.1800957074,-1.950881902,49.13594344
0,135,34,1.434482161e-05,5.651637587e-06,2.654078798,0.2752547175
0,135,50,0.0001579227967,6.160017042e-05,0.5805752656,0.9087377621
0,136,5,0.0001079763732,1.050060475e-06,-2.603532704,0.2227976153
0,136,17,2.463103845e-06,5.670323923e-08,1.179333912,0.05177347515
0,136,24,0.001216755454,3.137395015e-05,2.704849847,1.217833688
0,136,34,4.697183007e-06,2.531499051e-09,-0.7699467759,0.01093936887
0,136,50,0.9789254747,0.1542421271,-0.7674597662,85.38958152
0,137,5,0.0001683247444,8.535399109e-05,-1.915705174,1.900555922
0,137,17,3.268448321e-05,1.308638386e-08,-1.557759263,0.02353306876
0,137,24,0.001410365461,0.0001037489719,-0.2423958587,2.095369592
0,137,34,2.61900368e-06,3.12276623e-08,-3.113297141,0.03635285074
0,137,50,0.9659729223,0.1755650848,-2.859211567,86.19613873
0,138,5,0.9787732752,0.1734377616,2.152900767,62.54251636
0,138,17,0.0002018980114,3.954864304e-08,-1.090564281,0.02986546729
0,138,24,0.0004239143661,5.976237118e-05,0.3917894776,1.160960466
0,138,34,5.861904227e-06,2.141614017e-07,-0.3501622592,0.06949829036
0,138,50,0.0001531522388,5.293764929e-05,0.3377220358,1.092662019
0,139,5,0.0001061698369,2.160690554e-06,1.056589738,0.2912574689
0,139,17,1.873782882e-05,2.875320162e-09,-1.314450075,0.01062487646
0,139,24,0.002608520346,0.0001338518824,-2.830797528,2.292413863
0,139,34,5.389707006e-07,1.672112185e-09,1.458210775,0.008102396465
0,139,50,0.9784691533,0.1417510339,2.003298092,74.60087167
0,140,5,0.0001191966534,1.957329999e-05,-1.9073532,0.4561278256
0,140,17,0.0007802654182,3.11847818e-05,-2.646726116,0.5757393264
0,140,24,0.9802027806,0.1367909963,-1.685232591,38.13144796
0,140,34,0.000100150255,1.815150042e-06,2.756968719,0.1389027377
0,140,50,9.531133266e-05,2.212306489e-05,0.4666060547,0.4849279173
0,141,5,0.9652573829,0.1663350022,0.877636843,77.5856254
0,141,17,1.561743456e-05,6.171869211e-08,-1.626170573,0.04726044409
0,141,24,0.0006569531092,0.0001246316123,0.2687137427,2.123750762
0,141,34,2.317630442e-05,2.469385441e-07,-1.453582574,0.09453309628
0,141,50,0.0001017820687,1.95113501e-05,1.14737473,0.840297559
0,142,5,0.0002303960234,0.0001089205366,-2.337290905,2.280943482
0,142,17,8.886790184e-06,9.64153676e-08,1.394658411,0.0678629554
0,142,24,0.002811598847,0.0001604493937,-0.03480649071,2.768398967
0,142,34,4.265931959e-06,9.997424593e-08,0.09312186071,0.06910408277
0,142,50,0.964082095,0.1900122616,-3.048907098,95.26874669
0,143,5,0.0001152536216,1.730257238e-06,2.121466295,0.1377589935
0,143,17,0.9721759413,0.07740868793,-0.2345290561,29.13798242
0,143,24,0.0006457453306,6.723577041e-05,0.1714901637,0.8587461768
0,143,34,0.003190216693,0.001472252,2.652943787,4.018423457
0,143,50,0.0002657648025,9.174458799e-05,-2.758786539,1.003124531
0,144,5,0.002462680631,0.002320356323,-0.5652055023,3.17476356
0,144,17,0.002871512645,2.877860727e-07,2.598737817,0.03535647275
0,144,24,0.9201297068,0.3412088747,0.2043421018,38.49853515
0,144,34,0.0001228815645,3.230157578e-08,1.534823876,0.01184529553
0,144,50,0.02936509762,0.02361120341,-1.215505621,10.12728676
0,145,5,0.4033000664,0.2564009461,-1.524186806,16.91827743
0,145,17,0.001524941046,1.254474179e-07,1.981285928,0.0118338809
0,145,24,0.1872633599,0.04349802858,-2.998873818,6.968368643
0,145,34,0.0001966731202,6.847954072e-08,2.518918991,0.00874332758
0,145,50,0.2111213209,0.1146868474,0.2089721365,11.31496299
0,146,5,0.0001680894885,8.052849787e-05,0.9426511083,1.863703283
0,146,17,2.152245972e-05,1.587896195e-08,0.226880215,0.02617056057
0,146,24,0.003643559296,5.728830169e-05,-1.665447066,1.571936308
0,146,34,7.467324782e-06,1.232393578e-08,-0.8532363697,0.02305561357
0,146,50,0.9786532677,0.1012704289,1.015988453,66.09114802
0,147,5,0.0003078589374,0.0001083831015,-2.403570713,1.961106798
0,147,17,4.320818102e-05,4.267891453e-08,1.554558814,0.03891590554
0,147,24,0.001609974585,0.0006643406809,-0.0460388272,4.8552979
0,147,34,9.358716822e-07,6.793571331e-08,2.193060552,0.04909864736
0,147,50,0.9646887649,0.1867187349,-2.615217296,81.39812591
0,148,5,3.840660467e-05,3.136363795e-05,-0.4200820938,0.5576996478
0,148,17,0.006417152752,0.0002346774389,2.3604629,1.525537277
0,148,24,0.9416270093,0.180134185,2.2121401,42.26542339
0,148,34,1.386163911e-05,9.646377933e-06,1.573651698,0.3092924301
0,148,50,2.812302766e-05,9.613922943e-06,-0.9505737959,0.3087716885
0,149,5,4.09501212e-05,2.068326195e-05,1.714973363,0.5021784392
0,149,17,0.005026913157,0.0002137726425,2.607576198,1.614450037
0,149,24,0.9485572198,0.1741994847,-1.844152614,46.08631453
0,149,34,4.779423437e-05,7.93356903e-06,1.816139729,0.311016084
0,149,50,1.296182498e-05,5.877057384e-06,1.257153808,0.2676877591
0,150,5,0.0006972310254,0.0003181841733,-2.05442372,2.177782139
0,150,17,0.001925149268,6.312051461e-05,2.672893199,0.9699747078
0,150,24,0.9524988483,0.1973427896,-2.764641924,54.23576573
0,150,34,6.226869505e-05,4.130842641e-07,2.967338808,0.07846834094
0,150,50,0.0001779190286,7.464308584e-05,0.9055954794,1.054799554
0,151,5,0.9647538968,0.1562260464,1.275147651,72.9258136
0,151,17,8.08971985e-05,1.162976229e-08,1.392037292,0.01989710908
0,151,24,0.0004897855175,7.790621203e-05,0.4306587738,1.628510661
0,151,34,1.096725702e-05,1.317649464e-07,-0.5065442095,0.06697373304
0,151,50,0.0004938640176,0.0002654908041,1.761835838,3.00627914
0,152,5,0.0003615094258,0.0001137485197,-2.164271716,1.657560845
0,152,17,7.602454857e-06,1.030231801e-08,-2.569697615,0.01577480786
0,152,24,0.002439790666,0.001260686891,0.2585940378,5.518235376
0,152,34,1.74195303e-05,1.882914619e-07,0.4200383159,0.06743912335
0,152,50,0.9656071034,0.1948784157,2.813692715,68.60858663
0,153,5,0.336647293,0.1655427947,-2.024482478,8.83441477
0,153,17,0.001330281462,1.39667819e-07,2.069957141,0.008114669187
0,153,24,0.2973067008,0.09865458903,-2.808783878,6.819951556
0,153,34,0.0001440879554,2.58513771e-06,2.244552847,0.03491117655
0,153,50,0.1997535172,0.1267664474,-0.1014638352,7.730806507
0,154,5,5.708501346e-05,6.501603097e-06,-1.821512605,0.4461606567
0,154,17,6.27173934e-05,8.574570715e-09,-2.214401519,0.01620269426
0,154,24,0.001493768376,0.0001922164623,-0.212541907,2.425919212
0,154,34,1.860346729e-05,2.38100382e-08,-0.5485354069,0.02699983375
0,154,50,0.9745180079,0.1731419758,2.428799019,72.80852427
0,155,5,0.0003077856656,2.176843141e-05,-3.107845045,0.5853995626
0,155,17,0.002139249154,9.662947684e-05,0.531371021,1.233370736
0,155,24,0.9607816461,0.184671343,-2.376970634,53.91859655
0,155,34,2.458123117e-05,2.970763922e-06,-1.76241636,0.2162583555
0,155,50,0.0005229167953,0.0001781583083,1.176721081,1.674718685
0,156,5,0.9848829526,0.1426779194,2.697033823,70.88301284
0,156,17,0.00026380495,1.773791918e-08,-1.529752182,0.02499281191
0,156,24,0.0005892887381,2.653687204e-06,-0.9949223066,0.3056952215
0,156,34,1.083709428e-06,5.846371874e-08,0.08931492266,0.04537399335
0,156,50,0.000111320093,4.678556721e-05,-1.617739409,1.283570521
0,157,5,0.0001411813716,6.485417939e-05,0.4182447661,0.8734276548
0,157,17,0.972462503,0.07920593288,-2.765216994,30.52367432
0,157,24,0.0002604360785,4.793732031e-05,0.8099587183,0.7509220049
0,157,34,0.002709693685,0.001314422193,-2.407522101,3.932107621
0,157,50,0.0005114335117,1.999967167e-05,2.845385144,0.4850308778
0,158,5,0.0004109527069,0.0001742490543,-2.533422554,1.943305983
0,158,17,1.11623884e-05,3.703368042e-09,-2.057507289,0.008958894247
0,158,24,0.002829042445,0.00072933812,-0.1336769824,3.975762467
0,158,34,1.947117611e-06,4.618763944e-07,2.480643081,0.1000504062
0,158,50,0.9607460882,0.2042056959,-1.751230901,66.52576827
0,159,5,0.9635820299,0.197779085,0.04736544234,74.27532017
0,159,17,0.0001912519403,2.735739422e-08,-1.358465555,0.02762432757
0,159,24,0.001418638179,0.0005710721402,0.1572101187,3.991166426
0,159,34,6.656867938e-06,2.446748012e-07,-2.754624902,0.08261311024
0,159,50,0.0008145137839,0.0003979206871,0.4117271012,3.331598131
0,160,5,0.0002333768373,4.411972675e-06,-3.114052547,0.2717874657
0,160,17,0.9740834611,0.08819584083,-2.748779853,38.42705213
0,160,24,0.0003169363949,1.756156705e-05,-1.546807185,0.5422438687
0,160,34,0.007164211551,0.002337750011,-2.335229544,6.256220555
0,160,50,4.107175675e-05,1.49329987e-05,-1.437123876,0.5000190269
0,161,5,0.9664689151,0.09898182297,-2.091401994,38.81318571
0,161,17,0.0001609856452,7.440358374e-08,2.17725898,0.0336510402
0,161,24,0.0008495505881,0.0001642117001,-2.989354367,1.580897144
0,161,34,4.064449702e-06,5.349705055e-07,-1.146619109,0.09023322624
0,161,50,0.0006374689538,0.0001178460572,0.7808516132,1.339242104
0,162,5,0.4590772109,0.2856416332,-3.049701959,13.14766186
0,162,17,0.0002890429403,1.10172442e-07,2.705158006,0.008165339759
0,162,24,0.09869906983,0.01730787464,-3.120632595,3.236381001
0,162,34,3.967109568e-06,8.822743749e-08,0.7844063065,0.007307008378
0,162,50,0.2071120824,0.1635181508,1.768438319,9.947655942
0,163,5,0.0002570683045,5.250242225e-08,-0.3984453832,0.02844710452
0,163,17,0.9730934175,0.08594180448,-1.592978053,36.39574657
0,163,24,0.0002752298964,2.629013028e-06,-0.1111307672,0.20130046
0,163,34,0.006366754013,0.002086193095,-0.02579877881,5.670556083
0,163,50,9.155629539e-05,7.544155761e-05,1.805927499,1.07833505
0,164,5,0.0001003007179,5.964041457e-06,1.062797704,0.4196962728
0,164,17,6.61562527e-05,1.44958058e-08,2.197764474,0.02069121372
0,164,24,0.003622213855,6.585382445e-05,3.122485634,1.394618065
0,164,34,1.173195062e-05,2.671857988e-08,-2.091395309,0.02809127629
0,164,50,0.9740740057,0.1527212401,2.154981698,67.16059058
0,165,5,0.0005821366539,8.784033468e-05,-2.247970263,1.229771797
0,165,17,0.001026022716,0.0001413780798,-0.8861948886,1.560157982
0,165,24,0.9485973681,0.2010671392,-2.523984201,58.83667034
0,165,34,6.915438205e-05,9.958149587e-07,0.5021415742,0.1309383491
0,165,50,0.0004144239242,0.0002190568747,0.2221016725,1.942030211
0,166,5,0.08880104952,0.07539722349,2.808638018,7.666351559
0,166,17,0.001200724928,6.24990184e-08,2.594712988,0.006979875121
0,166,24,0.0576628802,0.006672023741,-2.460842947,2.280551299
0,166,34,2.315056268e-05,8.578211899e-09,0.8271601471,0.002585886384
0,166,50,0.6235784052,0.3857955363,0.05702342686,17.34161953
0,167,5,0.000345435425,2.317566668e-05,-3.055902272,1.023493903
0,167,17,2.331682857e-05,1.175302735e-07,1.935784996,0.07288598296
0,167,24,0.002694226919,0.0008780806801,0.19520565,6.29993912
0,167,34,8.653964252e-06,1.919613406e-09,3.08273513,0.0093148535
0,167,50,0.9713122174,0.1743195284,-1.237375682,88.76508289
0,168,5,0.9592153813,0.1827592028,0.6740362686,59.00897728
0,168,17,2.432731107e-05,3.338904538e-08,-0.589448014,0.02522205459
0,168,24,0.00112687969,0.0002098236781,0.130762136,1.999427716
0,168,34,1.118059479e-05,1.273515182e-07,-0.6631429926,0.04925842523
0,168,50,0.001213476601,0.0003418956933,0.8318689368,2.552262122
0,169,5,0.969358843,0.1488160614,-0.4726363277,59.09333237
0,169,17,0.0002992291384,8.623827311e-08,-3.066713312,0.04498457314
0,169,24,0.0003103274167,6.471402396e-05,0.4748268274,1.232289593
0,169,34,5.607032203e-06,9.927187399e-08,-0.02226944749,0.04826437518
0,169,50,0.0004852710804,1.339808319e-05,-2.841010275,0.5607056253
0,170,5,9.834079094e-05,4.822940073e-05,-1.669485018,0.9266821287
0,170,17,0.002197583866,0.0002100649944,0.8770497835,1.933978752
0,170,24,0.947537592,0.2018032834,2.564868718,59.94306822
0,170,34,5.982350028e-05,7.704969969e-06,-1.461210987,0.3703909186
0,170,50,0.0002384349307,1.300943415e-05,0.3353010979,0.4812869194
0,171,5,0.9819361535,0.1644608541,-0.7101486618,70.46316521
0,171,17,0.0001767511629,7.550773894e-09,-1.311123004,0.01509824992
0,171,24,0.0005908884297,4.522880793e-05,0.07544951191,1.168526182
0,171,34,9.172025475e-06,3.418337497e-07,-2.440840498,0.1015870494
0,171,50,5.820309445e-05,1.531819815e-05,-0.1578522167,0.6800404069
0,172,5,0.5677435472,0.2835728765,-1.886478678,18.54527802
0,172,17,0.002180874128,3.761468307e-07,2.607380923,0.02135894058
0,172,24,0.1252320171,0.05958308492,0.2128745722,8.500852812
0,172,34,0.0002021485027,1.21425257e-07,0.8476094558,0.01213543979
0,172,50,0.1210600989,0.06799384226,-2.917861008,9.081044331
0,173,5,0.9815166187,0.1644940389,2.374452777,81.12684437
0,173,17,0.0004882418286,7.779641498e-08,-0.9681517733,0.05579166128
0,173,24,0.0003353118267,2.664522968e-05,0.2423745325,1.032521813
0,173,34,5.852402093e-06,2.077611032e-07,-0.3601203695,0.09117412889
0,173,50,0.0003262812152,3.363700725e-08,-2.127337986,0.03668581534
0,174,5,0.0001200161164,2.002421415e-05,0.3610215965,0.4399726465
0,174,17,0.971862698,0.07773584744,-2.508820029,27.41312869
0,174,24,0.0002764745772,9.087048904e-05,0.6750578865,0.9372584592
0,174,34,0.002341405686,0.001163189782,-1.889656722,3.353306304
0,174,50,0.0005262201729,8.779580632e-06,-2.685271721,0.2913297406
0,175,5,0.0001444273715,2.946975633e-06,2.11028927,0.1578712616
0,175,17,0.972286368,0.09050122508,-0.7470304618,27.66572376
0,175,24,0.000446071081,1.894366451e-05,-0.5212332681,0.4002642515
0,175,34,0.01119464062,0.002860426016,1.6840554,4.918471585
0,175,50,9.812442843e-06,3.309378991e-06,2.051826274,0.1672969641
0,176,5,0.0002705269225,1.140417749e-06,2.543601379,0.01400002938
0,176,17,0.005466273971,5.096868029e-06,1.611605269,0.02959706576
0,176,24,0.9775342137,0.1205806084,0.5153578705,4.552350564
0,176,34,1.099024048e-05,4.497610421e-07,2.40829227,0.008792004066
0,176,50,0.0003668093176,8.172406819e-05,-2.161541201,0.1185146264
0,177,5,0.07289169199,0.03510397079,-2.487907634,8.4694329
0,177,17,0.002947119535,4.930471314e-07,2.587297323,0.03174098703
0,177,24,0.8595415168,0.3454885026,0.2207635278,26.57008899
0,177,34,0.0001724220217,6.580199345e-08,1.524981568,0.01159566699
0,177,50,0.004341404066,0.002696835646,-1.39190601,2.34748837
0,178,5,0.00018520113,2.318871261e-05,-2.55479482,0.4739620922
0,178,17,0.9731763676,0.0857991831,-1.289010179,28.83014756
0,178,24,0.0005582059013,5.818066039e-06,0.7901197455,0.2374075969
0,178,34,0.0061260403,0.002065814202,0.6240899052,4.473535811
0,178,50,0.0001346138041,0.0001020272102,-1.200771952,0.9941760455
0,179,5,0.0003359603445,3.523627541e-06,1.63253123,0.1939316259
0,179,17,0.9726971285,0.0857829847,-2.01037187,30.25897532
0,179,24,0.0004695663434,4.673367305e-06,-0.08050051551,0.2233410732
0,179,34,0.005982973295,0.002024674142,-0.8727357797,4.648696667
0,179,50,0.0002397336464,3.726017986e-05,2.614274395,0.6306321596
0,180,5,0.01739372603,0.007401044583,1.684318385,2.980289029
0,180,17,0.0005760417994,9.187021031e-08,2.340280187,0.01050024009
0,180,24,0.01724727037,0.008262416224,0.1277358828,3.148947416
0,180,34,8.354473298e-05,1.657916749e-09,1.447891268,0.001410565422
0,180,50,0.7374197304,0.4672527241,0.02461517442,23.68033244
0,181,5,0.04130558014,0.02136077995,-2.64218336,3.323624877
0,181,17,0.00270698266,4.261248894e-07,2.395567899,0.01484471618
0,181,24,0.1407368169,0.06898856751,0.4113009219,5.972993078
0,181,34,0.0001819465177,1.913733168e-08,1.690671159,0.003145894396
0,181,50,0.619383551,0.313222408,0.8878591218,12.72711182
0,182,5,0.001528681773,0.0001984040073,0.1114141493,0.6141822612
0,182,17,0.001577952594,2.818992277e-07,2.47975352,0.02315095934
0,182,24,0.5649940346,0.2228085885,0.2063611692,20.58202081
0,182,34,0.0002039417535,2.566139808e-08,1.599815768,0.00698493238
0,182,50,0.287079158,0.2562025763,-0.4875575575,22.0705825
0,183,5,0.0001044125884,2.266756217e-07,2.639822118,0.0956528958
0,183,17,4.781702372e-06,4.434825082e-08,1.268290073,0.04230911706
0,183,24,0.00162270607,4.610147502e-05,-2.924565436,1.364121724
0,183,34,6.80202139e-06,9.563126909e-10,-0.4730333568,0.006212918752
0,183,50,0.9792961334,0.149586037,-0.6739980808,77.70361841
0,184,5,0.0002043371516,8.014687883e-05,-2.279634831,1.97717253
0,184,17,6.853758632e-05,4.601662354e-08,-2.577893437,0.04737602677
0,184,24,0.001152533547,0.0004764814045,0.3947530716,4.820856885
0,184,34,1.326943147e-06,1.791183599e-08,1.091450811,0.029557746
0,184,50,0.9665627366,0.1774877725,-2.360415023,93.04338035
0,185,5,9.868674111e-05,6.197425838e-05,-1.492900571,0.9494596037
0,185,17,0.0004844250846,5.913268686e-05,-1.793962669,0.9274374503
0,185,24,0.9778395305,0.1496554752,-1.876075036,46.65703406
0,185,34,8.841219458e-05,8.39748378e-07,-1.862898498,0.1105211536
0,185,50,0.0001402802069,3.550069188e-05,2.165487778,0.7186033394
0,186,5,0.06277384913,0.02673654328,0.9356475628,8.655735967
0,186,17,0.0007536406446,3.052661545e-07,2.691506731,0.02924763132
0,186,24,0.6064000502,0.2364563949,0.1376448896,25.74108825
0,186,34,8.596374068e-05,2.529223174e-08,1.450551875,0.008418698335
0,186,50,0.2331011699,0.1202725866,0.4531802444,18.35839446
0,187,5,0.0172238085,0.006621409884,1.434196021,2.206032317
0,187,17,0.0003644957445,2.046895424e-07,2.483883103,0.01226547754
0,187,24,0.2131699421,0.09182102979,0.1828421278,8.215002756
0,187,34,0.0001797622152,1.126796929e-08,1.482306037,0.0028777924
0,187,50,0.5645983012,0.4018883157,-0.1487681379,17.18657446
0,188,5,0.0003844595792,5.232336984e-05,0.8854701613,1.347924998
0,188,17,2.891638049e-05,8.994450027e-08,0.2349902789,0.05588627726
0,188,24,0.005646228393,0.0004717067397,-2.957735815,4.047192999
0,188,34,8.071405259e-06,2.318621743e-08,-1.739072281,0.02837480114
0,188,50,0.97527493,0.1037367697,0.266458471,60.01837526
0,189,5,0.07892796647,0.03084313058,0.807238745,7.150892199
0,189,17,0.0001999239437,2.006226101e-07,2.542335183,0.01823773676
0,189,24,0.254115534,0.106844267,0.1326064795,13.30934297
0,189,34,9.413277028e-05,1.367494184e-08,1.469154886,0.004761499562
0,189,50,0.5145259802,0.2570653591,0.7468747984,20.64442463
0,190,5,0.6152801022,0.4213369546,3.072164763,18.81020417
0,190,17,0.0003247092378,2.51229623e-07,2.909114915,0.01452493364
0,190,24,0.1411037149,0.0689579876,-0.04222131904,7.609761106
0,190,34,2.480772799e-05,1.162385559e-07,1.124036527,0.009879929293
0,190,50,0.01218526949,0.006116359433,-2.581843364,2.266340883
0,191,5,9.238121415e-05,6.30140624e-05,-0.06228552109,0.9853186863
0,191,17,0.007227144966,0.0002424886629,2.553193676,1.93287469
0,191,24,0.9403675467,0.1759324527,2.158157267,52.06321204
0,191,34,1.366960748e-05,1.056753687e-05,1.941815586,0.4035012326
0,191,50,3.45362425e-05,2.934951679e-05,-1.133715326,0.6724476149
0,192,5,0.0002176082453,8.761713173e-05,0.9120677727,1.527078832
0,192,17,3.502294492e-05,1.392127664e-08,1.70858596,0.01924892467
0,192,24,0.002801469798,0.000118401873,0.9534401089,1.775195659
0,192,34,8.258351403e-06,5.649285674e-08,-2.671775489,0.03877606274
0,192,50,0.9783594734,0.1099975353,0.1314045764,54.10761836
0,193,5,0.0001106589584,3.189656467e-05,-2.230414783,0.8193455913
0,193,17,0.0005320507608,7.710696125e-05,0.07862220113,1.273919424
0,193,24,0.9750107176,0.1541772514,2.277945209,56.96463451
0,193,34,9.925291087e-06,9.291740882e-07,-2.311221171,0.1398439591
0,193,50,0.0001199640412,3.375221981e-05,0.707792727,0.8428423242
0,194,5,0.000540274589,0.0001168860653,-2.095043343,1.20723932
0,194,17,0.9730252904,0.08368158284,-1.98043809,32.3018165
0,194,24,0.0003432674917,3.047053984e-05,0.7342168283,0.6163850218
0,194,34,0.003797536925,0.001634106911,-0.8051739449,4.513903142
0,194,50,0.0001129156055,7.638272654e-06,-2.510672962,0.308609706
0,195,5,0.0001409100548,4.60839095e-05,1.759569122,0.778777655
0,195,17,0.002642054622,0.0002109963912,-2.741485929,1.666388801
0,195,24,0.9510023335,0.1845634367,-2.062761387,49.28464796
0,195,34,1.617594294e-05,4.636208163e-06,-2.588726929,0.2470132719
0,195,50,0.0002935026168,6.602822932e-05,0.5857989623,0.9321883049
0,196,5,0.06097268038,0.04493352897,2.16309678,8.319318911
0,196,17,0.0003330995162,2.027091681e-07,2.830187508,0.01767010801
0,196,24,0.1342426276,0.06201273081,0.09235979269,9.77333841
0,196,34,3.405905067e-05,2.010083321e-08,1.126233427,0.005564287207
0,196,50,0.5860288279,0.3910608557,1.520736829,24.5428324
0,197,5,0.9665891252,0.157282796,0.5826123935,65.96406028
0,197,17,6.994663063e-05,3.962959745e-08,2.367072635,0.03311132803
0,197,24,0.0003261789251,0.0001269495009,0.2157981951,1.874054723
0,197,34,7.674170024e-06,2.956451204e-07,-1.389011971,0.09043824522
0,197,50,0.0001372240527,1.971815556e-05,0.2261272797,0.7385840312
0,198,5,4.347652943e-05,1.341070155e-05,1.389045735,0.3982122776
0,198,17,0.003774054882,0.0002290904416,2.485795133,1.645858072
0,198,24,0.950952852,0.1686482259,-1.798240792,44.65599657
0,198,34,6.419442027e-05,1.064500077e-05,1.660183303,0.3547821374
0,198,50,8.184098936e-05,1.086980392e-06,1.022208288,0.1133704191
0,199,5,0.965763238,0.1594917606,1.480411243,69.07802421
0,199,17,2.108276462e-06,1.122233096e-08,0.4096665921,0.01832366391
0,199,24,0.0008810268429,0.0001128494329,0.236675888,1.837470907
0,199,34,2.497384719e-05,3.308247387e-08,-0.4608676465,0.0314608006
0,199,50,0.0001097337281,4.708603044e-05,0.9259522594,1.186907354
0,200,5,0.0001965210895,7.618519533e-05,0.8660796641,1.769647653
0,200,17,2.290306218e-05,1.198651124e-08,1.658141636,0.02219718544
0,200,24,0.002314667023,0.0001363089647,-0.1107961607,2.36708428
0,200,34,1.711696854e-05,1.034619709e-08,-1.617248648,0.02062252721
0,200,50,0.9799710985,0.1093552555,1.322770002,67.04576362
0,201,5,0.9841497269,0.1083799736,-2.805917687,58.34995054
0,201,17,0.0002015919725,2.438339359e-09,-0.7374646505,0.008752115621
0,201,24,0.0006433940595,4.373556903e-06,-2.774736386,0.3706665216
0,201,34,5.227041331e-06,1.680201758e-08,1.5468949,0.02297453284
0,201,50,0.002013015266,0.0008233269516,-2.299087588,5.085716394
0,202,5,0.03396869613,0.02530569206,1.972535076,9.073795772
0,202,17,0.0007182577159,3.0042125e-07,2.789469075,0.03126404846
0,202,24,0.8899173719,0.3349675253,0.1354055619,33.01271504
0,202,34,3.838999406e-05,5.566436045e-08,1.31119784,0.01345762748
0,202,50,0.02276809275,0.01676853995,-0.3708137599,7.386309742
0,203,5,0.0001762173008,9.807477725e-06,2.741798597,0.3458954082
0,203,17,0.9731163185,0.08191268718,2.057392784,31.61125355
0,203,24,0.0002397456757,0.0002010369342,-0.9475099152,1.566044353
0,203,34,0.003288578067,0.001508128781,1.021486948,4.289289364
0,203,50,0.0002546930804,0.0001096639822,-2.982309615,1.156639814
0,204,5,0.0001614291844,4.147511748e-05,-1.645785639,0.7030767024
0,204,17,0.001188832994,2.592093392e-05,3.06123339,0.5558200605
0,204,24,0.981085752,0.1229537661,-1.510981081,38.28069487
0,204,34,0.0001210492177,1.458405323e-06,1.647954841,0.1318402491
0,204,50,8.985288757e-05,1.847086052e-05,-0.4389954911,0.4691940101
0,205,5,0.06234610675,0.04771038375,-0.405757121,8.173277767
0,205,17,0.0007239556063,2.64687088e-07,2.548851633,0.019251128
0,205,24,0.1853047567,0.08244148958,0.1768563184,10.74391883
0,205,34,0.0001829978182,8.331762842e-09,2.12940026,0.003415531173
0,205,50,0.5507261036,0.3422801402,1.408486408,21.89175879
0,206,5,6.742987145e-05,3.580874992e-05,1.238166286,1.034240864
0,206,17,0.0002654931162,6.190453359e-08,-1.942932682,0.04300196894
0,206,24,0.00394494873,0.0003337979536,-0.2912553948,3.157686048
0,206,34,5.474170402e-06,7.525380519e-09,1.249794947,0.01499309683
0,206,50,0.9752515339,0.1335285421,-0.3636749668,63.1559347
0,207,5,0.1182597659,0.1111207545,-0.7437644078,6.914755411
0,207,17,0.00248567737,2.395332235e-07,2.16635412,0.01015224551
0,207,24,0.04686117924,0.02229895235,0.4589963553,3.09757237
0,207,34,0.0003655323064,9.096614229e-09,3.090232827,0.001978422856
0,207,50,0.6102039434,0.3195179164,0.421799837,11.72537766
0,208,5,0.07036272517,0.03500005471,1.598781757,6.233436017
0,208,17,4.935651521e-05,7.869465502e-08,2.578567695,0.009346860531
0,208,24,0.0148601772,0.007271509133,0.1043335177,2.841223653
0,208,34,2.990824435e-05,1.665896626e-09,1.139189111,0.001359931924
0,208,50,0.7226909392,0.3631178378,0.8320334353,20.07783756
0,209,5,0.000177075279,4.73766225e-05,-2.171543639,1.105955836
0,209,17,2.316507276e-05,2.574502054e-08,-0.7434678321,0.02578115427
0,209,24,0.001609188129,0.0008261985402,0.05663594566,4.618468096
0,209,34,1.515196002e-05,1.530307098e-07,0.1496194332,0.06285575287
0,209,50,0.9711834401,0.185157655,2.595411338,69.13955377
0,210,5,2.307655167e-05,7.787456691e-06,-2.274765029,0.6068144666
0,210,17,4.45018428e-05,1.169610447e-08,-2.767947399,0.02351682693
0,210,24,0.004948398016,0.001030638705,-0.093682723,6.980898568
0,210,34,1.488586493e-07,3.10430217e-08,-2.024111108,0.03831246525
0,210,50,0.970885198,0.1654512562,2.503093586,88.44904298
0,211,5,0.0001141946178,2.797019172e-05,-2.726210371,0.5749125975
0,211,17,0.972914905,0.08243138615,1.533225268,31.21047691
0,211,24,0.0003427327486,7.965023311e-05,-0.8824817765,0.9701695264
0,211,34,0.00304530048,0.001452691824,-0.04879965592,4.143247239
0,211,50,0.0001771596498,9.190313342e-05,-2.020431734,1.042123676
0,212,5,0.9670604747,0.1715236792,1.29012307,55.62502943
0,212,17,7.686796282e-06,1.328587342e-08,0.3184741658,0.01548115173
0,212,24,0.0008823461981,0.0003037401712,0.188459562,2.340773158
0,212,34,1.697696568e-05,9.812303451e-07,-0.5029930363,0.133043511
0,212,50,0.0002139376131,8.586323559e-05,0.4455636443,1.244548532
0,213,5,0.0001030370091,2.73549041e-05,-1.851179864,1.162497877
0,213,17,4.647637133e-05,3.744441716e-09,1.722395242,0.01360091441
0,213,24,0.004029153707,0.001102992812,0.164135271,7.381776831
0,213,34,5.47201185e-07,4.217036185e-08,-2.570965522,0.04564342588
0,213,50,0.9703482905,0.1691451611,2.663330383,91.41224169
0,214,5,0.9608115904,0.1746661004,-0.04929001606,64.92986064
0,214,17,0.0001213030107,3.424255022e-08,2.073090704,0.02874903088
0,214,24,0.0006407497514,0.0001288978877,0.3385285083,1.763855724
0,214,34,2.547673529e-05,1.712074336e-07,-0.9011649506,0.06428378904
0,214,50,0.001455023337,0.0007352487386,1.274040129,4.212668668
0,215,5,2.721464067e-05,1.948637283e-06,2.395808982,0.1444447222
0,215,17,0.971980606,0.07688153407,-0.1733921034,28.69109968
0,215,24,0.000718172567,6.668074991e-05,0.21289225,0.8449605089
0,215,34,0.002968099917,0.001411417181,2.763407582,3.887441565
0,215,50,0.0002408689054,0.0001001808961,-2.434368062,1.035687251
0,216,5,0.1324018199,0.06898626109,-1.8512449,8.042334039
0,216,17,0.001942922008,1.786377949e-07,2.013932986,0.01294158527
0,216,24,0.02768951617,0.000813817994,2.84800617,0.8735030943
0,216,34,0.0003345327481,6.533550352e-09,2.356157489,0.002475001263
0,216,50,0.5702694073,0.4762380857,-0.3878410667,21.13065044
0,217,5,0.3263214017,0.1494660569,-2.222072685,12.90071852
0,217,17,0.0006971203667,3.926158576e-07,2.74737635,0.02090867582
0,217,24,0.4245764224,0.1824530536,0.08011690115,14.25339034
0,217,34,0.0001304940807,7.642245251e-08,1.388449888,0.009224717947
0,217,50,0.1177829637,0.06699865969,-2.933473007,8.637253539
0,218,5,0.0001007444318,3.686029735e-05,2.988898429,0.7251236005
0,218,17,0.9734563263,0.08213430512,2.377969132,34.22905559
0,218,24,0.0002057064037,9.949351135e-05,-1.299522114,1.191324305
0,218,34,0.003965631764,0.001614592556,1.666468409,4.799147479
0,218,50,0.000512114249,0.0002845990093,-2.981834848,2.014880599
0,219,5,0.07291830481,0.03416061777,0.3166451341,5.072144246
0,219,17,0.0003794056958,2.497797709e-07,2.605581741,0.01371536499
0,219,24,0.3563383767,0.1455494768,0.1371086374,10.46969577
0,219,34,0.0001658280723,1.017300875e-08,1.791272559,0.002767919447
0,219,50,0.4281821295,0.2224587856,0.4517268109,12.94355337
0,220,5,0.000635587098,5.240719901e-05,-2.723786998,0.8393585011
0,220,17,0.001360533046,0.0001650260335,-1.402923089,1.489457959
0,220,24,0.9482865474,0.1995278091,-2.399384681,51.79093314
0,220,34,7.661720574e-05,2.711503427e-06,-0.07957155538,0.1909224935
0,220,50,0.0005549071239,0.0002801874061,0.380314257,1.940780073
0,221,5,0.9827661892,0.1025789551,-2.205607915,62.81668446
0,221,17,0.00010137409,5.033042e-08,-2.144871725,0.04400085869
0,221,24,0.001032705759,3.629488493e-05,-2.991997434,1.181594842
0,221,34,1.154582053e-05,8.717277754e-09,-2.114914872,0.01831202264
0,221,50,0.002330127707,0.0008849766036,-2.29640037,5.834609158
0,222,5,0.0002274039718,4.035227138e-05,0.9060470966,1.22175901
0,222,17,5.262647181e-05,8.556741382e-09,-1.343372412,0.01779122126
0,222,24,0.00648796001,0.0003835391945,-2.95863256,3.766660117
0,222,34,2.780913885e-06,7.07203573e-09,-1.824755977,0.01617423619
0,222,50,0.974313124,0.1102349339,1.407376746,63.85739246
0,223,5,0.0001912109988,1.448929411e-05,2.44020565,0.359783287
0,223,17,0.001791110903,0.0002093027637,-2.33756181,1.36742921
0,223,24,0.9504294435,0.1927054265,-2.164933233,41.49199753
0,223,34,3.031530981e-05,6.339116796e-06,-1.6439109,0.237975226
0,223,50,0.0002932422959,0.0001171587944,0.4692755888,1.023068748
0,224,5,7.779649061e-05,2.718256511e-05,2.667526686,0.6130202506
0,224,17,0.9739097233,0.08270474261,2.409358556,33.81386466
0,224,24,0.0002777115741,8.017230279e-05,-1.507262711,1.052790075
0,224,34,0.004248054706,0.001680263649,1.725827745,4.819681268
0,224,50,0.0002585735062,0.000165470443,2.925410827,1.512480617
0,225,5,4.505768654e-05,1.289498805e-05,1.158529187,0.4017388048
0,225,17,0.9725446828,0.07933251725,-2.558750879,31.51076367
0,225,24,0.000292884793,7.661323872e-05,0.7499143205,0.9792311544
0,225,34,0.002643720751,0.00130324693,-1.993714019,4.038747168
0,225,50,0.0005542165838,3.204576086e-05,2.481830231,0.6333132947
0,226,5,0.0001623427958,6.260848499e-05,-2.403007166,1.659338706
0,226,17,6.952132843e-05,1.441848046e-07,-3.082177132,0.07963027083
0,226,24,0.002686053213,0.0001666896945,-0.268584472,2.707527158
0,226,34,8.915220735e-07,1.527505819e-08,0.9558257277,0.02591850114
0,226,50,0.9652989915,0.1818556403,-1.612681967,89.42971235
0,227,5,0.2859036292,0.1361954677,-2.023199129,8.895236581
0,227,17,0.004982242943,4.914134586e-07,2.546884811,0.01689661462
0,227,24,0.5035554441,0.2097270198,0.2905176247,11.03832987
0,227,34,0.0002204477663,6.766443489e-08,1.222891939,0.006269839232
0,227,50,0.08818412272,0.04535021881,-2.659409352,5.132936232
0,228,5,0.9697295455,0.1476468164,-0.4597955671,64.6441755
0,228,17,0.000276720995,4.572482198e-08,-2.953629335,0.03597438422
0,228,24,0.0002545713392,7.856558545e-05,0.4314059518,1.491191889
0,228,34,5.616940363e-06,1.056158981e-07,0.02499096797,0.05467414565
0,228,50,0.0003101184824,1.232892887e-05,-2.598896621,0.5907177635
0,229,5,0.000142033041,0.0001144198699,2.816094568,1.131558235
0,229,17,0.9728885427,0.08397104155,1.975345173,30.65426836
0,229,24,0.000461550732,4.939811832e-05,0.8916341451,0.7435007107
0,229,34,0.004794908026,0.001842797436,0.7728918947,4.541140978
0,229,50,0.000225490481,0.0001210175191,-1.847083341,1.163724849
0,230,5,0.0001801291737,8.864578834e-05,1.13246668,0.3714283976
0,230,17,0.003958370271,0.0002122573586,-0.3567407824,0.5747479476
0,230,24,0.944213201,0.1030085121,1.097628283,12.66142563
0,230,34,0.000165445758,7.840459742e-06,2.062556437,0.1104629955
0,230,50,0.0001783703986,6.470501417e-05,-1.823839868,0.3173328409
0,231,5,0.000319590522,0.0001514032244,-2.060241489,1.726070206
0,231,17,8.603547559e-05,2.326978957e-08,2.945175267,0.02139868679
0,231,24,0.002588086263,0.0003600849548,-0.0214435976,2.661910088
0,231,34,3.347541868e-06,2.843964772e-07,2.924553918,0.07480885374
0,231,50,0.9600412889,0.2003453616,-2.779618824,62.78856248
0,232,5,0.03300653609,0.02880907141,-0.6935442053,6.136564741
0,232,17,0.001393256808,2.999139534e-07,2.599100425,0.01979971897
0,232,24,0.308194005,0.1307962778,0.1774032081,13.07550234
0,232,34,0.0001370658265,1.91968596e-08,1.725355172,0.0050092855
0,232,50,0.4534686766,0.3629486134,1.782146279,21.78127314
0,233,5,6.348826725e-05,1.662986091e-05,1.336577638,0.6929143006
0,233,17,0.0001642005081,1.600356036e-08,3.13308472,0.02149530057
0,233,24,0.004591125899,0.0001945296037,-0.727530874,2.369889338
0,233,34,5.170463967e-06,2.094195829e-08,1.716340113,0.02458916953
0,233,50,0.9741118205,0.1450105083,-0.5586407745,64.70456971
0,234,5,0.1770446486,0.08901575669,-2.077454687,9.446381503
0,234,17,0.005151176661,6.780503408e-06,-0.5436139935,0.08244475018
0,234,24,0.5616754792,0.2157732476,-3.02699787,14.70722837
0,234,34,0.0002556434389,4.582664635e-06,1.603974503,0.06777836296
0,234,50,0.1485816198,0.07005761653,0.590046189,8.380302897
0,235,5,8.27300777e-05,1.050865299e-05,2.01735892,0.4687243394
0,235,17,0.001946402232,4.277027676e-05,1.536118466,0.9456164319
0,235,24,0.9476629237,0.1928362577,-3.052811527,63.49482455
0,235,34,3.163419279e-06,2.410763364e-07,-2.495224074,0.07099393875
0,235,50,0.0007544263325,0.0003643476168,0.6418246433,2.759954654
0,236,5,0.003385646173,0.001470130191,0.6238404404,2.6747424
0,236,17,0.002538571898,2.755997372e-07,2.655996622,0.0366221185
0,236,24,0.934543924,0.3440416443,0.2125545448,40.91754525
0,236,34,9.483634851e-05,3.152142132e-08,1.681005502,0.01238531224
0,236,50,0.01895608146,0.01443699154,-1.133211753,8.381898839
0,237,5,0.008484067227,0.004346280189,1.331572516,5.467137192
0,237,17,0.00304715046,1.741779465e-07,2.794376988,0.03460968887
0,237,24,0.9460827745,0.3469119251,0.1777058468,48.84394421
0,237,34,6.002967346e-05,9.480010481e-09,1.007105291,0.008074311885
0,237,50,0.006512887042,0.00301277499,-3.028554302,4.551813513
0,238,5,0.9651619096,0.1650050641,2.032125578,59.68375155
0,238,17,0.0004478941667,1.201319744e-08,1.051902651,0.01610411209
0,238,24,0.0009969332135,0.0001472821405,0.003760121774,1.783128005
0,238,34,1.750198407e-05,5.600322957e-08,-2.179346558,0.0347707464
0,238,50,0.000571340691,0.0003074050616,0.2884334766,2.576101582
0,239,5,0.5402225264,0.2559356349,-2.467676316,18.22837563
0,239,17,0.001865665074,5.721175188e-08,2.570286855,0.008618371551
0,239,24,0.2531939129,0.08960760472,-2.981472879,10.78586609
0,239,34,0.0001450975975,5.092389175e-07,1.660578209,0.02571244544
0,239,50,0.04573751668,0.02182934295,0.06348200615,5.323569423
0,240,5,0.9664441414,0.0990442701,-2.08717018,41.35667854
0,240,17,0.000150447173,6.978022741e-08,2.133502201,0.03471340095
0,240,24,0.0008585539342,0.0001641986073,-2.987968931,1.68389772
0,240,34,3.637423448e-06,5.381879041e-07,-1.150197963,0.09640464077
0,240,50,0.0006462060414,0.0001172459983,0.7805141396,1.422918378
0,241,5,0.0002949082559,0.0001162401409,-2.357069647,1.907177941
0,241,17,1.390569642e-05,3.348444664e-08,0.2109510472,0.03236940483
0,241,24,0.002805716528,0.0002125520519,0.3597932672,2.5789671
0,241,34,6.322054299e-08,4.531677908e-08,2.294272124,0.03765673553
0,241,50,0.9616671709,0.190825996,-2.090561323,77.27373778
0,242,5,0.6261089439,0.2879435683,-2.366063044,17.91365821
0,242,17,0.000486005742,9.488873948e-08,2.541981552,0.01028342846
0,242,24,0.09663529584,0.01624438117,-2.821396232,4.254829662
0,242,34,0.000160296468,8.934817716e-08,2.264157754,0.00997868793
0,242,50,0.08265206019,0.07779221307,-0.9413473771,9.311049937
0,243,5,0.3955792185,0.240753178,-1.60158293,15.14810254
0,243,17,0.001093814465,3.873099462e-07,2.626215592,0.01921328155
0,243,24,0.1179080527,0.05866074364,0.01111947537,7.477320635
0,243,34,0.0001940134579,3.018769263e-08,1.723670494,0.005363980392
0,243,50,0.2384297264,0.2347111598,2.235111735,14.95681395
0,244,5,0.0003084995703,9.492924503e-05,-2.268090538,2.096955897
0,244,17,4.64676719e-05,5.174832502e-08,0.9853741971,0.0489595516
0,244,24,0.001248405918,0.0006871852261,0.08648361363,5.641910468
0,244,34,6.702467164e-07,9.191154453e-08,1.374909452,0.06524906837
0,244,50,0.9651615309,0.1870789297,-2.518126035,93.08971943
0,245,5,0.0001479483342,7.582144515e-05,-1.945603619,1.727531446
0,245,17,2.720363974e-05,3.283225781e-08,-0.7037367811,0.0359484614
0,245,24,0.001375699312,7.051004771e-05,-0.2126406995,1.665924967
0,245,34,1.919280628e-06,2.309162362e-08,-2.915834487,0.03014790705
0,245,50,0.9663713593,0.1749152987,-2.898580889,82.97434458
0,246,5,8.911014935e-05,2.330668978e-05,2.973117577,0.519938358
0,246,17,0.9734696107,0.08748696486,0.7401835399,31.85541267
0,246,24,0.0003083328802,6.213196601e-05,-0.2610792842,0.8489245801
0,246,34,0.005986339114,0.002050524601,-1.717942547,4.876902268
0,246,50,0.0003049739624,0.0001563177312,-0.7336564066,1.346528909
0,247,5,9.047779068e-05,6.134866939e-05,-1.512949979,0.9178933486
0,247,17,0.0003524653248,6.886611077e-05,-1.544822741,0.9725063089
0,247,24,0.9769862538,0.1530831138,-1.934036944,45.85147305
0,247,34,7.499048162e-05,6.682080303e-07,-1.122685841,0.09579558507
0,247,50,0.0001168561186,5.317273493e-05,2.215292265,0.8545434474
0,248,5,0.5901330958,0.3465530203,-2.975672096,16.75289209
0,248,17,0.0002842815563,4.514681477e-08,2.619920544,0.006046701147
0,248,24,0.1139029737,0.02328370319,-2.76572078,4.342411481
0,248,34,3.854511569e-05,2.219301302e-07,0.6163492034,0.01340642803
0,248,50,0.07652664419,0.06371513829,1.942951974,7.18333734
0,249,5,0.01470927286,0.01135724987,2.917908067,3.919675578
0,249,17,0.0005539427258,1.209693364e-07,2.467407265,0.012792375
0,249,24,0.04123294295,0.02048760492,0.1473028014,5.26452422
0,249,34,0.0001872517532,1.181327015e-08,1.38166601,0.003997593226
0,249,50,0.6748654762,0.5494663458,-0.341938996,27.26365525
0,250,5,4.459423052e-05,1.274662613e-05,1.162597291,0.3335123602
0,250,17,0.9725439541,0.0793315607,-2.558661254,26.31099725
0,250,24,0.0002928113616,7.642033509e-05,0.7465713431,0.8166176811
0,250,34,0.002643127861,0.001303007046,-1.993559396,3.37200098
0,250,50,0.0005532976778,3.172444296e-05,2.488731577,0.5261521055
0,251,5,0.01482704324,0.006816871339,0.455212045,5.830456727
0,251,17,0.001396796839,2.594312138e-07,2.798239194,0.03596840184
0,251,24,0.941825314,0.3468005255,0.1144272038,41.58626352
0,251,34,6.963868098e-05,3.086437895e-08,1.403057471,0.0124062006
0,251,50,0.002972585599,0.0005932143922,2.283832226,1.71995018
0,252,5,9.622578753e-05,9.883507551e-06,-2.143666436,0.2796846227
0,252,17,0.002058155539,3.340104236e-05,1.960734535,0.5141538001
0,252,24,0.9797821161,0.1169241885,1.747655463,30.42042114
0,252,34,1.040206402e-05,1.82312734e-06,2.34930792,0.1201217199
0,252,50,0.0001051943894,3.259299745e-05,0.0446555929,0.5078964663
0,253,5,0.0002119853188,6.007181263e-06,-2.370903822,0.2989462047
0,253,17,0.9733829221,0.08436165358,-0.2781071166,35.42666069
0,253,24,0.0001872500394,2.688464513e-05,0.4775332082,0.6324261657
0,253,34,0.005110783472,0.002058496808,2.590264701,5.533918704
0,253,50,0.0001167418398,1.426744057e-05,-2.297809178,0.4607132599
0,254,5,0.0001921317111,4.253334421e-05,-2.638089052,0.6685708577
0,254,17,0.9723520625,0.08438122418,2.307822894,29.77868993
0,254,24,0.0006987248034,3.718371036e-05,0.6527894783,0.625113731
0,254,34,0.004931414746,0.001859266216,1.443015623,4.420317511
0,254,50,0.0003506618732,0.0001873372035,-1.987364271,1.403119607
0,255,5,0.0001545602278,3.652233679e-05,-2.700166287,0.656005811
0,255,17,0.9724701837,0.08350387292,2.377650896,31.36763077
0,255,24,0.0007133629262,2.978155013e-05,0.6359272772,0.592382278
0,255,34,0.004501919982,0.001767842929,1.583337032,4.564048448
0,255,50,0.000260112257,0.0001332803876,-2.10976122,1.253174449
0,256,5,0.0002712165406,0.0001166449177,-2.188033008,2.059217852
0,256,17,4.03945286e-06,2.995430336e-08,-2.401276624,0.03299886449
0,256,24,0.002315521009,0.0005693447137,0.4178699604,4.549430453
0,256,34,8.873306577e-06,2.472911645e-07,0.5996234474,0.09481426525
0,256,50,0.9650587522,0.1939396299,2.966130391,83.96584545
0,257,5,0.0002096306409,5.047330422e-05,0.6670130135,1.22415568
0,257,17,2.154109727e-06,9.968441342e-08,-3.136435153,0.05440256949
0,257,24,0.007626684455,0.0007385067891,-2.965104598,4.682556536
0,257,34,1.78601956e-06,3.382785592e-08,-1.207285198,0.03169151637
0,257,50,0.9727291575,0.1009931743,1.122706584,54.75853177
0,258,5,0.0001784705173,6.623634237e-05,-2.466373177,1.660458182
0,258,17,7.344614203e-05,1.566435038e-07,-2.678914107,0.08074877931
0,258,24,0.002619239236,0.0001341846748,-0.2877003375,2.363367344
0,258,34,1.260961405e-06,5.498467334e-09,1.604487086,0.01512866464
0,258,50,0.9653585737,0.1813279575,-1.643377766,86.87846843
0,259,5,0.0003467851633,6.011304624e-05,0.8778788436,1.544710841
0,259,17,5.312168058e-05,8.068224799e-08,1.161001175,0.05659158026
0,259,24,0.005472375866,0.0004392503841,-3.003026185,4.175600119
0,259,34,4.726676908e-06,3.895678042e-08,-1.517546917,0.03932369826
0,259,50,0.9751860376,0.1067093519,0.1887059147,65.08247606
0,260,5,0.0002498213689,5.611326687e-05,-1.367001342,0.6035164564
0,260,17,0.9714447553,0.08227255194,2.824012577,23.10914216
0,260,24,0.0010279779,2.767412395e-05,1.444435039,0.4238315484
0,260,34,0.004086793138,0.001649016179,2.490913452,3.271664776
0,260,50,0.0005920347767,0.0002578472832,-2.3592911,1.29371204
0,261,5,5.90047662e-05,4.361113424e-06,-0.4615029844,0.2950404701
0,261,17,0.001533770185,5.783421144e-05,0.6814931979,1.074423032
0,261,24,0.9477024645,0.1989815684,-2.893659598,63.02158553
0,261,34,5.477629689e-06,1.550195398e-07,2.101555694,0.05562578105
0,261,50,0.0004344807839,0.0002063831677,0.8560679243,2.029644786
0,262,5,0.0001490368147,7.399984791e-05,-2.096984204,1.384250945
0,262,17,3.103412296e-05,1.109540354e-08,-1.469728406,0.01695004931
0,262,24,0.001179609861,8.367201091e-05,-0.284554783,1.471938004
0,262,34,4.208691631e-06,1.315308244e-08,-2.729524441,0.01845496331
0,262,50,0.9669890707,0.1674399851,-2.875185729,65.84594023
0,263,5,0.2570546281,0.2011956371,-1.236756037,13.45045309
0,263,17,0.003104611883,4.371372698e-07,2.357023509,0.01982606622
0,263,24,0.2885756612,0.1277807937,0.1753019509,10.7191519
0,263,34,0.0006691663964,2.288379664e-08,2.058131548,0.004536194571
0,263,50,0.2281865941,0.209229005,-0.5420390866,13.71635066
0,264,5,0.0001093839551,2.605027616e-05,-2.75898343,0.529437292
0,264,17,0.9726131179,0.08363102906,2.251869146,29.99798496
0,264,24,0.0006199005714,6.357555639e-05,0.591350828,0.8270912903
0,264,34,0.004689415847,0.001795937229,1.328412977,4.395962099
0,264,50,0.0003559409698,0.000196531012,-1.939023072,1.454199222
0,265,5,0.9666347929,0.1553969508,0.4616610239,68.65290645
0,265,17,4.255003436e-05,4.397615935e-10,2.565046195,0.00365213086
0,265,24,0.0002906128638,8.317372121e-05,0.2820613839,1.58829346
0,265,34,7.799456383e-06,1.384610371e-07,-1.53433104,0.06480394902
0,265,50,0.0002653643466,5.483365409e-05,0.869550145,1.289618562
0,266,5,0.0001477851817,0.0001128844596,2.896067458,1.268079781
0,266,17,0.9727998735,0.08405646802,1.956332351,34.60310474
0,266,24,0.0005005253377,5.18100395e-05,0.9267341244,0.8590856414
0,266,34,0.004911187027,0.001858299303,0.7344664406,5.14502312
0,266,50,0.0002426955453,0.0001366109927,-1.828577023,1.394993944
0,267,5,0.0001079142997,6.629846145e-05,-0.04513085534,0.8753253816
0,267,17,0.9723620919,0.07690826178,-0.4224972199,29.8129049
0,267,24,0.0003872719424,5.016915505e-05,0.01406128286,0.7614408813
0,267,34,0.00300469397,0.001400983602,2.306999864,4.023780882
0,267,50,0.0004139632323,4.270751648e-05,-3.025062346,0.7025382189
0,268,5,0.0001694424801,6.877075994e-05,-2.491499255,1.517229239
0,268,17,3.421048609e-05,3.477373548e-08,-0.2723361716,0.03411732439
0,268,24,0.001375130372,0.0001749927511,0.7985373182,2.420244942
0,268,34,5.035372263e-07,1.438071956e-08,-1.706510441,0.0219401504
0,268,50,0.9661254326,0.1780209669,-2.058778507,77.19423533
0,269,5,0.9700361254,0.1508828375,2.280700956,49.18515162
0,269,17,0.0001112719745,5.304363213e-09,1.500845064,0.009222118966
0,269,24,0.000835707281,1.647812555e-05,-1.011820561,0.5140057732
0,269,34,1.226850018e-05,5.823498231e-08,-2.867681981,0.03055667303
0,269,50,0.0001855809101,3.978796704e-05,2.114405983,0.7987115558
0,270,5,0.0002225180787,7.062418677e-05,2.267121911,0.4672666715
0,270,17,0.00116113103,0.0002238248676,0.8687710207,0.8318446803
0,270,24,0.9532439301,0.1251076733,-1.286879269,19.66663462
0,270,34,0.0001261863431,6.360232132e-06,-1.236773745,0.1402247127
0,270,50,0.0001842845643,4.741544117e-06,-2.235128973,0.1210731867
0,271,5,0.0174435257,0.009970486592,-1.584464502,3.003443282
0,271,17,0.0003971313437,2.330803126e-07,2.41951062,0.0145215861
0,271,24,0.02957823311,0.01126105171,-0.0009630300948,3.191910714
0,271,34,0.0001559561785,6.070872822e-09,1.687994591,0.002343618004
0,271,50,0.7440987073,0.3906016164,0.4100572391,18.79871987
0,272,5,0.1164203281,0.09568473049,2.782879765,5.942354872
0,272,17,0.0002937980656,2.968817826e-07,2.844065906,0.01046716426
0,272,24,0.1867394957,0.08743009407,0.09959105982,5.680253759
0,272,34,1.999946378e-05,4.883609908e-08,1.166303283,0.004245293766
0,272,50,0.4578167995,0.3659301509,1.779407168,11.62080898
0,273,5,0.9662858238,0.17758331,1.361095714,68.1656314
0,273,17,2.278869998e-05,1.106643507e-08,-0.2284183659,0.01701642244
0,273,24,0.00107456936,0.0003504066348,0.1605651505,3.027962895
0,273,34,1.358273631e-05,9.413965818e-07,-0.3292914514,0.156946161
0,273,50,0.0004482442075,0.000212501922,0.5476952438,2.358010962
0,274,5,0.0001118147685,7.285248721e-05,-0.04117505463,0.8431608775
0,274,17,0.9724048775,0.07692232937,-0.4040977173,27.39772291
0,274,24,0.00039965976,5.500755513e-05,0.03367038037,0.7326548465
0,274,34,0.002989543925,0.001399251833,2.343503952,3.695185097
0,274,50,0.0003535033647,3.454295519e-05,3.090367292,0.5805879262
0,275,5,0.0001876567665,1.904809544e-05,-3.109322322,0.5099825648
0,275,17,0.973464851,0.0854309157,-1.371993267,34.1536466
0,275,24,6.953296249e-05,2.045043994e-05,0.8176897432,0.5284219838
0,275,34,0.005342921211,0.001996350559,0.4236170644,5.220930986
0,275,50,7.123257436e-05,4.2652101e-05,1.919174034,0.7631321742
0,276,5,0.0001524205315,2.869720242e-05,-3.046558089,0.5236160081
0,276,17,0.9727809637,0.08206728356,1.543099862,28.00129803
0,276,24,0.0003100577411,9.189697778e-05,-0.7880602026,0.9370089719
0,276,34,0.002944057236,0.001418490771,-0.02834530369,3.681343919
0,276,50,0.0001727827826,9.086564037e-05,-2.064023767,0.9317362247
0,277,5,0.0001120051049,4.506062459e-05,1.063089894,1.258505203
0,277,17,2.733387955e-05,5.820688723e-08,1.238244973,0.04523177171
0,277,24,0.006019381417,0.0006806850042,-2.814806399,4.891358599
0,277,34,3.143070084e-06,1.043609803e-08,-1.34466567,0.01915250069
0,277,50,0.9736340715,0.1006530318,0.657050383,59.47984695
0,278,5,0.09758749241,0.0949626507,-0.8952588723,13.10470932
0,278,17,0.003514904078,3.584969967e-07,2.413785862,0.02546207182
0,278,24,0.8038327074,0.3085512084,0.1894469461,23.62188787
0,278,34,0.0002950532474,6.17095103e-08,1.634681428,0.01056396681
0,278,50,0.01012309236,0.008947809771,2.406505168,4.022623155
0,279,5,0.2227213616,0.1106419573,-2.50814618,11.28330996
0,279,17,0.000154339592,7.948537387e-08,2.255937114,0.009563573596
0,279,24,0.1565044283,0.04624564545,-2.8431485,7.294776935
0,279,34,8.151340666e-06,2.741019812e-07,0.8668460366,0.0177595796
0,279,50,0.4104241577,0.2947988591,1.652312572,18.4178738
0,280,5,3.536502686e-05,2.368220527e-05,-0.26394016,0.5844001325
0,280,17,0.006689452589,0.0002345229816,2.267416957,1.839043232
0,280,24,0.9403281353,0.1838580697,2.244411481,51.49209754
0,280,34,1.421687571e-05,9.553668495e-06,1.404803807,0.3711797876
0,280,50,1.605308855e-05,5.497038147e-06,-0.2583310038,0.2815552376
0,281,5,0.0129159175,0.0116689184,2.55082028,4.168021316
0,281,17,0.0005127483043,2.51589728e-07,2.503951975,0.01935356978
0,281,24,0.382683306,0.1581383638,0.1837492735,15.34381135
0,281,34,0.0001869634225,3.451058397e-08,1.387130404,0.007167880956
0,281,50,0.4118188885,0.3594883725,-0.4481056965,23.13433679
0,282,5,0.0001585747814,7.440616711e-05,-2.505594442,1.708576583
0,282,17,2.544002365e-05,8.349961263e-08,-2.88243435,0.05723638726
0,282,24,0.001735309751,6.170922432e-05,0.5771909539,1.555983641
0,282,34,1.092542213e-07,1.170385844e-08,-2.946481715,0.02142863528
0,282,50,0.9660088772,0.1763838571,-1.904636531,83.18775435
0,283,5,0.0006336436805,0.0003183153254,-2.081291337,2.202321367
0,283,17,0.002137286469,6.466355727e-05,2.329119716,0.9926170124
0,283,24,0.9526938692,0.1971325161,-2.698550945,54.80637156
0,283,34,6.028378161e-05,4.743717542e-07,2.229891936,0.08501808706
0,283,50,0.0002959224757,0.0001310905592,1.101084341,1.413310632
0,284,5,0.9694375648,0.1948709722,-0.1791744491,82.53079156
0,284,17,1.753161433e-05,3.008439221e-08,-1.862961861,0.0324274692
0,284,24,0.0009197205998,0.0003420706741,0.2136144527,3.457803872
0,284,34,3.626097672e-06,5.698165867e-07,-2.249948439,0.1411269572
0,284,50,0.0005672938044,0.0002471697192,0.8476798821,2.939273957
0,285,5,0.9766658393,0.1730815383,-0.391232234,85.29244625
0,285,17,8.720988116e-05,2.129905105e-08,-1.710982022,0.02992025734
0,285,24,0.0005838392264,0.0001291208803,-0.04443285064,2.329611151
0,285,34,1.509951437e-05,4.600466742e-07,-2.514371361,0.1390548513
0,285,50,0.000145751203,7.537761144e-05,0.1687157488,1.779944181
0,286,5,0.04467755784,0.02543160643,1.933512273,6.573881184
0,286,17,0.0002163646626,1.384502574e-07,2.749104402,0.01533846279
0,286,24,0.04592361478,0.02301848941,0.07420565401,6.254223013
0,286,34,4.424995693e-05,9.229627997e-09,0.9895250479,0.003960290572
0,286,50,0.689842625,0.4231947245,1.38666801,26.8166841
0,287,5,0.9694071397,0.1174175992,-1.451995739,42.82301661
0,287,17,1.63035928e-05,1.072624894e-07,2.208829682,0.04092932622
0,287,24,0.0003647713902,1.428405285e-05,3.058986389,0.4723200518
0,287,34,9.814611391e-06,3.074222855e-08,-0.4945349522,0.021911814
0,287,50,0.0007673973829,0.0002014715117,-0.8757656438,1.773852408
0,288,5,0.9589841998,0.1832939235,0.3770210464,58.86228671
0,288,17,0.0001371119918,2.582013368e-08,0.2645367535,0.02209237158
0,288,24,0.0010045561,0.0001748761671,0.1867734915,1.818144552
0,288,34,2.185923236e-05,1.177896811e-07,-0.7673953895,0.04718638631
0,288,50,0.0008577422785,0.0004284089573,0.7755715153,2.845721318
0,289,5,0.0001814489849,7.629249256e-05,-2.525043712,1.846362891
0,289,17,2.067487293e-05,4.648891039e-08,-0.9343338516,0.0455775362
0,289,24,0.001418856417,0.0001518480789,0.7994377967,2.604838558
0,289,34,6.477090304e-07,2.174123756e-08,-1.824712332,0.0311686715
0,289,50,0.9661469187,0.1778947709,-2.02420235,89.15747331
0,290,5,0.0001349852048,3.1383325e-05,-2.579743132,0.7174717029
0,290,17,0.9728257144,0.08450417419,-0.6134492678,37.23011528
0,290,24,0.0002288124161,3.094268095e-05,1.230284752,0.7124169925
0,290,34,0.005147497315,0.002039851908,1.934125552,5.784350748
0,290,50,0.0003922487014,9.557840429e-05,-2.371097331,1.252088964
0,291,5,0.0001389471824,2.595223606e-05,-2.588513216,0.9050445667
0,291,17,9.906391462e-05,4.126130369e-08,-0.7374853739,0.0360872715
0,291,24,0.001502832616,0.0003580469242,0.3867702124,3.361650411
0,291,34,8.510538333e-06,1.395974941e-08,0.1714748747,0.02099043241
0,291,50,0.9703831607,0.1831890628,-1.131071108,76.0382905
0,292,5,0.1003599785,0.0712328751,-1.410738384,6.686679286
0,292,17,0.006266742239,4.6957048e-07,2.451586075,0.01716803738
0,292,24,0.6169135124,0.2536067102,0.319004765,12.61684091
0,292,34,0.0002429575732,3.47034334e-08,1.902887534,0.00466720072
0,292,50,0.1384997189,0.1343954313,2.148467481,9.184647846
0,293,5,0.0002101188689,7.181680081e-05,-2.849785696,1.047724117
0,293,17,0.9716400964,0.08102901868,0.5107888886,35.19283094
0,293,24,0.0008538515792,3.302747881e-05,-0.2977582956,0.7105123396
0,293,34,0.003614379026,0.001569377234,-2.182515578,4.897760988
0,293,50,0.0004971643096,0.0001812477759,-1.988142364,1.664448096
0,294,5,0.0002007424706,8.558504771e-05,-2.245787541,1.953950391
0,294,17,7.606503692e-05,4.931951064e-08,-2.943674671,0.04690552097
0,294,24,0.0011962302,0.0004836941267,0.4116890635,4.645152662
0,294,34,1.524677915e-06,1.656235502e-08,0.8260572892,0.02718163831
0,294,50,0.9663519022,0.1779339929,-2.345763026,89.09309516
0,295,5,0.0001863351701,3.998213902e-05,-2.634072509,0.6093971578
0,295,17,0.9723600744,0.08432520971,2.302809698,27.98634135
0,295,24,0.0006956322957,3.673411243e-05,0.6464415198,0.5841201491
0,295,34,0.004911546036,0.001854072728,1.432631494,4.149834672
0,295,50,0.0003520597877,0.000188475627,-1.98537389,1.323107132
0,296,5,4.024750097e-05,2.079105233e-06,1.239411358,0.2989929221
0,296,17,2.643716502e-05,4.802124871e-08,0.3854980543,0.04544011233
0,296,24,0.002579327587,6.412450761e-05,-2.383776961,1.660483994
0,296,34,9.468557461e-06,1.816535581e-09,-0.3590349864,0.008837809301
0,296,50,0.9796127402,0.141479235,-0.5174358739,77.99540603
0,297,5,0.0001475882764,1.341350265e-05,-2.630083858,0.4829548719
0,297,17,0.9744701624,0.08449256346,2.872401833,38.33051859
0,297,24,0.0001605880313,0.0001062866119,-1.657781442,1.359485981
0,297,34,0.005337123317,0.001908306963,2.639983189,5.760491887
0,297,50,0.0001958992793,0.0001010690123,2.623169679,1.325697577
0,298,5,0.0002276600508,1.85038265e-05,-2.304732328,0.5662863244
0,298,17,0.9740811179,0.08841040386,-2.646592522,39.14325951
0,298,24,0.0002407651371,4.335288426e-06,-1.252354998,0.2741033214
0,298,34,0.007341584374,0.002363196447,-2.136080427,6.39963511
0,298,50,4.101528102e-05,2.319905289e-06,2.996621183,0.200512027
0,299,5,0.0002426693073,6.487132427e-05,0.1722865285,0.9172956875
0,299,17,0.9720506241,0.08053562349,-2.853639639,32.32041902
0,299,24,0.0005400936211,1.709132902e-05,1.488174559,0.4708373289
0,299,34,0.003048697584,0.001431533158,-2.587777428,4.309071257
0,299,50,0.0005973431253,3.060849393e-05,3.042751006,0.630091978
0,300,5,0.9701488936,0.1505702111,2.289246164,58.68341347
0,300,17,0.0001698983607,5.481503414e-09,1.686247749,0.01119684542
0,300,24,0.0007542526952,1.779737289e-05,-0.8996866054,0.6380045678
0,300,34,1.244446495e-05,5.562918678e-08,-2.909208848,0.03566951413
0,300,50,0.0001590015722,3.715866388e-05,2.128560347,0.9218831624
0,301,5,0.5853162893,0.3466611066,-2.983009499,12.80014869
0,301,17,0.0005577645943,8.218248048e-08,2.580003331,0.006232353485
0,301,24,0.1563200762,0.04185034064,-2.895861571,4.447459004
0,301,34,6.400121342e-05,1.196898736e-07,0.7565872173,0.00752126965
0,301,50,0.05384700238,0.02754222626,1.32519243,3.607962174
0,302,5,0.01602335183,0.007950922229,-1.777163281,3.585431474
0,302,17,0.0006598736777,4.745742894e-07,2.623033267,0.02770031941
0,302,24,0.3224371723,0.1476292178,0.1400106578,15.44965668
0,302,34,0.00014559075,3.128820773e-08,1.516318444,0.007112512079
0,302,50,0.4824417566,0.2986692741,1.402345058,21.9749526
0,303,5,0.0001369930242,3.16334305e-05,0.6840356479,1.157823368
0,303,17,3.312898917e-05,1.970360291e-08,1.244006078,0.0288962834
0,303,24,0.00484439643,0.0002315934578,-3.141093908,3.132797389
0,303,34,5.876343649e-07,1.872625315e-08,1.461188085,0.02817050352
0,303,50,0.9760669766,0.1276879846,1.752447208,73.56041671
0,304,5,0.0003437545391,0.0001048598686,-2.370361655,1.816560076
0,304,17,6.938762286e-05,2.442671435e-09,-2.839392992,0.008767537612
0,304,24,0.002885337773,0.0003480924929,0.3751784499,3.309729031
0,304,34,5.480680124e-07,1.105534418e-07,1.763534832,0.05898359578
0,304,50,0.9613253341,0.18997137,-2.251455441,77.31952693
0,305,5,0.000315942356,0.0001145810006,-2.584310929,1.988232607
0,305,17,5.579134531e-05,4.271997606e-08,-1.059024518,0.03839073148
0,305,24,0.002728289382,0.0004301125213,-0.2489609941,3.852138821
0,305,34,2.480574314e-06,1.80440572e-07,2.253817453,0.07890017824
0,305,50,0.9650597969,0.1843287546,-1.707877363,79.74572874
0,306,5,0.9706590365,0.146049237,2.414429857,54.07341332
0,306,17,8.424181168e-05,1.773144966e-08,-2.194564735,0.01884110024
0,306,24,0.0003375388772,1.978908435e-05,-0.6109726327,0.6294293477
0,306,34,2.915805161e-06,2.46211518e-08,-2.709751398,0.02220180692
0,306,50,0.001264437706,3.964962853e-05,-2.289422443,0.8909507545
0,307,5,0.0001475618946,2.868388851e-05,-2.597494397,0.6007743285
0,307,17,0.9727726862,0.08458529397,-0.6158938579,32.62419357
0,307,24,0.0002666838408,3.321280342e-05,1.227427902,0.6464651554
0,307,34,0.005174177137,0.002047556354,1.929747599,5.075867602
0,307,50,0.0003908283671,8.932974581e-05,-2.362985988,1.060206354
0,308,5,0.0001932720039,5.780848734e-05,0.7402048251,1.612595016
0,308,17,0.0001396633445,6.978847134e-08,-2.540863583,0.05603009427
0,308,24,0.002968235754,0.0001767200757,1.04932232,2.81950231
0,308,34,1.708607254e-05,1.434109885e-09,1.780252105,0.008031944982
0,308,50,0.9778374337,0.1351783863,1.828226545,77.97998356
0,309,5,0.0001681914478,3.582457404e-05,-2.47779122,0.7752189794
0,309,17,0.9721688292,0.08396730115,0.3233924403,37.53089978
0,309,24,0.0009729487981,1.150797837e-05,2.886705033,0.4393730327
0,309,34,0.005578816629,0.002023760608,-2.513990634,5.826576439
0,309,50,9.83664001e-05,2.707745828e-05,-1.418062964,0.6739657501
0,310,5,0.0001637216032,3.393055296e-05,0.2282580915,0.6770911132
0,310,17,0.9733391412,0.08483078016,-2.130761037,33.85543323
0,310,24,0.0003258172941,1.927539638e-05,-0.2316963985,0.5103325906
0,310,34,0.005944741157,0.001988644128,-1.119402545,5.183584484
0,310,50,0.0002162240463,5.994328169e-05,2.667039387,0.8999572974
0,311,5,0.0002298112654,1.714403758e-05,0.8503725552,0.8560683769
0,311,17,0.0001359555608,1.686817744e-08,1.945432584,0.02685257758
0,311,24,0.003455075988,3.89297974e-05,-2.633627419,1.290009686
0,311,34,1.438694626e-05,1.933920878e-08,-0.3879185334,0.02875221124
0,311,50,0.9793956482,0.1290909421,-0.3032467506,74.28477029
0,312,5,0.9771138849,0.1819904034,-0.4750875469,83.29835611
0,312,17,1.671333745e-05,1.945210421e-09,-0.9750713386,0.008611830646
0,312,24,0.0006822836032,0.0001842550899,0.09228589403,2.650464147
0,312,34,5.354221298e-06,8.241442534e-07,-2.354059531,0.1772612487
0,312,50,0.0002969391514,8.541021616e-06,0.3870445374,0.5706464205
0,313,5,0.000102140684,6.460519602e-05,-1.48496807,1.067452973
0,313,17,0.0004676468332,5.958245904e-05,-1.78011121,1.025118895
0,313,24,0.9777787546,0.1499085135,-1.879521084,51.41953866
0,313,34,8.860038997e-05,8.331068034e-07,-1.831958299,0.1212175124
0,313,50,0.0001434965394,3.790841344e-05,2.18880665,0.8176789755
0,314,5,3.686550804e-05,1.822047709e-05,-0.706277886,0.5734356573
0,314,17,0.006584309184,0.0002221116004,1.899401702,2.002121563
0,314,24,0.9403835766,0.1909851487,2.341716914,58.70899162
0,314,34,1.543797453e-05,8.895582566e-06,0.6589425931,0.4006747918
0,314,50,8.39680688e-06,4.381156035e-07,-2.543122073,0.08891994448
0,315,5,5.399346272e-05,2.129038231e-05,2.06311985,0.3829333976
0,315,17,0.003819762991,0.000234654293,2.03712343,1.271293326
0,315,24,0.9513202715,0.1579671647,-1.667529838,32.98488138
0,315,34,0.0001249069877,1.36708288e-05,0.9957954789,0.3068519852
0,315,50,0.0003356198584,2.660579305e-05,-0.03551654327,0.4280747575
0,316,5,0.596746699,0.2798617877,-2.447374647,15.32936442
0,316,17,0.0007778798288,4.119108002e-07,2.623271265,0.01859747298
0,316,24,0.1447972219,0.07178747444,0.1703528937,7.763841919
0,316,34,0.0001156227876,7.17498017e-08,1.41004534,0.007761804491
0,316,50,0.06536785847,0.05906118399,2.601403912,7.042119998
0,317,5,0.9820896372,0.1072647681,-1.926146941,60.39254263
0,317,17,7.987085444e-05,2.45011062e-08,-1.394044442,0.02886340823
0,317,24,0.00196212357,0.0001642603406,-2.974908978,2.363312353
0,317,34,1.901895445e-05,1.401362944e-07,-1.23470893,0.0690287613
0,317,50,0.001661353743,0.0006416163686,-2.266267767,4.670813029
0,318,5,0.0001481982536,6.626780766e-05,-2.374293083,1.760239417
0,318,17,9.846792988e-05,5.24825151e-08,0.2597943413,0.04953677852
0,318,24,0.001171349763,0.0002713852903,0.679060475,3.562161394
0,318,34,5.491708862e-07,5.329855889e-08,-1.462298396,0.04992041346
0,318,50,0.9662645254,0.1764104444,-2.172852955,90.82022793
0,319,5,0.9651842646,0.1669639741,0.8411806502,76.50509884
0,319,17,1.775343994e-05,3.036002676e-08,-1.926165101,0.03262346368
0,319,24,0.0006843822306,0.0001442276012,0.3095406383,2.248553287
0,319,34,1.946032272e-05,3.265100531e-07,-1.473842028,0.1069860794
0,319,50,4.453725808e-05,1.771981965e-05,1.338140466,0.7881495693
0,320,5,3.665020744e-05,1.041420209e-05,-2.732525354,0.6066159633
0,320,17,0.0001082143761,5.220650308e-10,2.600229493,0.004294999685
0,320,24,0.002309369824,0.0001276586739,0.6609448022,2.123860553
0,320,34,5.298329859e-06,1.298809108e-09,-0.5100433439,0.006774441504
0,320,50,0.9703913926,0.1747862289,-1.103118645,78.587675
0,321,5,0.0002498609132,7.11693689e-05,-1.816567426,0.8061541344
0,321,17,0.0008787607526,2.832277824e-05,-3.015796195,0.5085567866
0,321,24,0.9808211792,0.1279848061,-1.578625614,34.18619265
0,321,34,0.0001254829328,1.696464305e-06,1.992697232,0.1244640393
0,321,50,6.599412732e-05,4.312731616e-05,-0.6718096121,0.6275491484
0,322,5,0.0002067305315,2.101358341e-05,2.28660608,0.3631518549
0,322,17,0.002039068618,0.0002091774834,-2.419739244,1.145765324
0,322,24,0.9500987064,0.1918279387,-2.143623882,34.69717669
0,322,34,2.263250572e-05,6.267594408e-06,-1.829670397,0.1983301087
0,322,50,0.0003709498136,0.0001686934639,0.3852926354,1.028933568
0,323,5,0.9705318087,0.1309450729,-1.060142866,55.78041817
0,323,17,9.054643957e-06,6.19801751e-08,0.8047755605,0.03837634274
0,323,24,0.0005686713706,1.618679421e-05,0.3877185775,0.6201797869
0,323,34,2.185394758e-06,3.867417266e-08,0.2432316917,0.03031431092
0,323,50,0.0009576484341,0.0002088537805,-2.356635811,2.227708466
0,324,5,0.000256163334,0.0001294541636,0.270743763,0.689340423
0,324,17,0.004607729397,0.0002506704847,-2.710842512,0.9592401209
0,324,24,0.9447916662,0.14918073,1.844697058,23.4008751
0,324,34,1.438759249e-05,9.93027808e-06,-2.331963148,0.1909222043
0,324,50,5.804325378e-05,2.893880842e-05,-1.767950513,0.3259237864
0,325,5,0.0001591212254,5.381514474e-05,-2.69701879,0.7155266803
0,325,17,0.9739533037,0.08463244157,-1.636883448,28.37540121
0,325,24,0.0002338519017,4.339539658e-05,1.276407319,0.6425329543
0,325,34,0.004810487556,0.001801902028,-0.08713583947,4.140370093
0,325,50,0.0001264839689,2.851903919e-05,-1.226241911,0.5208840042
0,326,5,0.0001849943954,5.276368105e-05,-2.262298382,1.552234134
0,326,17,4.053439836e-05,1.474535535e-08,1.220786174,0.02594880174
0,326,24,0.001738844258,0.0001207176157,0.6283310365,2.347875213
0,326,34,3.604493239e-06,1.348991143e-07,0.33095851,0.07848636855
0,326,50,0.9654278427,0.1684812927,-2.193329512,87.71331588
0,327,5,0.000153285335,5.318496688e-05,-2.417424665,0.8183542105
0,327,17,0.9737852195,0.0839512863,-1.663256969,32.51326262
0,327,24,0.0001427673789,4.634664204e-05,1.176104188,0.7639343028
0,327,34,0.004509212396,0.001735729932,-0.137978469,4.675068204
0,327,50,0.0002873798636,2.555033242e-05,-1.46344362,0.5672116628
0,328,5,0.0003555962238,0.0001067803192,-2.376054807,1.949882139
0,328,17,6.520052594e-05,2.168188252e-08,1.412024553,0.02778505413
0,328,24,0.002857574198,0.0002994864861,0.3762982978,3.265512638
0,328,34,4.303555982e-07,4.800996431e-08,1.671602341,0.04134551875
0,328,50,0.9612644424,0.1910174865,-2.170992937,82.47063088
0,329,5,0.0001794256603,8.930322193e-05,0.9018275457,1.883751579
0,329,17,5.462080214e-05,1.447104981e-08,1.154769251,0.02397949786
0,329,24,0.0031932807,0.0003684500922,0.5228750052,3.826303369
0,329,34,2.200444539e-05,5.844804434e-09,2.426860951,0.01523965227
0,329,50,0.9777075462,0.1221400508,1.606278472,69.66571735
0,330,5,0.0002238659591,0.0001060463979,-2.034652444,1.908926804
0,330,17,7.091220951e-05,5.064904833e-08,-0.6111754532,0.04171833433
0,330,24,0.002247427372,0.0002021235096,0.005465011455,2.635419353
0,330,34,3.44676017e-06,1.07194952e-07,-2.988049846,0.06069158541
0,330,50,0.9628810223,0.1905484802,-2.873105505,80.91779878
0,331,5,0.1099619705,0.08052681232,-0.3021697247,3.915354269
0,331,17,0.003415552453,2.820848087e-07,2.279152282,0.007328087719
0,331,24,0.2318094993,0.0977964992,0.3596424405,4.314817828
0,331,34,0.0002984335672,8.05640602e-09,2.812196837,0.001238430054
0,331,50,0.4793632707,0.2401885514,0.666097041,6.76202795
0,332,5,0.000291737964,6.609706381e-05,-3.137403669,0.885229529
0,332,17,0.9712186239,0.07949906212,1.135687639,30.70052564
0,332,24,0.0006017523016,2.531073948e-05,-1.408949882,0.5477939426
0,332,34,0.002442707049,0.001213634575,-0.8883740674,3.793226526
0,332,50,0.000265191982,7.212592263e-06,-3.056876169,0.2924223073
0,333,5,0.969201319,0.133171326,-0.9801694059,49.06625615
0,333,17,6.518172528e-05,1.22125526e-07,1.248060693,0.04698733172
0,333,24,0.0004551049347,6.075748073e-05,0.2024534764,1.048038987
0,333,34,2.159532671e-06,4.560864767e-08,0.3290702668,0.02871449332
0,333,50,0.002138726931,0.0002959362057,-1.976732045,2.313005207
0,334,5,0.000353344971,2.769511859e-05,-2.940242506,0.7939006711
0,334,17,4.125188933e-05,1.069954141e-07,1.908889495,0.04934545256
0,334,24,0.003112088882,0.001048587904,0.1793405272,4.885027087
0,334,34,6.908379535e-06,9.944306161e-09,3.007180422,0.01504360071
0,334,50,0.9701696634,0.1779067987,-1.262220145,63.62983938
0,335,5,0.0183469079,0.005115593333,0.6375496437,2.095364227
0,335,17,0.0002401449147,1.391762658e-08,2.229656018,0.003456162141
0,335,24,0.03538761169,0.006229643453,-3.097481987,2.31229433
0,335,34,3.747751868e-05,1.241101901e-08,-1.596704378,0.003263737633
0,335,50,0.7606725793,0.3807417175,0.821328042,18.07701636
0,336,5,0.9669419565,0.1677814834,1.191802896,57.00801271
0,336,17,3.556017841e-05,5.96997888e-08,-0.9442791863,0.03400558765
0,336,24,0.0006785769994,0.0002803515147,0.211002455,2.330318808
0,336,34,1.036923207e-05,9.556294099e-07,-0.5618249788,0.1360531622
0,336,50,0.0002247986123,4.869350798e-05,-0.05819827352,0.971179303
0,337,5,2.539793784e-05,1.495764154e-05,1.720172509,0.3296624384
0,337,17,0.004377896041,0.0002210818066,2.539938551,1.26740206
0,337,24,0.95024966,0.1709212428,-1.815654093,35.24000222
0,337,34,5.843602724e-05,9.574650891e-06,1.736726345,0.2637541976
0,337,50,1.484535287e-05,8.097232697e-06,1.620011542,0.2425527574
0,338,5,0.0004578493174,0.0001546810166,0.4543760754,0.8122970728
0,338,17,0.001613191176,0.0002199853872,-2.310311888,0.9687089137
0,338,24,0.9493730933,0.1360269931,1.689237286,24.08845403
0,338,34,2.18348107e-05,8.319956601e-06,-1.454209878,0.1883895938
0,338,50,0.0003090912443,3.747010485e-05,-1.361507537,0.399796358
0,339,5,6.004933006e-05,2.778533344e-05,-1.002468664,0.3370540273
0,339,17,0.00299937751,1.300674653e-05,1.911838658,0.2306088939
0,339,24,0.9795686431,0.1116301397,-1.219100803,21.36399405
0,339,34,9.589998984e-05,1.828465781e-06,-0.1286217632,0.08646396213
0,339,50,6.883375095e-05,1.745542474e-05,-1.167112717,0.2671510741
0,340,5,0.1161380469,0.05727622596,-2.242596943,5.320469886
0,340,17,0.002461499398,1.866155243e-07,0.493517725,0.009603657809
0,340,24,0.3286511362,0.1284672366,-3.057244352,7.968177202
0,340,34,3.012795622e-05,1.009914737e-06,1.088410816,0.0223411306
0,340,50,0.40603994,0.2080602504,1.067951029,10.14045287
0,341,5,0.0002235645324,0.0001081971381,-2.386976613,1.724698993
0,341,17,1.250299209e-05,7.220524381e-08,1.533050222,0.0445543172
0,341,24,0.002781247391,0.0001447161983,-0.0005666534478,1.994637573
0,341,34,3.772540617e-06,1.072351779e-07,0.1368627167,0.05429677827
0,341,50,0.96434078,0.1895143774,-3.061695159,72.1816
0,342,5,0.0002883836644,4.552220994e-05,3.12906125,0.7950054304
0,342,17,0.001497237237,0.0001905910239,-1.808421765,1.626708171
0,342,24,0.9495040897,0.1971394551,-2.296036992,52.31728551
0,342,34,5.206238367e-05,5.128073353e-06,-0.6832995515,0.2668305436
0,342,50,0.0004644397449,0.0001168258572,0.7709465214,1.27358494
0,343,5,0.0001572220756,7.894362474e-05,-1.913991597,1.665297716
0,343,17,5.117806935e-05,2.152579158e-08,-1.278805538,0.02749874794
0,343,24,0.002935332938,0.001078200891,0.2984683666,6.154364267
0,343,34,1.866467425e-06,1.349320202e-07,-2.897453739,0.06884792663
0,343,50,0.9692431212,0.1784413811,2.788817134,79.17373672
0,344,5,0.0001805357342,3.965555854e-05,-2.638774735,0.6848361838
0,344,17,0.9723690497,0.08434029121,2.301280937,31.58291497
0,344,24,0.0006954936849,3.726069565e-05,0.6401064142,0.6638349938
0,344,34,0.004918940087,0.001855127395,1.429261364,4.684050108
0,344,50,0.0003517776506,0.0001887003407,-1.9826509,1.493898204
0,345,5,0.0001917518295,9.223550628e-05,0.7426516371,1.993990228
0,345,17,2.630572497e-05,1.69988597e-09,0.4128532079,0.008560198832
0,345,24,0.002302432626,0.0002461562745,0.2400067069,3.25746241
0,345,34,2.281686166e-05,1.616712016e-08,-2.473583908,0.02639917109
0,345,50,0.9784814762,0.1158533555,1.455894892,70.66888937
0,346,5,0.0002187035934,8.065781065e-05,-2.475565272,1.424020437
0,346,17,0.001175845399,9.750138761e-05,-0.9578050006,1.565663422
0,346,24,0.9676424078,0.1633755633,2.508565572,64.08945172
0,346,34,4.75612086e-05,1.633092454e-06,1.169251942,0.2026275033
0,346,50,0.0001515905628,7.370176376e-05,0.507060655,1.361231366
0,347,5,0.0002176596443,9.526232414e-05,-2.492689487,1.548172458
0,347,17,7.691947119e-05,4.308426585e-08,0.09979127017,0.03292441743
0,347,24,0.002981806447,0.0002927240662,-0.3288554681,2.713863283
0,347,34,1.425566909e-06,1.282888884e-07,2.090916857,0.05681372592
0,347,50,0.9646688866,0.1788341858,-1.753047268,67.0786049
0,348,5,0.01419001825,0.006029206196,2.723693069,3.141099195
0,348,17,0.0001919272899,2.876876288e-08,2.567073673,0.006861391125
0,348,24,0.0595493382,0.01444526402,-2.728608282,4.861992953
0,348,34,2.023917765e-05,1.241314664e-08,2.272369734,0.004507051556
0,348,50,0.7096217678,0.4429730752,1.416426636,26.92404129
0,349,5,0.0002348788478,8.901785553e-05,-2.137159365,1.94694635
0,349,17,2.651382512e-05,7.893368347e-11,1.381017876,0.00183335516
0,349,24,0.001928536828,0.0002302231967,-0.1375478639,3.131049692
0,349,34,3.039791518e-06,7.204186378e-08,2.273707542,0.05538700608
0,349,50,0.9640336174,0.1829944658,-2.685978025,88.27432354
0,350,5,0.9674571085,0.1718420465,0.307543832,75.82837488
0,350,17,4.09083065e-05,2.546663331e-08,0.3634459618,0.0291912571
0,350,24,0.0007254460688,0.0002608090667,0.115787852,2.954121632
0,350,34,7.682586687e-06,6.151802305e-07,-2.366008258,0.1434723512
0,350,50,0.0001468703821,8.592533438e-05,0.583291673,1.695616546
0,351,5,0.0001950220595,6.889432662e-05,-2.318472495,0.9301306003
0,351,17,0.9723323751,0.08432321074,1.350442852,32.540616
0,351,24,0.000749306073,5.095103077e-05,2.141109174,0.7998870944
0,351,34,0.005274017743,0.001932010765,-0.4757958693,4.925575422
0,351,50,6.950385174e-05,3.17272938e-05,-3.065213804,0.6312025107
0,352,5,0.0001458656721,6.657044675e-05,0.4241039262,0.7213268576
0,352,17,0.9724455081,0.07920088659,-2.764119134,24.88034446
0,352,24,0.000256856707,4.667839341e-05,0.7997413385,0.6040172158
0,352,34,0.002706084039,0.001313269263,-2.405283182,3.203821098
0,352,50,0.0005168169348,1.954908433e-05,2.865794577,0.3908900153
0,353,5,0.002220671562,0.0008483852787,0.8566524841,1.953259954
0,353,17,0.002883707104,2.202620849e-07,2.769922308,0.03147265326
0,353,24,0.9461618544,0.3487876397,0.1637386592,39.60445373
0,353,34,8.147695672e-05,1.916620467e-08,1.384566266,0.009283923327
0,353,50,0.01292638011,0.006074810147,-2.219774268,5.226727269
0,354,5,0.01031648578,0.006711523572,-0.1348048263,4.432535708
0,354,17,0.00353343077,3.112230904e-07,2.497010634,0.03018405534
0,354,24,0.8882358109,0.332682018,0.250194042,31.20731082
0,354,34,0.0001709199094,2.756256217e-08,1.733841152,0.008982587909
0,354,50,0.04173577982,0.03540946285,-0.5139679351,10.18125588
0,355,5,0.01977173404,0.009922889437,-1.835931152,3.396336205
0,355,17,0.0007026580296,6.174083077e-08,1.589533911,0.008471841715
0,355,24,0.09202317422,0.02664718586,-3.053589149,5.565667712
0,355,34,6.490451816e-06,1.848722918e-08,-0.1412571248,0.0046358301
0,355,50,0.6781775464,0.419295574,1.407142461,22.07759375
0,356,5,0.9571315997,0.1841935555,0.4284414744,56.0349436
0,356,17,0.0003195176269,7.363946354e-08,0.292349733,0.03543047964
0,356,24,0.001475685666,0.0001445642195,0.1530029894,1.569828219
0,356,34,2.879581363e-05,8.878855409e-08,-0.8574794491,0.0389045338
0,356,50,0.001141998537,0.0004614057192,0.7784386482,2.80455015
0,357,5,9.627167922e-05,4.364877507e-05,-1.753221455,0.7821621932
0,357,17,0.00246630711,0.0002096721064,0.9380517104,1.714277476
0,357,24,0.9467876915,0.2020187616,2.554992852,53.21163972
0,357,34,5.620268906e-05,7.342580045e-06,-1.342857266,0.3208005724
0,357,50,0.0003178154465,1.206114582e-05,0.8160069883,0.4111545245
0,358,5,0.9612654856,0.1787672355,0.8501859518,69.37069464
0,358,17,4.216510252e-05,2.110199698e-08,-2.901866172,0.02383383122
0,358,24,0.001013302979,0.0002449935427,0.1501216941,2.568085035
0,358,34,2.058175454e-05,3.279188946e-07,-1.750548558,0.09395400593
0,358,50,0.0007748586709,0.0002619018742,0.7777141577,2.655225342
0,359,5,0.0007262726535,0.0001578095818,-1.427386773,1.720931051
0,359,17,0.002541748305,0.0001024271827,-0.9040240919,1.3864506
0,359,24,0.945765013,0.2170577392,3.004521242,63.82405952
0,359,34,2.764514363e-05,5.952293099e-07,3.002904849,0.1056912272
0,359,50,4.739335852e-05,1.694731813e-05,0.8302351063,0.5639586695
0,360,5,0.9709841017,0.1186095786,3.021482261,54.34061695
0,360,17,0.0005883913897,3.330962821e-07,1.90166624,0.09106459827
0,360,24,0.0003007994232,1.08210593e-05,-2.265113097,0.5190384987
0,360,34,2.982767555e-06,5.613843457e-08,-2.575458329,0.03738478027
0,360,50,0.000937583701,0.0001629896942,-3.118921536,2.014395562
0,361,5,0.0002473216148,4.404401921e-05,2.470711223,0.7773548696
0,361,17,0.9727955927,0.08421021417,1.24999473,33.99055358
0,361,24,0.0002091952982,7.344824794e-05,-1.308033475,1.003844796
0,361,34,0.003527183093,0.001593351186,-0.6444521869,4.675538158
0,361,50,0.0004763047839,1.52122788e-05,1.147971091,0.4568493275
0,362,5,6.338888664e-05,2.579739074e-06,1.410222125,0.310281676
0,362,17,2.928955569e-05,5.132503221e-08,0.4339440534,0.0437655966
0,362,24,0.00277506833,7.180655684e-05,-2.464037964,1.637006067
0,362,34,7.626017254e-06,2.968775665e-09,0.1584390695,0.01052584398
0,362,50,0.9790076152,0.1424209813,-0.5269173906,72.90464921
0,363,5,0.04834297172,0.03552437672,-0.3926293475,4.360526657
0,363,17,0.0007269940468,2.942000452e-07,2.655870129,0.01254865212
0,363,24,0.2499673091,0.1085903471,0.0866943303,7.623796985
0,363,34,0.0001482713498,1.368016225e-08,1.832818947,0.002705959776
0,363,50,0.5068984533,0.3333756118,1.498618865,13.35803648
0,364,5,0.0002239592378,0.0001084370947,-2.345340975,2.055594024
0,364,17,5.720828729e-06,3.648142105e-08,-0.7627699314,0.0377037271
0,364,24,0.003039207465,0.0001007676552,0.2666759867,1.981568028
0,364,34,2.139705939e-07,2.043237977e-08,1.8243946,0.02821680819
0,364,50,0.9625052741,0.1834494365,-2.046629538,84.54863508
0,365,5,0.0002050653451,2.53109776e-05,-3.027241829,0.6320561318
0,365,17,0.973710863,0.08670234988,-2.419397216,36.9927505
0,365,24,0.0003940643613,4.500403567e-06,-0.5898756852,0.2665182294
0,365,34,0.006731075144,0.002187791705,-1.692165682,5.876302914
0,365,50,0.0001721868624,3.057471804e-05,3.014192193,0.6946761993
0,366,5,0.000280976994,2.604092516e-05,-3.007140158,1.100099797
0,366,17,5.417170502e-05,7.809235538e-09,1.980298419,0.01905057729
0,366,24,0.00238502656,0.0006460373825,0.3951378038,5.4793962
0,366,34,1.214687581e-05,6.631699408e-09,-2.367285171,0.01755562503
0,366,50,0.9733158843,0.1720446416,-1.10890817,89.41789774
0,367,5,0.9715650076,0.1165098124,3.062189945,54.55787822
0,367,17,0.000538815807,2.361618526e-07,1.981228151,0.07767496999
0,367,24,0.000237230687,6.896544362e-06,-2.211454395,0.4197512399
0,367,34,9.691908067e-06,4.314309473e-08,-2.616722841,0.03319952483
0,367,50,0.001192319385,0.0001105965522,-2.817532314,1.680919884
0,368,5,9.318996169e-05,3.788379555e-05,-2.551743402,0.8101368276
0,368,17,0.9742441324,0.0896648608,3.138127764,39.41329756
0,368,24,8.387921033e-05,7.591455586e-05,-1.692878095,1.146817102
0,368,34,0.008104884454,0.002445062441,-3.116650332,6.508435573
0,368,50,0.0002608488888,5.082530553e-05,0.7317495695,0.9383646353
0,369,5,0.9662351097,0.1774444257,0.2991267959,78.45599308
0,369,17,1.68572156e-05,1.712305493e-08,0.5675453617,0.02437168569
0,369,24,0.000904202377,0.0002813930477,0.09920926351,3.12429206
0,369,34,7.437756258e-06,6.319129183e-07,-2.55266284,0.1480551643
0,369,50,0.0004629994142,0.0002539186099,0.6673982253,2.967851792
0,370,5,0.0005446504959,0.000212996451,-0.07336371155,1.569670975
0,370,17,0.9709022271,0.07679672671,-0.838239276,29.80532068
0,370,24,0.0004226090958,4.410055113e-05,-0.1876281449,0.7142404669
0,370,34,0.002824595343,0.001337046984,1.511953551,3.932744917
0,370,50,0.0006371838859,6.593748549e-05,-1.679929424,0.8733506237
0,371,5,0.000168720236,5.590078227e-05,2.264990669,0.7810598129
0,371,17,0.9729820068,0.08191302357,1.895985142,29.89866718
0,371,24,0.0003660542649,0.0002272004992,-0.8001211399,1.574635328
0,371,34,0.003167335061,0.001472923822,0.696398035,4.009271745
0,371,50,9.833006396e-05,4.579537929e-05,-2.743448251,0.7069459007
0,372,5,0.0003051159341,8.78822912e-05,-2.178048167,1.638438537
0,372,17,7.684009386e-06,2.424376355e-08,-2.404709559,0.02721319217
0,372,24,0.002169743134,0.001083872837,0.2522670552,5.753983802
0,372,34,1.890379878e-05,2.027511826e-07,0.3131459114,0.07869754176
0,372,50,0.9668059709,0.1942299794,2.782421522,77.02604529
0,373,5,0.0001098972774,4.002128496e-05,2.993162069,0.8133591232
0,373,17,0.9734010173,0.0820137653,2.375437796,36.81969644
0,373,24,0.0002117136066,0.0001047744643,-1.298261416,1.316026252
0,373,34,0.003914112204,0.001602460429,1.661440357,5.146719329
0,373,50,0.0005203419803,0.0002869745031,-2.968372496,2.178003054
0,374,5,0.0001290764223,3.361993305e-05,-2.633369488,0.6575076358
0,374,17,0.9724255037,0.08404955409,2.282647262,32.87532732
0,374,24,0.0006754333377,3.777417074e-05,0.6568809712,0.6969471527
0,374,34,0.004844336805,0.001830226534,1.389900123,4.851262807
0,374,50,0.0003649653207,0.000199292501,-1.962306619,1.600839742
0,375,5,0.9862970395,0.1112735623,-2.944829556,57.51344096
0,375,17,5.66288441e-05,1.819414829e-08,-1.238767391,0.02325622502
0,375,24,0.0005116180739,5.95113679e-06,-0.3393014565,0.4206039261
0,375,34,1.616125046e-05,1.623048918e-07,0.9907549929,0.06946070079
0,375,50,0.00111467953,0.0004930488046,-2.248123239,3.828408845
0,376,5,0.0003118785609,7.691400556e-05,-1.269536516,1.099614658
0,376,17,0.002242323964,0.0001629740557,-0.07118034935,1.600652445
0,376,24,0.9464576022,0.2137043193,2.79614023,57.96214588
0,376,34,4.151382827e-05,3.222975546e-06,-2.888266232,0.2250952398
0,376,50,0.0002353859549,0.0001317313882,0.07002696916,1.439071724
0,377,5,0.0001132297218,5.758451749e-05,1.155239236,1.346800017
0,377,17,9.513286068e-05,1.719962428e-08,2.7467242,0.02327607388
0,377,24,0.003368961952,0.0003327232521,-0.02283544541,3.237366164
0,377,34,5.114119089e-06,4.410735474e-10,-1.874488541,0.003727397876
0,377,50,0.9763901372,0.1250029114,-0.214207955,62.749506
0,378,5,0.9699273227,0.1490211659,-0.3637735391,57.97153252
0,378,17,0.000275502469,2.471009202e-08,3.137731387,0.02360630338
0,378,24,0.0001333244183,5.437123409e-05,0.5117525299,1.107325747
0,378,34,3.125617624e-06,1.287245443e-07,0.1849919479,0.05387924289
0,378,50,0.0001632951544,4.553543133e-06,-2.106147914,0.320453877
0,379,5,0.4471727437,0.3523161573,-1.264446112,6.91782025
0,379,17,0.000900431011,4.583203181e-07,2.648240896,0.00789019158
0,379,24,0.1205918524,0.06260555094,-0.3150056852,2.916147009
0,379,34,0.0003655296151,2.299727167e-08,1.768432351,0.001767425639
0,379,50,0.1683370732,0.1027064904,1.452676671,3.735097454
0,380,5,0.0002136832817,6.005321192e-06,-2.37806672,0.2890946018
0,380,17,0.9733799832,0.08436832914,-0.2781625619,34.26585606
0,380,24,0.0001872627706,2.69067983e-05,0.4772487963,0.6119315902
0,380,34,0.005111757796,0.002058954239,2.590189424,5.352974928
0,380,50,0.0001169003754,1.4116744e-05,-2.305580691,0.4432401893
0,381,5,0.0001328003318,4.804924855e-05,0.8319026232,1.422032488
0,381,17,2.046980777e-07,1.858023599e-08,0.9710674519,0.02796351953
0,381,24,0.006825607746,0.0007893116293,-2.886299563,5.763555363
0,381,34,5.78043401e-06,3.440561902e-09,-1.782012755,0.01203319367
0,381,50,0.9715132035,0.1019574746,0.5244469577,65.50519644
0,382,5,0.0007499176966,0.0001646698966,-1.365853578,1.832903617
0,382,17,0.002904319112,8.290396885e-05,-1.154288343,1.300529425
0,382,24,0.9448014104,0.2179805905,3.072779842,66.68703896
0,382,34,1.628781477e-05,6.271991976e-07,2.911201735,0.1131189249
0,382,50,0.0001729980463,3.545472932e-05,1.162763231,0.8504907782
0,383,5,0.9650991736,0.169054765,0.7595271979,74.93617258
0,383,17,1.515489656e-05,2.021352871e-09,0.4815471083,0.008194054857
0,383,24,0.0005672616398,0.0002023191287,0.3040557343,2.592365734
0,383,34,1.811566579e-05,3.613910675e-07,-1.721505505,0.1095636536
0,383,50,0.0001585846524,4.568616578e-05,1.454606435,1.231884966
0,384,5,0.2409707308,0.1107867561,-2.221352648,12.0669605
0,384,17,0.0008616974389,4.155550626e-07,2.636140046,0.02337051361
0,384,24,0.4641442684,0.197690152,0.09388876008,16.11931142
0,384,34,0.0003026977632,6.682494575e-08,1.43237475,0.009371805688
0,384,50,0.1513781309,0.1291333175,-1.26318478,13.02786118
0,385,5,0.7183382147,0.3360105107,-2.076210201,22.02968454
0,385,17,0.0007292863462,1.594144022e-07,2.563818919,0.01517384433
0,385,24,0.02392095293,6.908084507e-05,-2.284869125,0.3158716637
0,385,34,0.0001057198528,1.576572647e-08,2.15090306,0.004771872603
0,385,50,0.06696709811,0.03306420262,-2.617531176,6.910522316
0,386,5,3.654837251e-05,1.329561737e-05,1.521457855,0.6283037777
0,386,17,0.0001377431623,2.137645389e-08,-2.670022754,0.02519319499
0,386,24,0.004507226644,0.0001745203905,-0.8036768105,2.276347207
0,386,34,5.668860941e-06,1.46810927e-08,1.71143805,0.02087827469
0,386,50,0.9739359071,0.1468981254,-0.5811794278,66.04250591
0,387,5,0.979063229,0.1736382295,2.186192665,78.49140756
0,387,17,0.0002746486928,1.929890514e-08,-1.623941588,0.02616771363
0,387,24,0.000448636944,7.357450815e-05,0.208053625,1.615708934
0,387,34,3.362808433e-06,2.250609717e-07,-0.2998898327,0.08936131222
0,387,50,0.0001930332751,5.246416335e-05,0.8932994843,1.364365781
0,388,5,0.0001775999642,9.111171949e-06,3.120865111,0.4186055258
0,388,17,0.9742028184,0.0882124623,-2.784699778,41.18914793
0,388,24,0.0003291941885,2.129500516e-05,-1.532241158,0.6399657183
0,388,34,0.007290432245,0.002347370721,-2.407750089,6.719062442
0,388,50,3.844574821e-05,9.984208652e-06,-2.244483306,0.438202307
0,389,5,0.008007475682,0.00219668156,0.4001545725,2.171856868
0,389,17,0.001437303155,4.323810073e-07,2.634741699,0.03047059627
0,389,24,0.8096279886,0.320683317,0.1729389391,26.24132935
0,389,34,0.0001289581438,3.775210908e-08,1.533402097,0.00900364282
0,389,50,0.113915158,0.05659798476,0.8460336665,11.02422662
0,390,5,0.0001160069533,4.920406705e-06,2.087191848,0.4291039764
0,390,17,3.747661769e-05,5.480976353e-08,2.762369691,0.0452888197
0,390,24,0.003271918303,2.126577153e-05,-3.059997225,0.8920775499
0,390,34,6.657095667e-06,1.785391019e-08,2.480940683,0.02584810511
0,390,50,0.9721395115,0.1611406919,-0.8721251737,77.65414642
0,391,5,7.7311567e-05,1.156486328e-05,-1.738835328,0.7530733615
0,391,17,3.826907581e-05,2.883265664e-08,-2.361737556,0.03760186313
0,391,24,0.00438638895,0.001047729765,-0.02405529944,7.167895664
0,391,34,6.592133742e-08,4.181043131e-08,-2.314500989,0.04528030651
0,391,50,0.9713038929,0.1656036271,2.534098837,90.1160104
0,392,5,4.647347394e-05,6.741987148e-06,-1.205661526,0.3107057847
0,392,17,0.973023625,0.08032948644,0.2236159993,33.9150822
0,392,24,0.0004200685919,7.655996866e-06,-0.3204678977,0.3310977674
0,392,34,0.003664943989,0.001630345703,-2.752281957,4.831647369
0,392,50,0.0001618616017,3.425306526e-06,-1.803181699,0.2214649995
0,393,5,0.0001620127617,7.216637853e-05,-2.701892795,0.9831325803
0,393,17,0.9737290822,0.08521632681,-1.506551076,33.78360866
0,393,24,0.0002444810925,1.540636012e-05,1.76180211,0.4542497063
0,393,34,0.005290306557,0.001895054312,0.1850428426,5.03796868
0,393,50,0.0001613304402,7.350575014e-05,-1.03421735,0.9922138606
0,394,5,0.0002745682842,0.0001059596297,-2.330171315,1.806490269
0,394,17,2.087588898e-05,6.671739422e-08,-1.266887574,0.04532991956
0,394,24,0.002540860296,0.0003339367085,0.5894359941,3.206989157
0,394,34,2.473651773e-06,9.464924881e-08,-0.6064361176,0.05399132633
0,394,50,0.962303857,0.1909030743,-2.042470654,76.67819336
0,395,5,0.0001167685565,2.608143021e-06,2.188746259,0.1872790787
0,395,17,0.9721318557,0.07738784543,-0.2330828178,32.25967149
0,395,24,0.0006627690791,6.917065381e-05,0.1688039765,0.9644606277
0,395,34,0.003180255676,0.001469717457,2.655339819,4.445703442
0,395,50,0.0002679114889,9.234197619e-05,-2.753942422,1.11435392
0,396,5,0.001223744451,0.0001333255423,1.181192769,0.4766015576
0,396,17,0.01963295415,0.0002961170877,-0.9723864334,0.7102815154
0,396,24,0.9209976011,0.09509837511,-0.6778629232,12.72873738
0,396,34,3.567829675e-05,6.481761098e-06,1.231294407,0.1050861032
0,396,50,0.0004163038041,0.000127197663,-2.507273298,0.4655199997
0,397,5,0.1394745531,0.06844148736,-2.509344591,7.87493168
0,397,17,0.0006070491284,8.973560723e-08,2.394580722,0.009017153821
0,397,24,0.1006336935,0.02290109664,-2.791486854,4.555281448
0,397,34,0.0001575964244,2.508352522e-08,2.245874509,0.004767397465
0,397,50,0.5239557436,0.4020504956,-0.2692646624,19.08654744
0,398,5,0.0001133997537,5.764076834e-05,1.155936369,1.334490484
0,398,17,9.525862576e-05,1.719759458e-08,2.74815493,0.02305071779
0,398,24,0.003365935805,0.0003326039127,-0.02294590126,3.205636522
0,398,34,5.111241234e-06,4.425482634e-10,-1.867630187,0.003697693595
0,398,50,0.9763928199,0.1250119213,-0.214335866,62.14787956
0,399,5,9.371327984e-05,6.347616794e-05,-0.05407999511,0.8590332271
0,399,17,0.007228775585,0.0002424415286,2.554430965,1.678835403
0,399,24,0.9403196676,0.1760135723,2.158101572,45.2353225
0,399,34,1.374809549e-05,1.05789449e-05,1.945169085,0.3506919442
0,399,50,3.53569947e-05,2.98141635e-05,-1.141621528,0.5887296745
0,400,5,0.000250904562,7.129095781e-05,-1.83090343,0.6753031162
0,400,17,0.0008817895433,2.812931539e-05,-3.025119225,0.4241906682
0,400,24,0.9808245228,0.1278650505,-1.576700923,28.59943518
0,400,34,0.0001261511486,1.700122884e-06,1.976414645,0.1042849616
0,400,50,6.512455681e-05,4.461790835e-05,-0.6689729892,0.5342396688
0,401,5,6.974318106e-05,2.466623513e-05,1.28640862,0.9229476247
0,401,17,0.0001671029782,1.752605901e-08,-0.5748641053,0.02460184952
0,401,24,0.00476093175,0.0003185108455,-0.4556396477,3.31655906
0,401,34,6.874297246e-06,6.717408628e-09,2.580497163,0.01523093297
0,401,50,0.9739581219,0.1409841921,-0.4662890079,69.77676535
0,402,5,0.0001511053482,7.311408588e-05,-1.340720862,1.13541322
0,402,17,0.002672590272,0.0001774495309,0.3122718322,1.768849353
0,402,24,0.9467475492,0.208351101,2.698322686,60.61098183
0,402,34,5.679687605e-05,5.57914396e-06,-2.388000642,0.3136441583
0,402,50,0.0002770701509,0.0001421139536,-0.207387034,1.582966704
0,403,5,0.0002201346432,2.795015377e-05,-2.522941465,0.4862762194
0,403,17,0.9739188281,0.08684289758,-2.507889988,27.10554124
0,403,24,0.00020205315,8.990377234e-06,-1.01894699,0.2757908722
0,403,34,0.006705080557,0.00221334584,-1.870239043,4.327285705
0,403,50,0.0001915787359,3.227182851e-05,2.982551452,0.5225197583
0,404,5,4.46221413e-05,1.239111919e-06,1.573705522,0.2016708422
0,404,17,8.801028305e-05,3.436504785e-08,1.555720789,0.03358507491
0,404,24,0.003300857647,3.815220814e-05,-2.893757492,1.119045343
0,404,34,1.32952142e-05,3.171146155e-08,-2.135022347,0.0322623482
0,404,50,0.9740660241,0.1560434822,2.198481797,71.56664553
0,405,5,0.0003188296057,2.2300779e-05,2.982319891,0.536975642
0,405,17,0.001512732403,0.0002001711255,-2.02689746,1.60877491
0,405,24,0.9506432972,0.1936050469,-2.237692982,50.03258088
0,405,34,5.117735843e-05,5.664644444e-06,-1.050750436,0.2706330903
0,405,50,0.0003516039452,8.362864241e-05,0.3014959899,1.039853343
0,406,5,0.0009415098435,8.042506524e-05,1.40625329,0.486321549
0,406,17,0.01656788506,0.0002804961577,-0.6295250429,0.9082204177
0,406,24,0.9232069339,0.09877415763,-0.8228825447,17.04313445
0,406,34,7.288620847e-05,6.039655714e-06,1.929599745,0.1332704592
0,406,50,0.0004966142876,0.000219576511,-1.985407572,0.803564501
0,407,5,0.0002329242922,9.161993453e-05,-2.885071333,1.181641105
0,407,17,0.9715977203,0.08352470298,0.4536262622,35.6778004
0,407,24,0.00104558009,1.338430477e-05,3.099152299,0.4516359561
0,407,34,0.005441098013,0.001982844201,-2.256990739,5.497115945
0,407,50,0.0001700944543,1.126262009e-05,-2.403517144,0.4142955981
0,408,5,0.004742172947,0.00233765658,-2.007577181,1.769446356
0,408,17,0.002976213706,3.452172607e-07,2.504187426,0.0215027149
0,408,24,0.8100128867,0.3127482478,0.2343579479,20.46654281
0,408,34,0.0002107854093,3.818025973e-08,1.613833856,0.007150995173
0,408,50,0.1008674196,0.09847173609,-0.742568186,11.48425542
0,409,5,0.04631827971,0.04259566155,2.460432706,12.45044048
0,409,17,0.0006099781241,3.517310851e-07,2.829878297,0.03577728731
0,409,24,0.8708304464,0.3372199679,0.1310360817,35.03149519
0,409,34,1.210323775e-05,6.85644405e-08,1.289903993,0.01579615916
0,409,50,0.01927999617,0.01526620689,1.963003339,7.453626122
0,410,5,0.0002487507407,4.194556066e-05,2.560769546,0.7134218828
0,410,17,0.9729098483,0.08189267857,1.710567094,31.52288536
0,410,24,0.0002518127446,0.0001578782311,-0.7675785205,1.384090699
0,410,34,0.003023573444,0.001435014045,0.3156873047,4.172837767
0,410,50,0.0001669995152,6.947826462e-05,-2.948997384,0.9181801628
0,411,5,0.9637317746,0.1998397758,1.749356084,77.08336952
0,411,17,0.0003762453098,1.863238706e-08,-1.799514323,0.02353715527
0,411,24,0.00191839368,0.0004250159808,0.1342074493,3.554858788
0,411,34,2.9935512e-05,1.258197109e-07,-0.5948437076,0.06116374444
0,411,50,0.001083320975,0.0005300024887,0.5082318571,3.969709057
0,412,5,0.06820943116,0.04601976994,-3.122663064,6.239158926
0,412,17,0.001524545675,4.144114161e-08,2.124250854,0.005920654002
0,412,24,0.06430413111,0.01348789613,3.09791427,3.377737793
0,412,34,9.29712841e-05,3.823657622e-10,2.962223967,0.0005687132223
0,412,50,0.628636139,0.4396194111,-0.1321847866,19.28378393
0,413,5,0.0001894726193,5.285053223e-05,2.483077245,0.7210885567
0,413,17,0.9731376033,0.08532489273,1.563856337,28.97355572
0,413,24,0.0003832437339,3.48479763e-05,1.310463001,0.5855347875
0,413,34,0.005365871993,0.002008544541,-0.05027277131,4.445336632
0,413,50,1.661010848e-05,4.304929755e-06,-1.415381769,0.2058007512
0,414,5,0.000388052271,0.0001620709827,0.3422457962,0.8924024255
0,414,17,0.003685474115,0.0002429901645,-2.617023469,1.092703809
0,414,24,0.9471770743,0.1446997694,1.80024942,26.66502707
0,414,34,1.531854166e-05,9.659564514e-06,-2.13461372,0.2178647073
0,414,50,5.309892071e-05,2.853210783e-05,-1.599393848,0.3744337933
0,415,5,0.0001213377489,1.512195942e-05,0.1529711268,0.4323177724
0,415,17,0.9717738228,0.07782103203,-2.491596336,31.01326916
0,415,24,0.0003073946817,8.945398562e-05,0.6421812264,1.051474883
0,415,34,0.002353165393,0.001166609795,-1.85561402,3.797185944
0,415,50,0.0005276053943,7.277402436e-06,-2.367545677,0.299907448
0,416,5,0.1401933357,0.1291237223,-1.030429707,10.34171686
0,416,17,3.785830462e-05,8.492753327e-08,2.319529215,0.008387139757
0,416,24,0.03753230805,0.003800863995,-2.654542835,1.774315268
0,416,34,0.0001135442332,6.341269663e-09,-2.266219722,0.002291805386
0,416,50,0.5860155542,0.3508346728,1.360971138,17.046722
0,417,5,0.03173240553,0.009576759093,0.4691481138,3.207912287
0,417,17,0.001144216851,3.44312039e-07,2.834290031,0.01923487231
0,417,24,0.3782223597,0.1620539975,-0.0258693243,13.19602343
0,417,34,9.161680957e-05,2.491546244e-08,1.303757373,0.005174253233
0,417,50,0.43564136,0.2446322283,1.223898855,16.2132485
0,418,5,0.0745760031,0.04405427543,-0.1276572432,8.474081767
0,418,17,0.0009390076503,1.56943431e-07,2.290416133,0.0159944824
0,418,24,0.06463658207,0.03062954206,0.339938924,7.065922517
0,418,34,0.0001836758708,3.329438322e-09,3.013657669,0.002329614742
0,418,50,0.6687466784,0.3356299459,0.6447850213,23.3899326
0,419,5,0.0001921956247,3.559736273e-05,2.774903424,0.7180214293
0,419,17,0.9730283216,0.08456846754,1.299477025,34.99715366
0,419,24,0.0002081714916,7.485422604e-05,-1.253451584,1.041205986
0,419,34,0.003747761668,0.001648790225,-0.5382645245,4.886649567
0,419,50,0.0004654737017,2.088753553e-05,1.139517066,0.5500119112
0,420,5,0.003648823582,0.001341378599,-1.538993788,1.296067465
0,420,17,0.001198597839,1.193152841e-07,2.231977918,0.01222362342
0,420,24,0.02285860483,0.01090247039,0.2922044893,3.694999465
0,420,34,0.0002361068464,8.892643932e-10,1.696797427,0.001055279189
0,420,50,0.7021260429,0.5665378992,-0.3289422388,26.63584051
0,421,5,0.0003823626889,2.37589926e-05,-2.998817609,0.5866616846
0,421,17,0.002433190563,9.121572403e-05,0.8257994146,1.149498923
0,421,24,0.9587054465,0.1860539808,-2.430788079,51.9150405
0,421,34,3.139554131e-05,3.064846977e-06,-1.169200523,0.2107065866
0,421,50,0.000590675829,0.0001805903048,1.122623207,1.617413
0,422,5,0.9663551044,0.1654743185,1.063662025,74.41032278
0,422,17,3.692020697e-05,9.968555567e-09,-0.09821676716,0.01826349983
0,422,24,0.0007822213252,0.0003017262259,0.1923411587,3.177418487
0,422,34,1.055102108e-05,1.087274418e-06,-0.7393453428,0.190738109
0,422,50,0.0001781654956,3.544782834e-06,-0.01264830032,0.3443996527
0,423,5,0.9612737235,0.1786549883,0.8523018353,67.37368446
0,423,17,4.037526299e-05,2.206653999e-08,-2.834972877,0.0236782633
0,423,24,0.001026849537,0.000241901983,0.1510195576,2.479147914
0,423,34,2.075657644e-05,3.275542094e-07,-1.747571282,0.09122719408
0,423,50,0.0007674828834,0.0002543896411,0.7694738914,2.542333008
0,424,5,0.0002655239124,7.096418717e-05,-1.809009289,0.8238350466
0,424,17,0.001206749912,2.371022616e-05,3.052238531,0.4761990176
0,424,24,0.9807543256,0.1251253498,-1.528551737,34.59340404
0,424,34,0.0001207828988,1.590301176e-06,1.699839161,0.1233276162
0,424,50,8.162614583e-05,5.657872379e-05,-0.7122433918,0.7356093157
0,425,5,0.3563279857,0.3019547374,2.796830548,15.01182769
0,425,17,0.001482096844,1.649678345e-07,2.904912513,0.0110958936
0,425,24,0.03507923652,0.005397820479,-0.8571807291,2.007113192
0,425,34,4.467829593e-06,5.343776803e-08,0.924549077,0.006315195537
0,425,50,0.3537132335,0.1762615628,0.713894853,11.46941997
0,426,5,0.0002663811883,2.492528686e-05,-1.578456265,0.4343842605
0,426,17,0.9731498791,0.08129460073,-2.102432675,24.80760563
0,426,24,0.000344327906,5.36840729e-05,0.6142496638,0.6374949177
0,426,34,0.003117284158,0.001443326153,-1.060105636,3.305492976
0,426,50,0.0001649323785,1.547034851e-05,2.78345392,0.3422189439
0,427,5,0.0003233094811,0.0001247213901,-2.518497172,1.375785157
0,427,17,0.002779938554,7.839328177e-05,-1.07438914,1.090735809
0,427,24,0.9639996839,0.1682449287,2.528299259,50.53021422
0,427,34,6.235827762e-05,7.722098685e-07,0.9087209706,0.1082549645
0,427,50,0.0001071796625,4.310537453e-05,0.4722066759,0.8088087849
0,428,5,6.872381904e-05,3.361378763e-05,-0.4003672114,0.4862646332
0,428,17,0.9728625783,0.07938808564,0.1982755943,23.63151814
0,428,24,0.0003694100451,9.279173218e-06,-0.2715012166,0.2554868777
0,428,34,0.003395685071,0.001553662425,-2.801162481,3.305919613
0,428,50,0.0001879018438,3.407329659e-06,-1.892228571,0.1548178509
0,429,5,0.00149060884,0.0004880514455,1.373577642,0.937340862
0,429,17,0.004036645928,3.082582094e-07,2.53373604,0.02355711347
0,429,24,0.9486205086,0.3555822998,0.2759095181,25.30083273
0,429,34,0.0001178186651,3.393488113e-08,1.640737852,0.007816060534
0,429,50,0.005428354773,0.00110863111,2.082678225,1.412727109
0,430,5,0.0001009613704,1.625902291e-05,0.7897806996,0.8717706047
0,430,17,5.240935524e-05,4.255835782e-08,-1.812905623,0.04460129106
0,430,24,0.003124981203,0.0001372080018,-3.090537943,2.53247239
0,430,34,5.679825194e-07,2.543976495e-08,1.328133503,0.03448351646
0,430,50,0.9783809097,0.1348693881,1.891710077,79.39838943
0,431,5,0.05143230269,0.03067814788,-1.708510339,6.115777613
0,431,17,0.001071018332,7.993047841e-08,1.109937108,0.009871731233
0,431,24,0.175442463,0.06000732709,-2.962568519,8.553409365
0,431,34,3.084740272e-06,6.262209566e-08,0.5588998386,0.008737776165
0,431,50,0.5961708121,0.3158316643,1.133653956,19.62297954
0,432,5,0.0001456868567,8.885459759e-06,-1.68348631,0.38494105
0,432,17,0.9732777358,0.08499508671,-1.22114944,37.64880406
0,432,24,0.0003091621348,2.556646774e-05,1.39818861,0.6529646038
0,432,34,0.005568149571,0.002009261925,0.7231057191,5.788586824
0,432,50,7.992420301e-05,5.196009557e-05,2.387330066,0.9308704521
0,433,5,4.636893529e-05,1.31640171e-06,-2.667212113,0.2599558255
0,433,17,2.032280745e-06,8.569208759e-12,2.73541398,0.0006632476149
0,433,24,0.002441313701,0.0001724758181,-0.7486203603,2.975565003
0,433,34,1.108183296e-06,1.144300229e-08,-2.796591988,0.02423680272
0,433,50,0.9770340144,0.1580574043,2.282683078,90.07676034
0,434,5,0.0001982570139,8.715719564e-05,0.05891895987,0.9225030787
0,434,17,0.006313782617,0.0002485452521,3.030083237,1.557825957
0,434,24,0.9414318099,0.1656198255,2.018040004,40.21354517
0,434,34,1.39546004e-05,8.415343923e-06,2.930660113,0.2866501247
0,434,50,7.338734659e-05,1.815960005e-05,-1.786498989,0.4210845819
0,435,5,0.0001045283961,8.214402605e-06,-2.087194826,0.3364040697
0,435,17,0.001395252761,4.430530117e-05,1.619248927,0.7812699049
0,435,24,0.9801438738,0.1205600751,1.837852979,40.75444691
0,435,34,8.191290586e-06,1.744753275e-06,1.721955828,0.1550387506
0,435,50,7.657191698e-05,4.276199201e-05,0.0318978501,0.7675421119
0,436,5,9.244364589e-05,4.335243691e-05,1.131295882,1.118891214
0,436,17,0.0001897898486,3.796610159e-08,-2.935159863,0.03311151933
0,436,24,0.003831726978,0.0003905064455,-0.1164971817,3.358112253
0,436,34,5.577890068e-06,1.597100457e-09,0.5322057832,0.006791210988
0,436,50,0.9759029269,0.130182169,-0.2999764733,61.31360586
0,437,5,0.0002514399238,8.773599543e-06,-1.643748829,0.2986094787
0,437,17,0.9726538834,0.0841685606,-0.08082063892,29.24755966
0,437,24,0.0005786899988,2.335871544e-06,1.797175445,0.1540774788
0,437,34,0.00496616981,0.002006598045,2.977423197,4.515905837
0,437,50,8.624503343e-05,4.169374302e-05,-3.107527505,0.6509537422
0,438,5,2.341797053e-05,1.255471447e-06,0.6469162391,0.236559469
0,438,17,7.270031982e-05,2.395829445e-08,1.174331935,0.03267870708
0,438,24,0.002808842882,6.390174499e-06,-2.054672667,0.5336951737
0,438,34,1.623114975e-05,3.243236297e-08,-1.985948032,0.03802123439
0,438,50,0.9745942618,0.1589562994,2.263608809,84.17357801
0,439,5,0.1354624043,0.0633101075,-2.130049021,11.93445327
0,439,17,0.001360494784,4.351519461e-07,2.688458351,0.03128862426
0,439,24,0.73489805,0.2957960335,0.129810384,25.79658256
0,439,34,0.0001882561329,6.894249476e-08,1.470181276,0.01245401832
0,439,50,0.05095335843,0.02600630447,-2.162682499,7.649011684
0,440,5,3.076552675e-05,7.732724114e-06,-2.151503726,0.5394325524
0,440,17,5.285260368e-05,1.319398351e-08,-2.813701157,0.0222822407
0,440,24,0.004991654857,0.001060597376,-0.07341419553,6.31751333
0,440,34,1.206349185e-07,3.098818556e-08,-2.089317645,0.03414829045
0,440,50,0.9706813499,0.1658562205,2.511810558,79.00176154
0,441,5,0.0001467429582,6.940803538e-05,-2.177758255,1.82593391
0,441,17,7.644654121e-05,5.662825663e-09,-0.2262073037,0.01649289044
0,441,24,0.002511975317,0.0003140990655,0.6746938587,3.884306579
0,441,34,3.506638526e-06,1.404325409e-09,2.79464768,0.00821323133
0,441,50,0.9675985338,0.167288471,3.0634445,89.64233989
0,442,5,0.03075248824,0.02559803807,2.227270284,4.317622106
0,442,17,9.968302947e-06,2.268973403e-07,2.59725553,0.01285452375
0,442,24,0.2775570276,0.119781424,0.1056089194,9.33976662
0,442,34,0.0001395759022,3.509241687e-08,1.248504143,0.005055311581
0,442,50,0.4909536658,0.3668016377,-0.2175679497,16.3439461
0,443,5,0.37295288,0.1853861171,-1.964463237,14.20945714
0,443,17,0.001133793838,8.690707727e-08,2.15244127,0.009728960824
0,443,24,0.22649825,0.06278859303,-2.892390208,8.269500123
0,443,34,0.000191804715,7.799536767e-07,2.338058289,0.02914561925
0,443,50,0.2163495574,0.1545007916,-0.2283732042,12.97191925
0,444,5,0.0354727894,0.02033848662,-2.945989321,8.039493399
0,444,17,0.00176619369,3.72584803e-07,2.712980386,0.03440978305
0,444,24,0.8464612947,0.3298683114,0.1905393588,32.37722808
0,444,34,5.928326706e-05,6.144590026e-08,1.433573026,0.01397384178
0,444,50,0.05176879531,0.04404193015,2.669901776,11.83048469
0,445,5,0.0001206033435,2.405878372e-05,-1.79631386,0.5336691298
0,445,17,0.9722492117,0.08336495023,1.100309615,31.41427168
0,445,24,0.00054607714,3.905982794e-05,1.598627262,0.6799866879
0,445,34,0.005374726782,0.001898668216,-0.9748328944,4.740889007
0,445,50,0.0004373902475,0.0002406118419,2.793242463,1.687694156
0,446,5,3.107177092e-05,6.83262798e-07,0.2462281429,0.1597623821
0,446,17,9.973713548e-05,3.792187501e-08,1.420900693,0.03763791361
0,446,24,0.002799135282,1.035870546e-05,-0.2904050294,0.6220615844
0,446,34,1.756099491e-05,1.730882744e-08,-1.436699666,0.0254281324
0,446,50,0.9748104037,0.1641200504,2.283561955,78.29994565
0,447,5,0.1113406755,0.09857034465,2.292575997,6.904499187
0,447,17,0.001310177692,3.6619461e-07,2.961725087,0.01330806824
0,447,24,0.6450773546,0.2632253063,0.004634743759,11.28295524
0,447,34,1.443404406e-05,7.884732072e-08,1.114886073,0.006175221151
0,447,50,0.1248996016,0.06324639948,0.5206109287,5.530659846
0,448,5,0.9862970499,0.1112760402,-2.944586934,56.37213219
0,448,17,5.677627833e-05,1.818680606e-08,-1.234708846,0.02278987001
0,448,24,0.000511811578,5.973714774e-06,-0.3382290358,0.413034065
0,448,34,1.626793984e-05,1.627873192e-07,0.9908666154,0.06818265617
0,448,50,0.001114044796,0.0004929521553,-2.246248329,3.75202752
0,449,5,0.0002280481022,2.294518358e-05,-2.38032507,0.5432367086
0,449,17,0.9721654321,0.08455434511,0.3148476039,32.97701228
0,449,24,0.0009666962863,1.984056599e-05,2.886122419,0.505150014
0,449,34,0.005856486338,0.002080091421,-2.531862062,5.172310072
0,449,50,7.47089442e-05,1.668719495e-05,-1.456991716,0.4632708888
0,450,5,0.9649293397,0.1653389024,2.028505585,61.38479538
0,450,17,0.0004094232969,9.69084746e-09,1.115903645,0.01486120983
0,450,24,0.00101282325,0.0001544819029,-0.0008839150439,1.8763424
0,450,34,1.795488014e-05,6.632306503e-08,-2.154458503,0.03887814915
0,450,50,0.0005996731343,0.0003175295382,0.2829490057,2.690080976
0,451,5,0.000682008582,0.000311349149,-2.051163143,2.431400154
0,451,17,0.001737688463,6.172528882e-05,2.686784471,1.082590381
0,451,24,0.9528764065,0.1973413602,-2.767067496,61.21271706
0,451,34,5.863658732e-05,3.665500152e-07,2.97387735,0.08342557706
0,451,50,0.0001276595758,4.917595367e-05,1.085817309,0.966293357
0,452,5,0.02656672973,0.008183637594,0.5685220761,3.285222148
0,452,17,0.0003042592735,1.182767038e-07,2.414042621,0.0124893879
0,452,24,0.03383428364,0.01721542536,0.05754480612,4.764863091
0,452,34,9.735508261e-05,1.532997333e-09,1.755941642,0.001421877714
0,452,50,0.7308454781,0.4190016611,0.2013003423,23.50711977
0,453,5,0.0001679582379,8.527799699e-05,-1.917523208,1.863887036
0,453,17,3.446570687e-05,1.303735575e-08,-1.612950402,0.02304601553
0,453,24,0.001414640472,0.0001044387753,-0.2446083501,2.062680569
0,453,34,2.592246488e-06,3.052042186e-08,-3.10333962,0.03526114075
0,453,50,0.9659568599,0.1755773219,-2.857566993,84.57369445
0,454,5,0.9846956381,0.1232766259,-1.420323658,67.53451515
0,454,17,6.527219177e-05,1.138203634e-08,-1.794632732,0.02052085259
0,454,24,0.00118143359,4.157037775e-05,-2.91877501,1.240159094
0,454,34,1.754786981e-06,1.470581249e-08,2.439938374,0.0233254445
0,454,50,0.0005892670474,0.000295605907,-2.187507676,3.307059211
0,455,5,0.000217003892,9.215446696e-05,-2.339139379,1.871719561
0,455,17,2.276553389e-05,1.445995583e-07,1.041670949,0.07414230212
0,455,24,0.002531437245,0.0001834156889,-0.07993337558,2.640589088
0,455,34,3.487714152e-06,7.255634472e-08,-0.09407081573,0.05251946353
0,455,50,0.9641788322,0.1901347062,-3.020167143,85.01846948
0,456,5,8.496250791e-05,2.97711428e-06,-1.994696966,0.273523951
0,456,17,3.803800313e-05,1.672876143e-08,-2.730987912,0.02050357079
0,456,24,0.001718464312,0.0001391885929,-0.2933427555,1.870248997
0,456,34,1.647791781e-05,2.467068751e-08,-0.7422715148,0.02489936287
0,456,50,0.9743027403,0.1706020282,2.419297612,65.47714026
0,457,5,0.0003101662683,5.909190926e-05,-1.543284012,0.6161022047
0,457,17,0.9716269813,0.08230944529,2.723855474,22.99395035
0,457,24,0.0008252899076,2.208821643e-05,1.448709682,0.376676977
0,457,34,0.004089259823,0.001645562044,2.286985026,3.251216441
0,457,50,0.0005528796812,0.0002371058696,-2.245073382,1.234127143
0,458,5,0.0778190416,0.0686681101,2.74609752,5.658902411
0,458,17,0.0011608645,3.007730493e-07,2.665169082,0.0118433378
0,458,24,0.7744105452,0.301735892,0.2150562208,11.86227926
0,458,34,9.364423018e-05,6.310266064e-08,1.34277264,0.005424734564
0,458,50,0.05807293708,0.05513766856,-0.9555432662,5.070827727
0,459,5,0.0647772933,0.05918887512,2.544236693,9.771854884
0,459,17,0.0006719125816,3.928073203e-07,2.890146876,0.02517368259
0,459,24,0.774543191,0.310291533,0.0336646507,22.37391214
0,459,34,3.66880838e-05,8.441768739e-08,1.201550247,0.01167007618
0,459,50,0.06510263172,0.05396474288,-0.3888805005,9.330652638
0,460,5,0.9656917616,0.1648636252,-0.1639729525,59.26624668
0,460,17,0.000485662841,5.764347178e-08,1.596869916,0.03504451602
0,460,24,0.0002786295498,9.335252712e-05,0.4867562325,1.410288749
0,460,34,8.711276259e-07,2.404951238e-07,-0.6179656751,0.0715810623
0,460,50,0.0006120580606,0.0002380524882,0.7625498113,2.252067298
0,461,5,0.02561571156,0.02078849487,-0.6952793733,5.749117981
0,461,17,0.0009301077596,3.809525031e-08,1.574940512,0.007782607236
0,461,24,0.06237922835,0.01247123403,-3.122604775,4.452915075
0,461,34,6.736894821e-05,2.028378686e-08,-1.112681225,0.005678899944
0,461,50,0.7237574559,0.3618595121,0.6284758916,23.98610301
0,462,5,0.4294053697,0.2947495831,3.093816051,9.900515609
0,462,17,0.0002020725442,1.837698619e-07,2.944208084,0.007817508418
0,462,24,0.1886119437,0.05917140067,-2.810898467,4.435955062
0,462,34,4.443504794e-05,1.4404803e-09,-0.01958925472,0.000692125539
0,462,50,0.1737526146,0.09018340884,0.3135765087,5.476392117
0,463,5,0.0001571625429,7.351619064e-05,0.6748416901,1.79261367
0,463,17,8.552052773e-05,2.748666916e-09,-2.577772385,0.01096115361
0,463,24,0.006112249726,0.0007475128716,-3.05794147,5.716162203
0,463,34,2.022302065e-06,2.160007477e-08,0.7142700711,0.03072718913
0,463,50,0.9724462581,0.09979177725,0.7583948133,66.04540154
0,464,5,0.0001211692545,1.512918969e-05,0.1687351999,0.4371406064
0,464,17,0.9717802088,0.077799485,-2.492494077,31.34741095
0,464,24,0.0003054243142,9.002037884e-05,0.6418440396,1.06631062
0,464,34,0.002350323072,0.001165378432,-1.857371543,3.836602491
0,464,50,0.0005244783195,7.708493212e-06,-2.393473237,0.3120312303
0,465,5,0.000191320436,9.328683305e-05,1.140613698,0.3340280902
0,465,17,0.003851432279,0.000208711537,-0.3920437961,0.4996271657
0,465,24,0.9445367685,0.1027892209,1.10802111,11.08783113
0,465,34,0.0001612504573,7.768891104e-06,1.993042382,0.09639451723
0,465,50,0.0001917575516,6.411075307e-05,-1.861876739,0.2769097546
0,466,5,0.001211057012,0.000131606597,1.209788449,0.3745485544
0,466,17,0.01942816107,0.0002958123666,-0.9144496374,0.5615358117
0,466,24,0.9208945036,0.09593365542,-0.7009491543,10.11241285
0,466,34,4.319873998e-05,6.524941687e-06,1.365448429,0.08339837965
0,466,50,0.0004622227828,0.0001357795851,-2.408575475,0.3804403163
0,467,5,0.0006257960739,0.0001473721456,-2.14770464,2.212711598
0,467,17,1.039019841e-05,7.398880231e-08,0.2052355889,0.04957926766
0,467,24,0.001339289764,0.0009172472674,0.1126983067,5.520270029
0,467,34,5.748640613e-07,3.146792697e-07,1.03934876,0.1022471416
0,467,50,0.9618528176,0.2007320893,-2.518394469,81.66303405
0,468,5,0.0002085256672,4.928751043e-05,0.6664747802,1.346699701
0,468,17,1.952389268e-06,9.849893121e-08,3.124400011,0.06020299285
0,468,24,0.007567498394,0.000725564914,-2.962835928,5.16702377
0,468,34,1.853085845e-06,3.205026765e-08,-1.229878262,0.03434141241
0,468,50,0.9728823116,0.1010526083,1.126153251,60.97840867
0,469,5,0.0001175559181,5.184621113e-06,2.114052266,0.3940408178
0,469,17,3.626806157e-05,5.675122882e-08,2.83378092,0.04122591794
0,469,24,0.003276003621,2.077477374e-05,-3.099031995,0.7887708473
0,469,34,6.770600887e-06,1.694723523e-08,2.526155032,0.02252849232
0,469,50,0.972100392,0.1613154057,-0.8761310557,69.50573209
0,470,5,0.03423229524,0.01658005337,0.3947504704,7.862298392
0,470,17,0.001809428767,2.822158883e-07,2.577469275,0.03243749365
0,470,24,0.9012885781,0.3319725342,0.1825788017,35.18095603
0,470,34,9.770146602e-05,3.582490462e-08,1.64458103,0.0115571056
0,470,50,0.01767034789,0.007249537521,0.7404767569,5.198902959
0,471,5,0.0001300671804,1.239206195e-05,0.2194868063,0.2929820267
0,471,17,0.9717543566,0.07782038266,-2.484542359,23.21752233
0,471,24,0.0003272145853,8.95979177e-05,0.62592801,0.7878039413
0,471,34,0.002349485596,0.001164729452,-1.840334528,2.840414492
0,471,50,0.0005022242076,5.783670626e-06,-2.385108218,0.2001570848
0,472,5,0.0002165655117,5.753573472e-05,0.194978279,0.7418103174
0,472,17,0.9721738893,0.08027707833,-2.898068618,27.7089339
0,472,24,0.000503633525,1.297376973e-05,1.92735576,0.3522549708
0,472,34,0.003001774352,0.00141139109,-2.676089525,3.674072512
0,472,50,0.0004740740758,1.442358187e-05,-2.435006485,0.3714159924
0,473,5,0.0001685224207,8.552890411e-05,-1.913141634,1.919458652
0,473,17,3.190546698e-05,1.312582556e-08,-1.538371916,0.02377856389
0,473,24,0.001412049259,0.000103517919,-0.2410251269,2.111689565
0,473,34,2.651225685e-06,3.157737163e-08,-3.117751682,0.03688164614
0,473,50,0.9659762144,0.1755590952,-2.859821948,86.9628921
0,474,5,0.0002551284064,0.0001257543714,-2.622595238,1.600227116
0,474,17,0.002994393451,7.570316463e-05,-1.109096741,1.24158683
0,474,24,0.963464598,0.1690457295,2.533055553,58.67082322
0,474,34,7.090092982e-05,7.405218679e-07,0.828181647,0.1227973583
0,474,50,0.0001086814387,4.70369977e-05,0.3843483549,0.9786781148
0,475,5,0.0002318844567,3.084751619e-05,-2.550030886,0.4813985969
0,475,17,0.9738668473,0.08813665458,-2.600602386,25.73196788
0,475,24,0.0003045628581,5.584080159e-06,-0.838176682,0.2048191416
0,475,34,0.007202249086,0.002332813844,-2.048355237,4.186342548
0,475,50,0.0001075948724,1.233469281e-05,-2.938700812,0.3044099815
0,476,5,0.0001022392798,2.91313224e-06,1.026744043,0.3208994251
0,476,17,3.624998999e-05,2.263242428e-09,-1.733469297,0.00894446517
0,476,24,0.002601222044,0.0001531940981,-2.892413331,2.327072191
0,476,34,3.50679228e-07,1.992614789e-09,0.9074959383,0.008392677091
0,476,50,0.978521563,0.1407261243,1.987880437,70.53037659
0,477,5,0.0001065624107,8.233393806e-06,-2.08255087,0.3123057997
0,477,17,0.001399775607,4.414844953e-05,1.622597566,0.7231832077
0,477,24,0.9801374731,0.1204995783,1.836911801,37.78186299
0,477,34,8.285752728e-06,1.749447571e-06,1.729738426,0.1439597458
0,477,50,7.688209494e-05,4.277117575e-05,0.02988175213,0.711813466
0,478,5,0.1879039569,0.09823491337,-1.930569438,10.40128072
0,478,17,0.0001649313946,1.586570845e-07,2.600276432,0.01321854395
0,478,24,0.02395333883,0.0002492102456,-2.92819259,0.5238860462
0,478,34,5.516186547e-05,2.162490869e-09,2.066728842,0.001543231309
0,478,50,0.5147269774,0.4634147447,1.969466724,22.59117441
0,479,5,0.0001966858044,5.038240025e-05,0.6787289422,1.370151056
0,479,17,2.31172262e-06,9.428140026e-08,-3.019413171,0.05927097004
0,479,24,0.00758402754,0.0007641328227,-2.962916412,5.335970875
0,479,34,2.14883947e-06,3.643028209e-08,-1.115289227,0.03684344996
0,479,50,0.9725137336,0.1007869037,1.105151531,61.28173814
0,480,5,0.9693460048,0.1115129033,-3.00339992,51.6040541
0,480,17,0.0001004323871,5.065458736e-08,1.758486187,0.03478008598
0,480,24,0.0004778988076,3.862913963e-05,-2.863287245,0.960458884
0,480,34,1.293906977e-05,3.141731418e-08,-1.585800443,0.02739086755
0,480,50,0.0007232765491,0.0001066229708,-0.570996217,1.595683116
0,481,5,4.130150246e-05,1.218092116e-05,-1.91274581,0.649957085
0,481,17,4.293086273e-05,1.814474659e-08,-2.457972073,0.0250853445
0,481,24,0.004276338477,0.001003437883,-0.04906806883,5.899155749
0,481,34,6.832857893e-08,3.235546555e-08,-2.17566696,0.0334979664
0,481,50,0.9715908863,0.1659357797,2.525463311,75.86031403
0,482,5,0.0002160092355,9.302470868e-05,-2.343902308,1.554982825
0,482,17,2.483624192e-05,1.423965901e-07,1.063052677,0.06083818258
0,482,24,0.002557664061,0.0001826831935,-0.07336797065,2.179092844
0,482,34,3.748389133e-06,7.369420149e-08,-0.08513788388,0.04376662882
0,482,50,0.9641898497,0.1899744878,-3.021822958,70.2706674
0,483,5,0.1889549983,0.09179029375,-2.61511159,11.98953803
0,483,17,0.0006194427929,3.773812316e-07,2.644908818,0.02431051831
0,483,24,0.5174161521,0.2171772898,0.1188460634,18.44213828
0,483,34,0.0002158895685,7.396558508e-08,1.374754275,0.01076264258
0,483,50,0.1536319987,0.1420938987,-1.126578072,14.91735362
0,484,5,0.0002952983142,0.0001191692603,-2.317207785,1.79039138
0,484,17,9.2652651e-06,9.211963324e-08,-1.646901078,0.0497785173
0,484,24,0.002210135427,0.0007169704385,0.3622306359,4.391536344
0,484,34,1.176697658e-05,2.495775731e-07,0.4771215983,0.08193484475
0,484,50,0.965861333,0.1930040723,2.899248182,72.05250641
0,485,5,0.0003178901116,1.797672331e-05,2.961285759,0.5245796959
0,485,17,0.001532167921,0.0002026436513,-2.131991904,1.761256914
0,485,24,0.950330972,0.1941216198,-2.216365401,54.51213143
0,485,34,4.790797638e-05,5.573116313e-06,-1.243186271,0.292082316
0,485,50,0.0003643050773,9.341683086e-05,0.2886686413,1.195828157
0,486,5,0.000126282002,6.278045208e-05,1.216467109,1.528829996
0,486,17,0.0001896304873,4.425826498e-08,3.100541923,0.04059234754
0,486,24,0.003331114176,0.000355602778,-0.07631533315,3.638560063
0,486,34,4.579799574e-06,9.469854967e-10,-0.7639670741,0.005937705311
0,486,50,0.9760774312,0.1274071191,-0.2577970606,68.87217903
0,487,5,0.000139103623,6.885490569e-05,0.8159174593,1.879896062
0,487,17,2.038271693e-05,2.106789071e-08,1.142857071,0.0328834157
0,487,24,0.003283417566,0.0002356254481,2.885399538,3.477582894
0,487,34,7.119810128e-06,2.803024202e-08,1.959359145,0.03792973584
0,487,50,0.9776298116,0.1023000971,0.4668820247,72.46101569
0,488,5,0.2217269818,0.1257287835,-2.869881374,5.445268938
0,488,17,0.007839068655,1.276542791e-07,2.053596794,0.005486806772
0,488,24,0.3081577084,0.11353861,2.856133618,5.174564012
0,488,34,4.859192064e-05,1.714479801e-07,1.779296873,0.006358697483
0,488,50,0.2854574062,0.141862626,0.5574243138,5.784102423
0,489,5,0.9586928607,0.1839711439,0.5791450418,63.12484198
0,489,17,3.322778166e-05,7.732350228e-09,1.07636455,0.01294139842
0,489,24,0.001101585666,0.0001627209298,0.1601449889,1.877358262
0,489,34,1.482889457e-05,8.957372322e-08,-0.8520313509,0.04404694203
0,489,50,0.001176563926,0.0004852646379,0.9292968358,3.242013149
0,490,5,5.708296194e-05,1.674060222e-05,-0.549602931,0.534736783
0,490,17,0.9730787858,0.07961571259,0.1703409398,36.87685823
0,490,24,0.0003458760429,1.919860797e-05,-0.2806502416,0.5726501658
0,490,34,0.003540965485,0.001593242174,-2.854721147,5.216694658
0,490,50,0.0001439605603,6.701580351e-06,-2.334538443,0.3383320459
0,491,5,0.0001632601222,8.683843468e-05,-1.696965931,1.059295689
0,491,17,0.9726433518,0.08358801549,-1.036476114,32.8649684
0,491,24,0.0004492689566,2.248706725e-05,0.2434966776,0.5390482259
0,491,34,0.005386177627,0.001975213787,1.118037098,5.05205728
0,491,50,0.0004198830123,0.0001429623182,-2.081600927,1.359164437
0,492,5,0.008410152951,0.003889783515,2.918270901,1.476411276
0,492,17,0.001593812152,3.606690938e-08,1.68500792,0.004495718417
0,492,24,0.09941933602,0.03106266677,3.037639768,4.172189316
0,492,34,2.770814339e-05,1.551161338e-08,-2.850527159,0.002948309851
0,492,50,0.7070583774,0.3642241963,0.4456905025,14.28660491
0,493,5,0.965570819,0.1539600437,1.336436445,68.76763066
0,493,17,4.445379728e-05,2.049447381e-08,-2.475089176,0.02508987136
0,493,24,0.0003830935968,6.663172504e-05,0.3662107012,1.430607762
0,493,34,1.114225783e-05,8.572634435e-08,-0.281095191,0.05131415724
0,493,50,0.0003319881544,0.0001708086076,1.487981424,2.290524411
0,494,5,0.0001940393039,7.904557051e-05,-2.536611708,1.722633408
0,494,17,6.517207925e-05,1.489477159e-08,-0.8980379341,0.02364672606
0,494,24,0.002028005397,0.000799045727,0.1514010487,5.476964338
0,494,34,3.04042941e-06,1.443555747e-07,-0.2833095311,0.07361577295
0,494,50,0.9656574633,0.1932925954,-1.376449967,85.18472096
0,495,5,0.6823231777,0.3661554101,-1.759363045,19.27674781
0,495,17,0.002634759361,9.873984862e-08,2.164044691,0.010010304
0,495,24,0.0874179747,0.01287489299,2.916381957,3.614704935
0,495,34,0.0001215654239,1.95847913e-07,-2.633126393,0.01409809757
0,495,50,0.02489193732,0.02100333083,2.442400841,4.616843196
0,496,5,4.417916562e-05,1.295811274e-05,-2.101878835,0.3737147228
0,496,17,0.002403250041,2.467905283e-05,2.332870173,0.5157432758
0,496,24,0.9796276279,0.1139595037,1.655242652,35.04649616
0,496,34,1.168412518e-05,1.998678489e-06,2.942704616,0.1467711847
0,496,50,0.0001534988856,3.004321663e-05,-0.06033306122,0.5690396718
0,497,5,0.05732081603,0.03872974466,-0.3142333592,6.044670197
0,497,17,1.836161897e-05,9.358602382e-08,2.418411653,0.009396276571
0,497,24,0.01021271922,0.0003698388866,0.8034245322,0.5906858671
0,497,34,0.0001022951389,5.937897353e-09,-2.971016668,0.002366827662
0,497,50,0.7267622778,0.3867212808,1.089638542,19.10070201
0,498,5,6.141937144e-05,1.538759732e-05,1.337778175,0.7274993282
0,498,17,0.0001617157525,1.582059559e-08,-3.10913083,0.02332698471
0,498,24,0.004532217965,0.0001884229628,-0.737801603,2.54574034
0,498,34,5.248496663e-06,2.037407963e-08,1.711287054,0.0264719656
0,498,50,0.9741378236,0.1452021791,-0.5616801381,70.66978291
0,499,5,0.0004605881818,4.262593896e-05,-2.059807257,0.6855059236
0,499,17,0.9726184787,0.08507833903,-1.033851707,30.62553851
0,499,24,0.0001609293779,2.913233682e-05,1.683801553,0.566711328
0,499,34,0.005256292248,0.002023915466,1.102147718,4.723570669
0,499,50,0.000185093951,1.571466603e-05,-2.412480526,0.4162237048
0,500,5,6.770991141e-05,5.051994214e-06,1.695225892,0.2186614357
0,500,17,0.003809688083,0.0002276799935,2.227162784,1.467922774
0,500,24,0.9516330292,0.1612193632,-1.72016257,39.06154112
0,500,34,9.622580696e-05,1.35125967e-05,1.293650849,0.3576104331
0,500,50,0.0002104123632,6.965425937e-06,0.311243741,0.2567524595
0,501,5,0.0001536814929,3.61631507e-05,-2.687213201,0.5422310812
0,501,17,0.9724695573,0.08350053639,2.377643488,26.05528993
0,501,24,0.0007115467164,2.928350447e-05,0.6373749518,0.4879359332
0,501,34,0.004494467656,0.001766905965,1.583386307,3.790163945
0,501,50,0.0002616690264,0.0001338907678,-2.112483079,1.043341767
0,502,5,0.004437579353,0.002271369772,1.663537451,3.641533556
0,502,17,0.001751516124,2.745828134e-07,2.793413099,0.04003843287
0,502,24,0.9469412647,0.3503897934,0.112510477,45.22890972
0,502,34,4.816607445e-05,4.051023194e-08,1.536029181,0.01537881102
0,502,50,0.009428673061,0.0038994585,-2.449413283,4.771363969
0,503,5,0.05768054718,0.04740575658,-1.185450552,7.628343358
0,503,17,0.005603488685,3.625380657e-07,2.429149204,0.02109558136
0,503,24,0.8485245279,0.3259314196,0.2754779863,20.00220186
0,503,34,0.0002458915504,3.998262619e-08,1.703146958,0.00700568087
0,503,50,0.01976797893,0.01357180211,2.898531569,4.081628286
0,504,5,0.6315448936,0.3113749446,-2.675746173,19.48202793
0,504,17,0.0005119038857,1.280626758e-07,2.415227018,0.01249406082
0,504,24,0.03949168196,0.002251939563,-2.642127526,1.656802325
0,504,34,0.0001428785349,3.163863105e-08,1.165102601,0.006210136869
0,504,50,0.1140607724,0.1032653393,-1.101328122,11.21939964
0,505,5,0.000204337254,1.744583414e-05,3.059806972,0.7054510145
0,505,17,2.93324278e-06,1.293874748e-08,1.820746262,0.01921175817
0,505,24,0.001464925095,0.0001777692664,0.7989988595,2.251901202
0,505,34,9.183708013e-06,3.522704812e-09,-2.649166625,0.01002441688
0,505,50,0.9765600533,0.1663758011,-0.9498508527,68.89156847
0,506,5,4.640783741e-05,1.322843217e-06,-2.666458853,0.2600062927
0,506,17,2.044214403e-06,8.496623445e-12,2.748243081,0.0006589505991
0,506,24,0.002441081658,0.0001724764817,-0.7487508671,2.968893465
0,506,34,1.10542756e-06,1.144016901e-08,-2.796789164,0.0241794207
0,506,50,0.977033512,0.1580607355,2.282724389,89.87557268
0,507,5,0.0003401770931,1.865517712e-05,-3.056437902,0.6168280208
0,507,17,0.002329504841,9.278005046e-05,0.6209631831,1.375598546
0,507,24,0.9598006868,0.1858046633,-2.394460534,61.55916363
0,507,34,3.014040217e-05,2.789016964e-06,-1.526865207,0.2385008789
0,507,50,0.0005902492837,0.0001890679673,1.184836508,1.963692057
0,508,5,0.0001141982364,4.342528885e-05,0.3492434674,0.7318509022
0,508,17,0.9725990889,0.08017413624,-2.950469431,31.44621645
0,508,24,0.0005054766854,2.822188886e-05,1.358876985,0.5899895144
0,508,34,0.003041086434,0.00142157911,-2.776530005,4.187325974
0,508,50,0.000412627884,4.334024472e-05,-2.509715233,0.7311339222
0,509,5,0.09500359452,0.0776862548,2.054222706,10.72816838
0,509,17,0.0006446235294,2.853079013e-07,2.781034569,0.02055939774
0,509,24,0.7613102437,0.2906721763,0.2117441775,20.75177357
0,509,34,1.814866268e-05,5.199506464e-08,1.231257004,0.008776766616
0,509,50,0.06261043401,0.02970324617,0.8834357053,6.633694179
0,510,5,0.0001378311685,5.377869802e-05,-2.059015558,0.9539490292
0,510,17,0.9722900629,0.08410247346,1.120266415,37.72457996
0,510,24,0.0006366516963,3.933702643e-05,1.556348583,0.8158696771
0,510,34,0.005836120699,0.001973029002,-0.9368848053,5.778122741
0,510,50,0.0003211829809,0.0002076031593,3.00607446,1.874290948
0,511,5,0.0001292115459,1.540420253e-05,-2.711834244,0.5140036174
0,511,17,0.0004977966062,6.370054922e-05,1.033787237,1.045245133
0,511,24,0.9800132223,0.1294081182,2.008068914,47.11154277
0,511,34,3.124721042e-06,9.202801208e-07,0.526169877,0.125633826
0,511,50,0.0001174832424,5.484504336e-05,0.7550039759,0.9698738669
