seed,n_key,step,param_norm,train_loss,train_acc,test_loss,test_acc,restricted_loss_train,restricted_acc_train,restricted_loss_test,restricted_acc_test,restricted_loss_all,restricted_acc_all,excluded_loss_train,excluded_acc_train,excluded_loss_test,excluded_acc_test,restricted_loss_train_products,restricted_acc_train_products,restricted_loss_test_products,restricted_acc_test_products,restricted_loss_all_products,restricted_acc_all_products,excluded_loss_train_products,excluded_acc_train_products,excluded_loss_test_products,excluded_acc_test_products
0,5,0,42.21669418,4.774412273,0.01331592689,4.77536042,0.008166461573,4.771116785,0.01018276762,4.772662286,0.008278330909,4.772198721,0.008849557522,4.774398001,0.01305483029,4.775335422,0.008278330909,4.771110192,0.01018276762,4.772665202,0.008278330909,4.772198784,0.008849557522,4.774404592,0.01305483029,4.77533251,0.008278330909
0,5,1,42.16870786,4.743231135,0.01409921671,4.754689301,0.008278330909,4.743880514,0.01201044386,4.750810455,0.007495245553,4.748731853,0.008849557522,4.743215973,0.01409921671,4.754659353,0.008278330909,4.743875947,0.01201044386,4.750812512,0.007495245553,4.748731923,0.008849557522,4.743220564,0.0138381201,4.754657288,0.008278330909
0,5,2,42.12717061,4.727554785,0.01540469974,4.74961222,0.00727150688,4.732240039,0.01201044386,4.744381104,0.007495245553,4.74073945,0.008849557522,4.727594606,0.01540469974,4.749633534,0.00727150688,4.732237014,0.01201044386,4.744382507,0.007495245553,4.740739525,0.008849557522,4.727597658,0.01540469974,4.749632121,0.007159637543
0,5,3,42.09011409,4.718777326,0.01227154047,4.751274258,0.006824029534,4.727445315,0.009399477807,4.74459792,0.008613938919,4.739453079,0.008849557522,4.71884656,0.01227154047,4.751327544,0.006824029534,4.727445162,0.009399477807,4.7445981,0.008613938919,4.739453159,0.008849557522,4.718846746,0.01227154047,4.751327351,0.006824029534
0,5,5,42.02649259,4.707847107,0.01984334204,4.760763279,0.005705336167,4.724588839,0.01174934726,4.75076508,0.00760711489,4.742913643,0.008849557522,4.70796034,0.01984334204,4.760867798,0.005593466831,4.724589223,0.01174934726,4.750765045,0.00760711489,4.742913733,0.008849557522,4.707959982,0.01984334204,4.760867821,0.005705336167
0,5,9,41.93748073,4.6860091,0.02245430809,4.772992365,0.005369728158,4.720690008,0.01174934726,4.755285646,0.00760711489,4.744908851,0.008849557522,4.686192865,0.02245430809,4.773170469,0.005369728158,4.72068942,0.01174934726,4.755286061,0.00760711489,4.744908965,0.008849557522,4.686193461,0.02245430809,4.773170045,0.005369728158
0,5,16,41.94151908,4.640263347,0.03315926893,4.795671295,0.003915426782,4.716924285,0.01201044386,4.75448561,0.007495245553,4.743219272,0.008849557522,4.640680527,0.03263707572,4.796071189,0.003915426782,4.716918975,0.01201044386,4.754488164,0.007495245553,4.743219467,0.008849557522,4.640685976,0.03289817232,4.796068575,0.003915426782
0,5,28,42.52431117,4.501518979,0.04464751958,4.943882765,0.002908602752,4.715182516,0.01174934726,4.753869264,0.00760711489,4.74226536,0.008849557522,4.502823449,0.04412532637,4.94518102,0.002908602752,4.715158572,0.01174934726,4.75388094,0.00760711489,4.742266352,0.008849557522,4.502847933,0.04412532637,4.945169135,0.002908602752
0,5,50,44.71573444,4.088876179,0.1120104439,5.576986513,0.003467949435,4.712586882,0.01174934726,4.758717468,0.00760711489,4.744880821,0.008849557522,4.099665344,0.1109660574,5.588152819,0.003356080098,4.712535003,0.01174934726,4.758773715,0.00760711489,4.744904636,0.008849557522,4.099683518,0.1109660574,5.588100055,0.003244210762
0,5,87,50.60436604,2.658471634,0.3775456919,7.34343409,0.005369728158,4.690217097,0.02193211488,4.783158904,0.0158854458,4.755281457,0.01769911504,2.766180898,0.3428198433,7.468131172,0.004474773465,4.689506776,0.02532637076,4.785147105,0.01812283253,4.756460249,0.0202834991,2.766377141,0.3430809399,7.466134124,0.004362904128
0,5,151,59.85755496,0.06395965902,1,15.39117489,0.01443114442,4.63031765,0.06161879896,4.84893392,0.04944624678,4.783361023,0.05309734513,0.1734574241,1,16.39497128,0.008166461573,4.659482721,0.06266318538,4.893701623,0.04955811612,4.823448793,0.05348891847,0.1813483173,0.9984334204,16.36622104,0.008054592236
0,5,250,59.82817394,0.0125322454,1,16.67690041,0.01566170713,4.277573858,0.08407310705,4.492599849,0.06510795391,4.42810384,0.07079646018,0.05148456704,1,17.95927448,0.009285154939,4.326064451,0.09634464752,4.560999777,0.07349815416,4.490532059,0.08035084971,0.05675585316,1,17.91982141,0.009397024276
0,5,264,59.78774961,0.01068601106,1,16.78362305,0.0158854458,4.238150221,0.08407310705,4.451946953,0.06510795391,4.387819654,0.07079646018,0.04582233818,1,18.09694678,0.009173285602,4.288946469,0.09869451697,4.523065462,0.07517619421,4.452842598,0.08223040175,0.05084905178,1,18.05627897,0.009397024276
0,5,462,59.63755332,0.001157546498,1,18.6848843,0.01968900324,3.789083551,0.1929503916,4.00184627,0.157512026,3.938029118,0.1681415929,0.01012377858,1,20.50961754,0.009620762949,3.883541737,0.1582245431,4.123670609,0.1219375769,4.051645112,0.1328216775,0.01277948958,1,20.44902535,0.009732632285
0,5,500,59.66274039,0.0007638644031,1,19.08066702,0.02091956595,3.713784793,0.2015665796,3.927448028,0.1664615729,3.863360771,0.1769911504,0.007812303783,1,21.01593193,0.009844501622,3.818594173,0.1689295039,4.061264846,0.1321176865,3.988476947,0.1431592137,0.01021102539,1,20.95074484,0.01051571764
0,5,750,59.97463219,5.205546497e-05,1,21.73163101,0.02561807808,3.272612626,0.3033942559,3.494141864,0.261886117,3.427695237,0.2743362832,0.001793831442,1,24.48098987,0.01085132565,3.457364687,0.2221932115,3.720949993,0.1818995413,3.641888851,0.1939854335,0.003287799527,1,24.37790246,0.01141067233
0,5,806,60.03042712,2.892218989e-05,1,22.32229417,0.02640116344,3.18156111,0.3133159269,3.405693137,0.2702763173,3.338465816,0.2831858407,0.001374746079,1,25.27611533,0.01062758698,3.386842945,0.2300261097,3.656313245,0.1901778722,3.575486927,0.202130159,0.002819217268,1,25.16164858,0.011298803
0,5,1000,59.96212014,4.12613089e-06,1,24.2537769,0.02953350487,2.896365409,0.3488250653,3.12948931,0.3056270276,3.059564919,0.3185840708,0.0006683714371,1,27.95900674,0.01096319499,3.174411011,0.254308094,3.464469088,0.2121042622,3.377467566,0.2247630981,0.002071949142,1,27.8011378,0.011298803
0,5,1250,58.86702032,6.280303682e-07,1,25.90179229,0.03244210762,2.561257972,0.3919060052,2.786922339,0.3503747623,2.7192354,0.3628318584,0.0005043273241,1,30.51820731,0.011298803,2.919541076,0.2812010444,3.213978213,0.2371629936,3.125663213,0.2503719947,0.002445816894,1,30.3059322,0.01163441101
0,5,1409,57.61170768,3.841680558e-07,1,26.03437622,0.03277771563,2.356648915,0.3817232376,2.561163055,0.3420964314,2.499820025,0.3539823009,0.0006503350045,1,31.05898374,0.01029197897,2.747154207,0.3075718016,3.023962047,0.2571876049,2.94093487,0.2723001018,0.003648758359,1,30.81665092,0.01085132565
0,5,1500,56.88492464,3.529334793e-07,1,25.85409334,0.03356080098,2.251943266,0.3710182768,2.443366676,0.3340418391,2.385950147,0.3451327434,0.0008423349673,1,31.05740669,0.01040384831,2.654687056,0.317232376,2.91945961,0.2680389305,2.840042359,0.2827942674,0.00486644548,0.9997389034,30.80024249,0.01085132565
0,5,1750,55.3076927,3.397478923e-07,1,25.0943681,0.03691688108,2.004296897,0.4310704961,2.167527843,0.396800537,2.118567507,0.407079646,0.001901153863,1,30.77011545,0.009956370959,2.436179501,0.3430809399,2.674512553,0.3030540329,2.603025703,0.3150599107,0.01117546993,0.9973890339,30.47299158,0.01107506432
0,5,2000,54.26259102,3.361044402e-07,1,24.29428438,0.0409441772,1.771976874,0.4939947781,1.9144936,0.4583286721,1.871746395,0.4690265487,0.004649279671,1,30.49002277,0.009620762949,2.228601426,0.3757180157,2.448143087,0.3428795167,2.382292624,0.3527292662,0.02407349699,0.9934725849,30.15085372,0.01073945632
0,5,2250,53.51370311,3.309816483e-07,1,23.47133023,0.04318156393,1.549895431,0.5321148825,1.674663323,0.5052019242,1.637239795,0.5132743363,0.0118131107,0.9973890339,30.24604742,0.008613938919,2.022688428,0.419843342,2.226400791,0.3784539658,2.16529825,0.3908685097,0.04826521104,0.984073107,29.86112228,0.009732632285
0,5,2460,53.00539937,3.265580931e-07,1,22.72604681,0.04698512138,1.374589816,0.5571801567,1.487161715,0.5323861729,1.453396316,0.5398230088,0.02599066537,0.9939947781,30.05750556,0.008613938919,1.851244406,0.4527415144,2.044023162,0.4098892494,1.986200103,0.4227425797,0.08521743158,0.97154047,29.63080143,0.009061416266
0,5,2500,52.91608656,3.257621978e-07,1,22.57868513,0.04799194541,1.341722107,0.5571801567,1.452181942,0.5323861729,1.419050047,0.5398230088,0.03017165955,0.9924281984,30.02346321,0.008502069583,1.817410841,0.4600522193,2.008376031,0.4174963642,1.951096943,0.4302607878,0.0943865395,0.9691906005,29.58792767,0.008837677593
0,5,2750,52.39788855,3.20572254e-07,1,21.62368805,0.05324980423,1.158795402,0.5932114883,1.25719714,0.5675131446,1.227682013,0.5752212389,0.07319427024,0.9783289817,29.80792494,0.0079427229,1.619215453,0.4971279373,1.797797423,0.4555319387,1.744232622,0.468008458,0.1745056906,0.9433420366,29.31693071,0.008166461573
0,5,3000,51.92251728,3.155441887e-07,1,20.60699573,0.06119252713,0.9958814991,0.644386423,1.08528835,0.6214341649,1.058471196,0.6283185841,0.1623843588,0.9433420366,29.59384935,0.00760711489,1.426904006,0.5308093995,1.593431845,0.4925606891,1.543482623,0.5040332054,0.3043853579,0.8994778068,29.05356644,0.008502069583
0,5,3250,51.45982013,3.095003149e-07,1,19.49039369,0.07070142074,0.8512842966,0.6652741514,0.9330406311,0.637767088,0.9085182126,0.6460176991,0.3345578063,0.8825065274,29.36530479,0.00760711489,1.238688265,0.5775456919,1.391989304,0.5322743036,1.346007396,0.5458532383,0.5073856765,0.8451697128,28.7847664,0.008613938919
0,5,3500,50.9772545,3.026650375e-07,1,18.18967383,0.07808479696,0.7197601073,0.682767624,0.7949489321,0.6555543126,0.7723964065,0.6637168142,0.648611625,0.7835509138,29.08836508,0.007383376217,1.049856906,0.6167101828,1.189150755,0.5803781184,1.147370237,0.5912757459,0.8276380124,0.7650130548,28.47412127,0.0079427229
0,5,3750,50.4710808,2.964347104e-07,1,16.73981722,0.09117350934,0.6006274152,0.734464752,0.6689010685,0.6966103591,0.6484227153,0.7079646018,1.14835491,0.6571801567,28.7397773,0.006488421524,0.8707260514,0.6663185379,0.994321044,0.6291531491,0.9572493217,0.6403007283,1.296301898,0.6626631854,28.10761376,0.007383376217
0,5,4000,49.9340564,2.890608835e-07,1,15.1261829,0.1127642913,0.4821960202,0.7906005222,0.5417928816,0.761047097,0.5239170903,0.7699115044,1.867813574,0.5268929504,28.30977771,0.004922250811,0.6979250535,0.7245430809,0.8047278261,0.6836335161,0.7726928493,0.6959041428,1.955861822,0.5477806789,27.67726259,0.00693589887
0,5,4250,49.33649537,2.806038216e-07,1,13.29226602,0.1383823694,0.3555453493,0.8780678851,0.4033914625,0.8626244546,0.3890402515,0.8672566372,2.860250468,0.3859007833,27.77638096,0.004698512138,0.5247170774,0.792689295,0.612420855,0.7481821233,0.5861145296,0.7615318349,2.865858282,0.4242819843,27.16098548,0.006040944177
0,5,4297,49.21459004,2.789335585e-07,1,12.92100907,0.1452063989,0.3315830926,0.8898172324,0.377052196,0.8702315695,0.3634139576,0.8761061947,3.082841211,0.3603133159,27.66121919,0.005034120148,0.4926406242,0.8044386423,0.5768889102,0.7638438304,0.5516190429,0.7760200486,3.072541085,0.4039164491,27.05003975,0.005929074841
0,5,4500,48.64215499,2.704518465e-07,1,11.21079229,0.181787672,0.2250211739,0.9389033943,0.2581106693,0.9250475445,0.2481856346,0.9292035398,4.179756795,0.2618798956,27.1044518,0.005257858821,0.351174485,0.8631853786,0.4177759085,0.8274974829,0.3977991326,0.8382018952,4.101566598,0.3117493473,26.50938917,0.006040944177
0,5,4750,47.81570886,2.572390066e-07,1,8.887447405,0.2428683298,0.10631529,0.9856396867,0.1249818421,0.9808703434,0.1193828998,0.982300885,5.793623477,0.1710182768,26.24830481,0.005593466831,0.1839234239,0.937075718,0.2281943467,0.9193422083,0.2149154968,0.9246612891,5.643889587,0.217232376,25.68716214,0.005929074841
0,5,5000,46.74971771,2.383980614e-07,1,6.162447269,0.3541783197,0.02885708054,0.992689295,0.03524042019,0.9904911064,0.03332576823,0.9911504425,7.684947532,0.1080939948,24.99948279,0.006376552187,0.05769866319,0.9882506527,0.07640682244,0.9817652981,0.07079540025,0.983710549,7.495744591,0.1355091384,24.5133609,0.00727150688
0,5,5250,45.25561825,2.100568698e-07,1,2.949724953,0.5606891151,0.001787982686,1,0.002222912174,1,0.002092457171,1,9.793624838,0.07937336815,23.04906545,0.00727150688,0.006110631181,0.9976501305,0.007587335246,0.9975388746,0.007144404979,0.9975722453,9.62313615,0.09425587467,22.65504892,0.008725808256
0,5,5500,43.26529031,1.829019588e-07,1,0.7454202172,0.8346571205,1.78448801e-05,1,2.120180014e-05,1,2.019490816e-05,1,11.87149031,0.06240208877,20.87499287,0.01062758698,7.628852672e-05,1,9.200147109e-05,1,8.728844917e-05,1,11.74779388,0.07023498695,20.58640594,0.0137599284
0,5,5750,41.12886836,1.617688615e-07,1,0.1142636119,0.9637543349,3.731889071e-07,1,4.125664084e-07,1,4.007553167e-07,1,13.26005843,0.0545691906,19.10561788,0.01857030988,6.769212218e-07,1,8.380744655e-07,1,7.897373269e-07,1,13.17837299,0.05691906005,18.90716155,0.01980087258
0,5,6000,38.97485148,1.403153337e-07,1,0.01190814779,0.9970913972,4.631483204e-08,1,5.022558708e-08,1,4.905257496e-08,1,13.1000421,0.04725848564,16.82369698,0.02539433941,6.373397945e-08,1,7.538086732e-08,1,7.188743944e-08,1,13.05538848,0.05065274151,16.68205348,0.0262892941
0,5,6250,36.80533412,1.210962503e-07,1,0.001182533016,0.999664392,2.106466884e-08,1,2.275856727e-08,1,2.22504906e-08,1,11.38642255,0.03577023499,13.71175533,0.02226199799,2.699563353e-08,1,3.115507875e-08,1,2.990747321e-08,1,11.33678774,0.03812010444,13.58799993,0.02326882202
0,5,6500,34.87391569,1.103769545e-07,1,1.531222132e-05,1,2.091667991e-08,1,2.234070064e-08,1,2.191357249e-08,1,9.254468792,0.02532637076,10.73350199,0.01778722452,2.560521449e-08,1,2.869318337e-08,1,2.776696199e-08,1,9.168440337,0.0274151436,10.59550816,0.01901778722
0,5,6750,33.42757833,1.056027303e-07,1,1.887596512e-06,1,3.021389459e-08,1,3.192525081e-08,1,3.141193776e-08,1,7.74008026,0.02114882507,8.733846782,0.01857030988,3.515993266e-08,1,3.853531634e-08,1,3.752288627e-08,1,7.63260784,0.02088772846,8.590994638,0.01778722452
0,5,7000,32.45294397,1.034146287e-07,1,5.696358352e-07,1,4.155776352e-08,1,4.367220473e-08,1,4.303798828e-08,1,6.898171968,0.02167101828,7.651866566,0.02080769661,4.702718367e-08,1,5.088932634e-08,1,4.973089526e-08,1,6.783129288,0.02323759791,7.510088006,0.01890591789
0,5,7250,31.81623484,1.020597564e-07,1,3.316834253e-07,1,4.92343974e-08,1,5.162235355e-08,1,5.090609761e-08,1,6.492250223,0.02558746736,7.119621846,0.02036021926,5.52775443e-08,1,5.941174796e-08,1,5.81717135e-08,1,6.370608656,0.02454308094,6.977300525,0.01957713391
0,5,7500,31.39548917,1.010983453e-07,1,2.616284132e-07,1,5.329139227e-08,1,5.584892908e-08,1,5.508180824e-08,1,6.296904937,0.02872062663,6.849339736,0.02069582727,5.99543872e-08,1,6.418315628e-08,1,6.291475738e-08,1,6.167072384,0.03054830287,6.703974914,0.02159078197
0,5,7506,31.38731612,1.010803385e-07,1,2.606744536e-07,1,5.335612483e-08,1,5.591692765e-08,1,5.514882719e-08,1,6.293747381,0.02872062663,6.844681643,0.0204720886,6.003416012e-08,1,6.426407171e-08,1,6.299533012e-08,1,6.163703763,0.03080939948,6.699221284,0.02192638998
0,5,7750,31.11168301,1.003758287e-07,1,2.337179524e-07,1,5.51185846e-08,1,5.77564983e-08,1,5.69652688e-08,1,6.204403756,0.03263707572,6.708921859,0.0192415259,6.237809293e-08,1,6.659331605e-08,1,6.532898019e-08,1,6.066552894,0.03289817232,6.559610038,0.02293321401
0,5,8000,30.91580476,9.980380521e-08,1,2.180936537e-07,1,5.579513938e-08,1,5.846010266e-08,1,5.766075977e-08,1,6.161969867,0.03289817232,6.634018461,0.02013648059,6.361218055e-08,1,6.776220506e-08,1,6.651742521e-08,1,6.016632208,0.03237597911,6.480063355,0.02338069135
0,5,8250,30.77723072,9.93467579e-08,1,2.085968045e-07,1,5.604429912e-08,1,5.871127372e-08,1,5.791132755e-08,1,6.145531827,0.03002610966,6.59289356,0.0204720886,6.430111222e-08,1,6.835858565e-08,1,6.714156605e-08,1,5.994975817,0.03054830287,6.435900509,0.022597606
0,5,8500,30.67694328,9.896616062e-08,1,2.025389686e-07,1,5.611560875e-08,1,5.877008707e-08,1,5.797388909e-08,1,6.13659318,0.02872062663,6.566581252,0.02226199799,6.471247211e-08,1,6.86747225e-08,1,6.74862646e-08,1,5.982733855,0.02898172324,6.408009343,0.02282134467
0,5,8750,30.60282236,9.865297798e-08,1,1.991619492e-07,1,5.609886761e-08,1,5.874472329e-08,1,5.795111163e-08,1,6.131170587,0.02872062663,6.549924601,0.02136704329,6.48647179e-08,1,6.873486191e-08,1,6.757403087e-08,1,5.976206136,0.02845953003,6.391725081,0.02203825931
0,5,9000,30.54678226,9.839025098e-08,1,1.968600053e-07,1,5.60365906e-08,1,5.86735456e-08,1,5.788260366e-08,1,6.127914551,0.02663185379,6.537063545,0.02103143528,6.492306184e-08,1,6.871550008e-08,1,6.757797651e-08,1,5.972730104,0.02793733681,6.379595071,0.02237386732
0,5,9250,30.50342227,9.815357818e-08,1,1.950546873e-07,1,5.598815353e-08,1,5.860885567e-08,1,5.782278869e-08,1,6.125262531,0.02532637076,6.526814569,0.02058395794,6.494191453e-08,1,6.866221455e-08,1,6.754632849e-08,1,5.970534259,0.027154047,6.370454026,0.02282134467
0,5,9500,30.46902405,9.794892051e-08,1,1.939301489e-07,1,5.598834313e-08,1,5.859948774e-08,1,5.78162875e-08,1,6.120982386,0.02637075718,6.516908147,0.01991274192,6.48947699e-08,1,6.854652523e-08,1,6.745119882e-08,1,5.968212548,0.02845953003,6.363092643,0.02181452064
0,5,9750,30.44093482,9.775993425e-08,1,1.930200902e-07,1,5.601401816e-08,1,5.861637846e-08,1,5.783581303e-08,1,6.116017157,0.02558746736,6.506650515,0.02013648059,6.485480084e-08,1,6.844299857e-08,1,6.736673596e-08,1,5.965625402,0.02819843342,6.355581329,0.02136704329
0,5,10000,30.41776698,9.760018943e-08,1,1.926546129e-07,1,5.605512475e-08,1,5.864459185e-08,1,5.786789367e-08,1,6.110662102,0.02610966057,6.4972026,0.02013648059,6.477901889e-08,1,6.830085276e-08,1,6.724449567e-08,1,5.962981244,0.02767624021,6.349223334,0.02114330462
0,5,10250,30.39852279,9.745445333e-08,1,1.922266027e-07,1,5.610070307e-08,1,5.86721646e-08,1,5.790086711e-08,1,6.105925066,0.027154047,6.488096593,0.02024834993,6.471099331e-08,1,6.817080933e-08,1,6.713305419e-08,1,5.960784977,0.02610966057,6.342940807,0.02103143528
0,5,10500,30.38211444,9.732098587e-08,1,1.917718208e-07,1,5.615924612e-08,1,5.871995228e-08,1,5.795188081e-08,1,6.101563404,0.02637075718,6.479234675,0.02058395794,6.46406899e-08,1,6.804739934e-08,1,6.702557326e-08,1,5.959184783,0.02637075718,6.337146121,0.02226199799
0,5,10750,30.36797743,9.719464592e-08,1,1.912038031e-07,1,5.623392923e-08,1,5.878303991e-08,1,5.801844645e-08,1,6.09890477,0.02637075718,6.472297856,0.02069582727,6.453375362e-08,1,6.788453944e-08,1,6.687948739e-08,1,5.960041366,0.0274151436,6.333967824,0.02293321401
0,5,11000,30.3555467,9.707404819e-08,1,1.908445233e-07,1,5.633371555e-08,1,5.887226586e-08,1,5.811083993e-08,1,6.095440067,0.02637075718,6.465020988,0.01991274192,6.444701101e-08,1,6.774785202e-08,1,6.675778067e-08,1,5.960226846,0.02924281984,6.330353113,0.02349256069
0,5,11250,30.34459001,9.696820659e-08,1,1.901582231e-07,1,5.643887822e-08,1,5.896416103e-08,1,5.820671462e-08,1,6.091092725,0.02610966057,6.456958759,0.02036021926,6.437879165e-08,1,6.76322172e-08,1,6.665636789e-08,1,5.95915465,0.02898172324,6.325537918,0.02472312339
0,5,11500,30.33488791,9.685652441e-08,1,1.89498715e-07,1,5.654757266e-08,1,5.906035618e-08,1,5.830665887e-08,1,6.087502218,0.02663185379,6.449145463,0.02024834993,6.434041512e-08,1,6.7549527e-08,1,6.658696936e-08,1,5.95843404,0.03054830287,6.320543068,0.02427564605
0,5,11750,30.32603474,9.676179244e-08,1,1.888996412e-07,1,5.664829066e-08,1,5.915154783e-08,1,5.840070791e-08,1,6.084386278,0.02558746736,6.442493996,0.02013648059,6.43113001e-08,1,6.748385138e-08,1,6.653225992e-08,1,5.957851474,0.03080939948,6.316280702,0.02416377671
0,5,12000,30.31811814,9.666844211e-08,1,1.882401114e-07,1,5.673967639e-08,1,5.922497089e-08,1,5.847951878e-08,1,6.081491554,0.02610966057,6.436808761,0.02013648059,6.42828179e-08,1,6.741257112e-08,1,6.647381673e-08,1,5.957365095,0.02924281984,6.312851181,0.02449938472
0,5,12250,30.31089025,9.658102454e-08,1,1.877784066e-07,1,5.683629826e-08,1,5.930525857e-08,1,5.856470582e-08,1,6.07830102,0.02558746736,6.431085751,0.01980087258,6.425458254e-08,1,6.734136668e-08,1,6.641550065e-08,1,5.956609591,0.03028720627,6.309470491,0.02517060074
0,5,12500,30.30425521,9.650258029e-08,1,1.874016536e-07,1,5.693218004e-08,1,5.938227136e-08,1,5.864737828e-08,1,6.075650886,0.02558746736,6.42636662,0.01968900324,6.424147694e-08,1,6.728175421e-08,1,6.63698377e-08,1,5.956049057,0.03054830287,6.306778712,0.02561807808
0,5,12750,30.29816571,9.642785724e-08,1,1.870485245e-07,1,5.703825707e-08,1,5.947237817e-08,1,5.874227528e-08,1,6.07292835,0.0274151436,6.42158881,0.01980087258,6.424069905e-08,1,6.724285761e-08,1,6.634237462e-08,1,5.955433134,0.0318537859,6.304048625,0.02584181676
0,5,13000,30.29249873,9.635668084e-08,1,1.865671678e-07,1,5.715163856e-08,1,5.957330992e-08,1,5.884694127e-08,1,6.070268342,0.0274151436,6.416644474,0.02024834993,6.426881365e-08,1,6.72412561e-08,1,6.634968632e-08,1,5.954553386,0.03237597911,6.300770549,0.02539433941
0,5,13111,30.29010955,9.632425359e-08,1,1.863606547e-07,1,5.719680054e-08,1,5.961405922e-08,1,5.888901413e-08,1,6.06916645,0.02767624021,6.414635536,0.0204720886,6.427877421e-08,1,6.723893296e-08,1,6.635104761e-08,1,5.954151826,0.03133159269,6.299449884,0.02550620875
0,5,13250,30.28723176,9.628387246e-08,1,1.861236728e-07,1,5.72456635e-08,1,5.965579178e-08,1,5.893288542e-08,1,6.067824213,0.02845953003,6.412303995,0.02024834993,6.428677016e-08,1,6.72296957e-08,1,6.634697937e-08,1,5.953634836,0.03211488251,6.297876227,0.02561807808
0,5,13500,30.28230293,9.621891974e-08,1,1.857933827e-07,1,5.732146599e-08,1,5.971950136e-08,1,5.900022221e-08,1,6.066130847,0.02950391645,6.409011914,0.02125517396,6.429746338e-08,1,6.721096432e-08,1,6.633707375e-08,1,5.953358428,0.03133159269,6.295896046,0.02572994742
0,5,13750,30.27767657,9.615738629e-08,1,1.854892854e-07,1,5.740354916e-08,1,5.979123978e-08,1,5.907506349e-08,1,6.064241304,0.03002610966,6.405825374,0.02181452064,6.431066248e-08,1,6.719827405e-08,1,6.633214888e-08,1,5.952938729,0.03133159269,6.294088711,0.02617742477
0,5,14000,30.27330862,9.609588881e-08,1,1.850678998e-07,1,5.748357671e-08,1,5.986194135e-08,1,5.914856234e-08,1,6.062073026,0.02976501305,6.402064787,0.02192638998,6.432642884e-08,1,6.719132895e-08,1,6.633201597e-08,1,5.952081464,0.03289817232,6.291625597,0.0271842488
0,5,14250,30.26911303,9.603756425e-08,1,1.848635041e-07,1,5.755703419e-08,1,5.992679756e-08,1,5.921599846e-08,1,6.060466547,0.03028720627,6.3992614,0.02248573666,6.432914784e-08,1,6.717010643e-08,1,6.63179746e-08,1,5.951884835,0.03342036554,6.290222695,0.02751985681
0,5,14500,30.26514478,9.598550213e-08,1,1.845423596e-07,1,5.762722213e-08,1,5.999016325e-08,1,5.928141045e-08,1,6.059503047,0.03080939948,6.397347279,0.02282134467,6.434643669e-08,1,6.716873901e-08,1,6.632220303e-08,1,5.952195979,0.03394255875,6.28944393,0.02751985681
0,5,14750,30.2614152,9.593145121e-08,1,1.844006588e-07,1,5.768890893e-08,1,6.004548435e-08,1,5.933864091e-08,1,6.058308222,0.03054830287,6.395529048,0.02270947533,6.435466395e-08,1,6.715791495e-08,1,6.631709333e-08,1,5.952131282,0.03498694517,6.28872049,0.02751985681
0,5,15000,30.25786857,9.587979349e-08,1,1.842150328e-07,1,5.774245933e-08,1,6.00911739e-08,1,5.938668829e-08,1,6.057025577,0.03028720627,6.393360416,0.02293321401,6.435652429e-08,1,6.71427498e-08,1,6.630703489e-08,1,5.95190302,0.03524804178,6.287551003,0.02875041951
0,5,22901,30.19524145,9.497837574e-08,1,1.824423765e-07,1,5.840513398e-08,1,6.081289933e-08,1,6.009070172e-08,1,6.044007662,0.02976501305,6.371713953,0.02270947533,6.438869358e-08,1,6.71416103e-08,1,6.63158862e-08,1,5.952285435,0.03707571802,6.278039709,0.02774359548
0,5,40000,30.04147441,9.372468159e-08,1,1.836310957e-07,1,5.144429425e-08,1,5.367620268e-08,1,5.30067525e-08,1,6.369709481,0.01618798956,6.717667831,0.01040384831,5.791358353e-08,1,6.075587941e-08,1,5.990334646e-08,1,6.290761872,0.01879895561,6.62467701,0.01733974718
1,4,0,42.27774307,4.771343089,0.009399477807,4.778456467,0.008278330909,4.769444031,0.009399477807,4.775409256,0.008613938919,4.773620016,0.008849557522,4.77128744,0.009399477807,4.778399685,0.008278330909,4.769440988,0.009399477807,4.775410638,0.008613938919,4.77362007,0.008849557522,4.771290616,0.009399477807,4.778398248,0.008166461573
1,4,1,42.22765711,4.741344739,0.007310704961,4.758560334,0.009397024276,4.742823948,0.007049608355,4.754636803,0.009620762949,4.751093594,0.008849557522,4.741298419,0.007310704961,4.758505381,0.009397024276,4.742820341,0.007049608355,4.754638426,0.009620762949,4.751093648,0.008849557522,4.741302148,0.007310704961,4.758503708,0.009397024276
1,4,2,42.18320419,4.727659214,0.01462140992,4.754435594,0.008502069583,4.732506887,0.01174934726,4.749357086,0.00760711489,4.74430295,0.008849557522,4.727641624,0.01462140992,4.754404076,0.008613938919,4.732502003,0.01174934726,4.749359251,0.00760711489,4.744303001,0.008849557522,4.727646627,0.01462140992,4.754401861,0.008725808256
1,4,3,42.14324273,4.720008462,0.01436031332,4.755524719,0.008837677593,4.728360961,0.01174934726,4.749099411,0.00760711489,4.742879013,0.008849557522,4.720008124,0.01409921671,4.755509826,0.008837677593,4.72835579,0.01174934726,4.749101702,0.00760711489,4.742879066,0.008849557522,4.720013403,0.01409921671,4.755507491,0.008837677593
1,4,5,42.07331625,4.708734194,0.01488250653,4.759921583,0.007047768207,4.72480114,0.01174934726,4.750615964,0.00760711489,4.742872932,0.008849557522,4.708760669,0.01514360313,4.759927125,0.007047768207,4.724796532,0.01174934726,4.750618018,0.00760711489,4.742872987,0.008849557522,4.708765387,0.01514360313,4.759925027,0.007047768207
1,4,9,41.97737259,4.687841121,0.0227154047,4.76980439,0.006824029534,4.721001727,0.01070496084,4.75319489,0.008054592236,4.743538706,0.008849557522,4.687964719,0.0227154047,4.769910572,0.006824029534,4.720994498,0.01070496084,4.753198077,0.008054592236,4.743538769,0.008849557522,4.687972126,0.0227154047,4.769907313,0.006824029534
1,4,16,41.97851057,4.644404832,0.02506527415,4.795204563,0.004698512138,4.717691355,0.01174934726,4.756426897,0.00760711489,4.744808358,0.008849557522,4.644656498,0.02506527415,4.795432925,0.004474773465,4.717681992,0.01174934726,4.756431066,0.00760711489,4.744808468,0.008849557522,4.644666215,0.02454308094,4.79542862,0.004474773465
1,4,28,42.55439515,4.510665663,0.04856396867,4.928754291,0.005257858821,4.715500185,0.01174934726,4.754498628,0.00760711489,4.742801233,0.008849557522,4.511556279,0.04830287206,4.929597907,0.005145989484,4.715486697,0.01174934726,4.754505208,0.00760711489,4.742801794,0.008849557522,4.511570722,0.04856396867,4.929591258,0.005257858821
1,4,50,44.78761082,4.11182815,0.1057441253,5.548567336,0.005145989484,4.714551927,0.01174934726,4.75944927,0.00760711489,4.745982529,0.008849557522,4.120381775,0.1028720627,5.557027612,0.005034120148,4.714434498,0.01174934726,4.759522946,0.00760711489,4.745998883,0.008849557522,4.12049343,0.1044386423,5.556960476,0.005034120148
1,4,87,50.82435394,2.725575163,0.3932114883,7.048709184,0.01868217921,4.676205857,0.05483028721,4.755611846,0.0397136145,4.731794403,0.04424778761,2.825948992,0.3631853786,7.16113833,0.01510236044,4.675781531,0.04699738903,4.75714903,0.03523884103,4.732743241,0.03876576083,2.826329754,0.362924282,7.159597158,0.01476675243
1,4,151,60.21579239,0.05657724391,1,13.75124381,0.1072826938,4.484767723,0.1109660574,4.65051362,0.09150911735,4.600798937,0.09734513274,0.179348411,0.9997389034,14.80590204,0.06577916993,4.509111607,0.09921671018,4.695911142,0.08233583175,4.639881522,0.08739916986,0.1844998952,0.998694517,14.77187196,0.06857590334
1,4,250,60.04685743,0.01123642393,1,14.63085205,0.1257411344,4.09532811,0.1295039164,4.266520223,0.1088488645,4.215171974,0.1150442478,0.05753619742,1,15.96378557,0.07696610359,4.140234877,0.1167101828,4.335741004,0.09643136816,4.277099884,0.1025139009,0.06182138116,1,15.91724885,0.07909162099
1,4,264,59.99406957,0.00958157837,1,14.70170068,0.1267479584,4.051132498,0.1295039164,4.222374466,0.1088488645,4.171011263,0.1150442478,0.05182439979,1,16.0686193,0.07763731961,4.098722481,0.1180156658,4.294626438,0.09855688556,4.23586599,0.1043934529,0.05603563654,1,16.02062149,0.07864414364
1,4,462,59.70918889,0.001035765391,1,16.03303057,0.1486743484,3.517755627,0.1798955614,3.696223554,0.1504642577,3.64269296,0.1592920354,0.01445590603,1,17.97775849,0.08580378118,3.617136788,0.1668407311,3.827145985,0.135585636,3.764154739,0.1449604511,0.01792567474,1,17.90402738,0.0873699519
1,4,500,59.71009145,0.0006828302408,1,16.31560576,0.1524779058,3.426577321,0.1903394256,3.606921539,0.1586307193,3.55282816,0.1681415929,0.01191241806,1,18.38898327,0.08580378118,3.537817648,0.1759791123,3.751228212,0.1447589216,3.687216742,0.1541232673,0.01536680207,0.9997389034,18.3095817,0.0898310773
1,4,750,59.85542633,4.620500264e-05,1,18.15686905,0.1651191408,2.870691313,0.2898172324,3.056994312,0.2424208524,3.001113626,0.2566371681,0.005299208098,1,21.22566899,0.09083790133,3.068821009,0.2352480418,3.297461208,0.1953238617,3.228881682,0.2072989271,0.01009441114,0.9994778068,21.10243056,0.09050229332
1,4,806,59.87111428,2.564077919e-05,1,18.55077411,0.1690345676,2.754158392,0.2984334204,2.940353237,0.2513703994,2.884504991,0.2654867257,0.004965457043,1,21.87670997,0.08904799195,2.971054424,0.2501305483,3.201713477,0.2036021926,3.132528406,0.2175581486,0.01045876149,0.9994778068,21.74253589,0.09016668531
1,4,1000,59.64012585,3.651824609e-06,1,19.7510079,0.1765298132,2.381091662,0.3477806789,2.563401866,0.306074505,2.508718799,0.3185840708,0.005801668078,0.9994778068,24.06798181,0.08625125853,2.656297684,0.2861618799,2.890486737,0.2359324309,2.820242859,0.250998512,0.0152679259,0.9971279373,23.88793946,0.08681060521
1,4,1250,58.2756811,5.751121006e-07,1,20.45562797,0.1854793601,1.954990082,0.4297650131,2.118862836,0.3847186486,2.069709993,0.3982300885,0.01502229036,0.9981723238,26.05819238,0.07830853563,2.271350467,0.3375979112,2.495824351,0.2890703658,2.428494491,0.3036259691,0.03531957607,0.9892950392,25.82292882,0.07998657568
1,4,1409,56.86782581,3.596045923e-07,1,20.17721888,0.1893947869,1.717264746,0.4749347258,1.860465797,0.4285714286,1.817513332,0.4424778761,0.03139152441,0.991383812,26.39466175,0.07349815416,2.037760617,0.3843342037,2.244686305,0.3333706231,2.182619943,0.3486569034,0.05820777753,0.9812010444,26.13547028,0.07249133013
1,4,1500,56.06659957,3.324275996e-07,1,19.84475202,0.1914084349,1.601303967,0.4924281984,1.732953312,0.4463586531,1.693465725,0.4601769912,0.04672680124,0.9861618799,26.35446788,0.06991833538,1.919668444,0.4078328982,2.116011074,0.353618973,2.057119049,0.3698801786,0.07659382473,0.9751958225,26.08543915,0.06980646605
1,4,1750,54.30194483,3.192151172e-07,1,18.69635287,0.2000223739,1.322609728,0.6020887728,1.429469332,0.5637095872,1.397417309,0.5752212389,0.1295138167,0.9548302872,26.02214299,0.05917887907,1.625958184,0.474151436,1.799221512,0.4191744043,1.747252012,0.4356645,0.1610793063,0.9480417755,25.72980069,0.0614162658
1,4,2000,53.05346044,3.126004611e-07,1,17.41288906,0.2104262222,1.078873398,0.6355091384,1.167446435,0.5999552523,1.140879379,0.610619469,0.3203371804,0.8932114883,25.65256767,0.05112428683,1.356432532,0.5420365535,1.510385372,0.489540217,1.46420796,0.5052862401,0.3374856019,0.8898172324,25.3481443,0.05291419622
1,4,2250,52.07820897,3.054086045e-07,1,16.06904875,0.2191520304,0.8731145002,0.7067885117,0.9467432205,0.6831860387,0.9246586408,0.6902654867,0.6722440951,0.7968668407,25.28534502,0.04497147332,1.117691337,0.6234986945,1.254244807,0.5680724913,1.213286252,0.5846973138,0.6620587415,0.8067885117,24.97933934,0.04485960398
1,4,2460,51.36974699,2.989855764e-07,1,14.93502913,0.228660924,0.7217759825,0.7597911227,0.785903339,0.7363239736,0.7666686475,0.7433628319,1.111495789,0.7005221932,25.00741171,0.03948987583,0.9367122754,0.6825065274,1.059450689,0.635417832,1.022635894,0.6495418592,1.086235933,0.7148825065,24.71046052,0.04072043853
1,4,2500,51.24172526,2.975487601e-07,1,14.71937257,0.2312339188,0.6946005197,0.7597911227,0.7571956616,0.7363239736,0.7384205505,0.7433628319,1.211293553,0.6819843342,24.95958397,0.03870679047,0.9042160673,0.6919060052,1.0245633,0.6472759817,0.9884657277,0.6606625421,1.183270472,0.6932114883,24.66466945,0.03982548383
1,4,2750,50.47421212,2.898447598e-07,1,13.37047314,0.2436514151,0.5410014716,0.8036553525,0.5946911748,0.7807361002,0.5785872071,0.7876106195,1.945546084,0.5665796345,24.66970683,0.03546257971,0.7202307398,0.7574412533,0.8264523126,0.7142857143,0.7945916639,0.7272300102,1.900421145,0.5780678851,24.38740142,0.03557444904
1,4,3000,49.74663097,2.823946888e-07,1,12.04265537,0.260208077,0.4162297627,0.8540469974,0.4614539116,0.8349927285,0.4478891462,0.8407079646,2.866765197,0.4493472585,24.43198644,0.03210649961,0.5706402226,0.8033942559,0.6643988002,0.7689898199,0.6362763668,0.7793092646,2.797993308,0.464229765,24.15394898,0.03333706231
1,4,3250,49.03681166,2.746779668e-07,1,10.70447375,0.2802326882,0.3140399745,0.9161879896,0.3520513659,0.8968564716,0.3406500323,0.9026548673,3.968753088,0.3595300261,24.24790227,0.02930976619,0.4466062231,0.8430809399,0.5304907259,0.8113882985,0.5053299736,0.8208943535,3.877456096,0.3736292428,23.96599062,0.02998098221
1,4,3500,48.31838389,2.666896278e-07,1,9.334750896,0.3065219823,0.2290692642,0.945691906,0.260625008,0.9347801768,0.2511600147,0.9380530973,5.268073751,0.2869451697,24.12313768,0.02606555543,0.3400611256,0.8796344648,0.4158512321,0.8546817317,0.393118355,0.8621661837,5.153596833,0.3005221932,23.83513646,0.02651303278
1,4,3750,47.58458322,2.582096943e-07,1,7.939345892,0.3439982101,0.1586752254,0.9537859008,0.1832532064,0.9439534624,0.1758811595,0.9469026549,6.747514444,0.2310704961,24.08385302,0.02416377671,0.2519680087,0.9151436031,0.3181632525,0.8886900101,0.2983083082,0.8966246378,6.604127911,0.246997389,23.78131355,0.02572994742
1,4,4000,46.81683896,2.489086901e-07,1,6.529612233,0.3904239848,0.1010309392,1,0.1186754497,1,0.1133830639,1,8.345566894,0.1911227154,24.08672917,0.02293321401,0.1804138165,0.9475195822,0.2337774945,0.9213558564,0.2177713165,0.9292035398,8.177951155,0.209921671,23.76311999,0.02338069135
1,4,4250,45.98583795,2.385030606e-07,1,5.090488442,0.4569862401,0.0578803932,1,0.06989930133,1,0.06629428777,1,10.07357026,0.1503916449,24.0431654,0.02203825931,0.1240348886,0.9665796345,0.163761448,0.9480926278,0.151845658,0.9536377163,9.886908574,0.1704960836,23.69828654,0.02461125406
1,4,4297,45.81847688,2.362537187e-07,1,4.812568241,0.4722004699,0.05090748523,1,0.06179720512,1,0.05853088613,1,10.41425497,0.1477806789,24.02191864,0.02270947533,0.1143212332,0.9710182768,0.1512355925,0.9542454413,0.1401633083,0.9592763725,10.22468524,0.1689295039,23.67168164,0.02483499273
1,4,4500,45.0406721,2.258220075e-07,1,3.599275925,0.5525226535,0.02645998422,1,0.03307397293,1,0.0310901389,1,11.90521027,0.1255874674,23.84622745,0.02472312339,0.07529971822,0.982767624,0.1003347095,0.9750531379,0.09282558452,0.9773670609,11.69929924,0.1436031332,23.4694298,0.02696051012
1,4,4750,43.96080293,2.116396375e-07,1,2.195867383,0.669314241,0.008840231907,1,0.0115000242,1,0.01070223232,1,13.80750156,0.1044386423,23.56383607,0.02617742477,0.03897671273,0.9911227154,0.05181552301,0.987023157,0.04796458375,0.9882527997,13.58038795,0.1234986945,23.12799736,0.02863855017
1,4,5000,42.71742384,1.94514347e-07,1,1.057613459,0.8010963195,0.001792358657,1,0.002376645807,1,0.002201391693,1,15.64418592,0.08903394256,23.09817053,0.02807920349,0.01524425677,0.9960835509,0.01929522507,0.9956370959,0.01808015665,0.9957710079,15.39026958,0.108616188,22.60733604,0.03288958496
1,4,5250,41.21024186,1.719303989e-07,1,0.326336002,0.9229220271,0.0001886534859,1,0.0002467841434,1,0.0002293481329,1,16.52780067,0.07075718016,21.70021936,0.0317708916,0.002795616857,0.9994778068,0.003239237457,0.9997762613,0.003106175596,0.9996867413,16.26369645,0.09347258486,21.20401337,0.03702875042
1,4,5500,39.41266435,1.488396628e-07,1,0.04261357547,0.9862400716,1.553970715e-05,1,1.891596077e-05,1,1.790326977e-05,1,15.3123083,0.05848563969,18.53575413,0.034232017,0.0001707132169,1,0.0002058790833,1,0.0001953312512,1,15.09188813,0.07754569191,18.12817562,0.04463586531
1,4,5750,37.48624278,1.318673758e-07,1,0.001475864478,0.9995525227,4.606085926e-06,1,5.184426194e-06,1,5.010955818e-06,1,12.20053614,0.04908616188,14.13679344,0.02942163553,2.064126702e-05,1,2.491161363e-05,1,2.363074375e-05,1,12.0491193,0.05979112272,13.8405489,0.03904239848
1,4,6000,35.83057771,1.239195831e-07,1,6.976249559e-05,1,3.354004301e-06,1,3.669323134e-06,1,3.57474477e-06,1,9.622080264,0.04255874674,10.88754517,0.02875041951,7.600604294e-06,1,8.855211529e-06,1,8.478898137e-06,1,9.505253467,0.04647519582,10.66114607,0.03535071037
1,4,6250,34.57908276,1.195595599e-07,1,2.807282732e-05,1,2.761286021e-06,1,2.974200796e-06,1,2.910338036e-06,1,8.01256044,0.03968668407,8.960645474,0.03087593691,4.270463471e-06,1,4.908099463e-06,1,4.716843621e-06,1,7.91095713,0.04125326371,8.778153636,0.0305403289
1,4,6500,33.68933903,1.169524636e-07,1,9.70104793e-06,1,2.230450414e-06,1,2.374940289e-06,1,2.331601247e-06,1,7.040839834,0.04281984334,7.829209799,0.0296453742,2.815180397e-06,1,3.182608738e-06,1,3.072400379e-06,1,6.960254097,0.04151436031,7.686675824,0.0296453742
1,4,6750,33.06504248,1.149432533e-07,1,2.706288988e-06,1,1.764812811e-06,1,1.866750222e-06,1,1.836174587e-06,1,6.426931829,0.04464751958,7.116308388,0.03132341425,2.005862918e-06,1,2.23461431e-06,1,2.166001433e-06,1,6.360469372,0.04308093995,7.003944717,0.03098780624
1,4,7000,32.62892955,1.133829673e-07,1,1.188174392e-06,1,1.39176135e-06,1,1.46303531e-06,1,1.441657029e-06,1,6.039865041,0.0454308094,6.66534944,0.03188276094,1.502726719e-06,1,1.650285127e-06,1,1.606025694e-06,1,5.984358079,0.04412532637,6.574505115,0.03188276094
1,4,7250,32.32532073,1.121805577e-07,1,7.492910403e-07,1,1.077116312e-06,1,1.126829962e-06,1,1.111918593e-06,1,5.796288512,0.04569190601,6.378314392,0.03199463027,1.135600418e-06,1,1.232402827e-06,1,1.203367411e-06,1,5.748574283,0.04438642298,6.301831167,0.03244210762
1,4,7500,32.11021661,1.110580085e-07,1,5.300038815e-07,1,7.639094124e-07,1,7.960747296e-07,1,7.864268978e-07,1,5.645228085,0.0409921671,6.192950713,0.03467949435,7.956130145e-07,1,8.558645006e-07,1,8.377923578e-07,1,5.605050689,0.04308093995,6.127096975,0.03165902226
1,4,7506,32.10584283,1.110328812e-07,1,5.261248681e-07,1,7.563400407e-07,1,7.881303819e-07,1,7.785950223e-07,1,5.642783604,0.0407310705,6.189796789,0.03434388634,7.875284893e-07,1,8.47022208e-07,1,8.291773538e-07,1,5.602804817,0.04308093995,6.124195087,0.03188276094
1,4,7750,31.94763215,1.098625864e-07,1,3.99462424e-07,1,4.688617014e-07,1,4.874114898e-07,1,4.818475702e-07,1,5.580281662,0.03942558747,6.106420157,0.03501510236,4.841402242e-07,1,5.17581231e-07,1,5.075507622e-07,1,5.546455343,0.03916449086,6.048711721,0.03389640899
1,4,8000,31.80081793,1.082201207e-07,1,3.082188673e-07,1,2.481861809e-07,1,2.578223171e-07,1,2.549320045e-07,1,5.609239775,0.03603133159,6.122663736,0.03109967558,2.547231248e-07,1,2.712612674e-07,1,2.663007313e-07,1,5.580694278,0.03812010444,6.071345412,0.03244210762
1,4,8250,31.62906095,1.058101401e-07,1,2.483590425e-07,1,1.235921379e-07,1,1.284214317e-07,1,1.269729083e-07,1,5.760632862,0.03237597911,6.261610402,0.02886228885,1.264475671e-07,1,1.342730481e-07,1,1.319258328e-07,1,5.735312599,0.03446475196,6.214113008,0.0296453742
1,4,8500,31.39875144,1.029091182e-07,1,2.152300093e-07,1,7.235533141e-08,1,7.526042842e-08,1,7.438905857e-08,1,5.98338875,0.02480417755,6.471884689,0.01991274192,7.401056259e-08,1,7.843445983e-08,1,7.710753318e-08,1,5.960464267,0.0274151436,6.426973604,0.02147891263
1,4,8750,31.13074552,1.006634432e-07,1,1.979948087e-07,1,5.623844585e-08,1,5.855455048e-08,1,5.785984606e-08,1,6.134469514,0.01879895561,6.608736016,0.01510236044,5.757872339e-08,1,6.092832728e-08,1,5.992362974e-08,1,6.11327855,0.02402088773,6.56606359,0.0171160085
1,4,9000,30.89195481,9.959455407e-08,1,1.90331082e-07,1,5.179958918e-08,1,5.395129353e-08,1,5.330590018e-08,1,6.192530584,0.01723237598,6.658052813,0.0137599284,5.306331804e-08,1,5.606355178e-08,1,5.516364613e-08,1,6.172405431,0.02167101828,6.617275189,0.01566170713
1,4,9250,30.71651456,9.916275e-08,1,1.869768476e-07,1,5.067053833e-08,1,5.279820351e-08,1,5.21600206e-08,1,6.206795608,0.01644908616,6.66724439,0.01320058172,5.191914499e-08,1,5.479862014e-08,1,5.393493545e-08,1,6.187326271,0.02140992167,6.628048444,0.01487862177
1,4,9500,30.59902864,9.89543571e-08,1,1.852968929e-07,1,5.034688786e-08,1,5.247653652e-08,1,5.183775867e-08,1,6.21231933,0.01697127937,6.669679025,0.01398366708,5.159374131e-08,1,5.440932407e-08,1,5.35648036e-08,1,6.193109514,0.01958224543,6.63164945,0.01499049111
1,4,9750,30.52271944,9.881104302e-08,1,1.84145004e-07,1,5.025345795e-08,1,5.239089543e-08,1,5.174978136e-08,1,6.216048219,0.01644908616,6.671878894,0.01387179774,5.150241568e-08,1,5.427571523e-08,1,5.34438774e-08,1,6.196819627,0.01932114883,6.634624824,0.0146548831
1,4,10000,30.47321985,9.869249172e-08,1,1.833083804e-07,1,5.017442871e-08,1,5.231171293e-08,1,5.167064483e-08,1,6.221683029,0.01853785901,6.676783854,0.01387179774,5.143110442e-08,1,5.416109735e-08,1,5.334224913e-08,1,6.202184638,0.01984334204,6.640096559,0.01499049111
1,4,10250,30.44066933,9.85941926e-08,1,1.828113889e-07,1,5.015068812e-08,1,5.229291466e-08,1,5.165036414e-08,1,6.228091302,0.0180156658,6.683070268,0.01387179774,5.142827762e-08,1,5.412797715e-08,1,5.331821529e-08,1,6.208010703,0.01879895561,6.646512523,0.01476675243
1,4,10500,30.4187971,9.849536813e-08,1,1.823575388e-07,1,5.013427732e-08,1,5.227754574e-08,1,5.163468271e-08,1,6.233927434,0.01853785901,6.688907735,0.01420740575,5.143175704e-08,1,5.410430785e-08,1,5.330268911e-08,1,6.213199522,0.01853785901,6.652306891,0.0146548831
1,4,10750,30.40358916,9.840666809e-08,1,1.821943621e-07,1,5.011437005e-08,1,5.226124553e-08,1,5.161730057e-08,1,6.241161848,0.01749347258,6.696573334,0.01431927509,5.143874592e-08,1,5.409228603e-08,1,5.329636947e-08,1,6.219491931,0.01775456919,6.659636951,0.01521422978
1,4,11000,30.39265233,9.832841399e-08,1,1.819421948e-07,1,5.009662919e-08,1,5.224825074e-08,1,5.160288223e-08,1,6.248728232,0.01723237598,6.704258394,0.01420740575,5.145365446e-08,1,5.409430497e-08,1,5.330225458e-08,1,6.22593042,0.0180156658,6.666718415,0.01543796845
1,4,11250,30.38442682,9.825219791e-08,1,1.817865334e-07,1,5.012252871e-08,1,5.227922628e-08,1,5.163233524e-08,1,6.255554328,0.01749347258,6.711666179,0.01409553641,5.151071452e-08,1,5.414260933e-08,1,5.335318517e-08,1,6.23164303,0.0180156658,6.6734962,0.01554983779
1,4,11500,30.37797953,9.817907254e-08,1,1.81664416e-07,1,5.014603075e-08,1,5.230781887e-08,1,5.165940094e-08,1,6.262257798,0.0180156658,6.719239251,0.01420740575,5.156365142e-08,1,5.418894753e-08,1,5.340150262e-08,1,6.23729217,0.0180156658,6.680402721,0.01554983779
1,4,11750,30.37273774,9.811294953e-08,1,1.816322005e-07,1,5.018445335e-08,1,5.235304049e-08,1,5.170258323e-08,1,6.268811825,0.01853785901,6.726534437,0.01454301376,5.163156102e-08,1,5.425376712e-08,1,5.346724904e-08,1,6.242730752,0.0182767624,6.68696475,0.01554983779
1,4,12000,30.36835815,9.804855076e-08,1,1.816206457e-07,1,5.022835845e-08,1,5.240546141e-08,1,5.175244987e-08,1,6.275770006,0.01906005222,6.734181958,0.01454301376,5.170286783e-08,1,5.432621323e-08,1,5.353935342e-08,1,6.248566838,0.01906005222,6.693869889,0.0158854458
1,4,12250,30.36456623,9.799030946e-08,1,1.816374797e-07,1,5.028649055e-08,1,5.24700299e-08,1,5.181508779e-08,1,6.282515399,0.01879895561,6.742389188,0.01487862177,5.17921964e-08,1,5.441691087e-08,1,5.362964042e-08,1,6.254046935,0.01879895561,6.701132266,0.01644479248
1,4,12500,30.36121343,9.793136438e-08,1,1.815628257e-07,1,5.035907044e-08,1,5.254675713e-08,1,5.189057105e-08,1,6.289224308,0.01958224543,6.750120102,0.01476675243,5.189938793e-08,1,5.452372955e-08,1,5.373657093e-08,1,6.259315153,0.01906005222,6.70774416,0.01622105381
1,4,12750,30.35819384,9.787856413e-08,1,1.815472261e-07,1,5.042007739e-08,1,5.261116172e-08,1,5.195395653e-08,1,6.296116504,0.01932114883,6.75810341,0.0146548831,5.199467045e-08,1,5.46182507e-08,1,5.383132045e-08,1,6.264727156,0.01932114883,6.714571884,0.01622105381
1,4,13000,30.35543455,9.782527275e-08,1,1.815304217e-07,1,5.049880116e-08,1,5.269390884e-08,1,5.203549687e-08,1,6.302187591,0.02010443864,6.765477855,0.01476675243,5.210673508e-08,1,5.473137985e-08,1,5.394413031e-08,1,6.269357549,0.02010443864,6.72081141,0.01610918447
1,4,13111,30.35428069,9.78023842e-08,1,1.814772405e-07,1,5.05383604e-08,1,5.273483126e-08,1,5.207601042e-08,1,6.304649987,0.02010443864,6.768317834,0.01499049111,5.216101562e-08,1,5.478573783e-08,1,5.399846506e-08,1,6.271158425,0.02010443864,6.723132688,0.01610918447
1,4,13250,30.35287812,9.777151212e-08,1,1.81415532e-07,1,5.058804574e-08,1,5.278553197e-08,1,5.212640657e-08,1,6.308247733,0.01984334204,6.772569378,0.01499049111,5.223000088e-08,1,5.485448829e-08,1,5.406728594e-08,1,6.273891378,0.02010443864,6.726680142,0.01599731514
1,4,13500,30.35048551,9.772002492e-08,1,1.813021741e-07,1,5.067633769e-08,1,5.287331995e-08,1,5.221434571e-08,1,6.315366736,0.02010443864,6.780371568,0.01499049111,5.235355531e-08,1,5.497559331e-08,1,5.418912565e-08,1,6.279447536,0.01984334204,6.733171531,0.01610918447
1,4,13750,30.34824365,9.767379035e-08,1,1.81328505e-07,1,5.074668833e-08,1,5.294284153e-08,1,5.228411597e-08,1,6.323229362,0.02062663185,6.789115266,0.01487862177,5.246211873e-08,1,5.508223289e-08,1,5.429634228e-08,1,6.285658337,0.02036553525,6.740510683,0.01644479248
1,4,14000,30.34615388,9.763005452e-08,1,1.812444946e-07,1,5.083550919e-08,1,5.303332168e-08,1,5.237409841e-08,1,6.330120495,0.02088772846,6.796815651,0.01521422978,5.25907833e-08,1,5.521206284e-08,1,5.442582268e-08,1,6.290887136,0.01984334204,6.746808707,0.01666853116
1,4,14250,30.34417961,9.758507077e-08,1,1.811873966e-07,1,5.093795364e-08,1,5.313995762e-08,1,5.247947714e-08,1,6.336848707,0.02140992167,6.804326241,0.01521422978,5.273528665e-08,1,5.536091394e-08,1,5.457336969e-08,1,6.296022567,0.01932114883,6.75290916,0.01666853116
1,4,14500,30.34228913,9.754258851e-08,1,1.811431977e-07,1,5.105137837e-08,1,5.325861621e-08,1,5.259656586e-08,1,6.343266049,0.02140992167,6.811572761,0.01554983779,5.288952428e-08,1,5.552045893e-08,1,5.473132276e-08,1,6.300855494,0.01958224543,6.758778376,0.01689226983
1,4,14750,30.34049925,9.750044814e-08,1,1.811242984e-07,1,5.116427524e-08,1,5.337445572e-08,1,5.271152274e-08,1,6.349740129,0.02088772846,6.818901442,0.01554983779,5.304397456e-08,1,5.567843009e-08,1,5.488823785e-08,1,6.305678996,0.01906005222,6.76469035,0.01700413917
1,4,15000,30.33878012,9.745822335e-08,1,1.811860014e-07,1,5.128070858e-08,1,5.349445351e-08,1,5.283045139e-08,1,6.355555007,0.02114882507,6.825708422,0.01532609912,5.320044743e-08,1,5.5838994e-08,1,5.504757468e-08,1,6.309913714,0.01906005222,6.770121281,0.01678040049
1,4,22901,30.30836131,9.666024755e-08,1,1.816843943e-07,1,5.491803292e-08,1,5.716252118e-08,1,5.648929774e-08,1,6.490038181,0.02245430809,6.974337264,0.01823470187,5.780019985e-08,1,6.049355582e-08,1,5.968569668e-08,1,6.413717329,0.02323759791,6.890232401,0.0183465712
1,4,40000,30.16057052,9.52447258e-08,1,1.953698579e-07,1,5.383148152e-08,1,5.556991553e-08,1,5.504848063e-08,1,6.783862616,0.01749347258,7.309340763,0.01443114442,5.759362175e-08,1,5.993840863e-08,1,5.923510111e-08,1,6.687186134,0.01671018277,7.201324734,0.01599731514
2,5,0,42.15511852,4.767924465,0.007310704961,4.760988852,0.009620762949,4.763896161,0.007832898172,4.75923652,0.009285154939,4.760634157,0.008849557522,4.767970189,0.007310704961,4.761036694,0.009620762949,4.763897574,0.007832898172,4.759236004,0.009285154939,4.76063422,0.008849557522,4.767968749,0.007310704961,4.761037222,0.009620762949
2,5,1,42.10803243,4.743203165,0.01044386423,4.751448503,0.00760711489,4.742566142,0.01122715405,4.748652739,0.007830853563,4.746827094,0.008849557522,4.743285029,0.01044386423,4.751532008,0.00760711489,4.742566768,0.01122715405,4.748652566,0.007830853563,4.74682716,0.008849557522,4.743284357,0.01044386423,4.751532201,0.00760711489
2,5,2,42.0658692,4.730161276,0.01148825065,4.751970737,0.008166461573,4.733109528,0.01122715405,4.747880665,0.007830853563,4.743450134,0.008849557522,4.730253834,0.01148825065,4.752064772,0.008166461573,4.733108302,0.01122715405,4.747881286,0.007830853563,4.743450201,0.008849557522,4.73025501,0.01148825065,4.752064174,0.008278330909
2,5,3,42.02746555,4.721695751,0.01122715405,4.755621049,0.008278330909,4.728452947,0.01044386423,4.750119558,0.008166461573,4.743620763,0.008849557522,4.721792391,0.01096605744,4.755723624,0.008278330909,4.728450786,0.01044386423,4.750120579,0.008166461573,4.743620829,0.008849557522,4.721794502,0.01122715405,4.755722626,0.008278330909
2,5,5,41.96076144,4.709093547,0.01253263708,4.762824143,0.007383376217,4.723855652,0.01044386423,4.754147051,0.008166461573,4.745061292,0.008849557522,4.709212944,0.01253263708,4.762952202,0.007495245553,4.723856084,0.01044386423,4.754146969,0.008166461573,4.745061364,0.008849557522,4.709212465,0.01253263708,4.762952305,0.007495245553
2,5,9,41.87108745,4.687926311,0.01697127937,4.77074851,0.006152813514,4.719576253,0.01201044386,4.754630431,0.007495245553,4.744116099,0.008849557522,4.688148849,0.01723237598,4.770986875,0.006152813514,4.719578519,0.01201044386,4.754629591,0.007495245553,4.744116191,0.008849557522,4.688146595,0.01697127937,4.770987711,0.006152813514
2,5,16,41.88216696,4.643723919,0.02819843342,4.795032961,0.005369728158,4.716884948,0.01201044386,4.75608791,0.007495245553,4.74432917,0.008849557522,4.644176363,0.02819843342,4.795512137,0.005481597494,4.716884949,0.01201044386,4.756088184,0.007495245553,4.744329362,0.008849557522,4.644176424,0.02819843342,4.795511825,0.005369728158
2,5,28,42.48979667,4.503142961,0.04856396867,4.939574306,0.004251034791,4.714530199,0.01201044386,4.750695391,0.007495245553,4.739847816,0.008849557522,4.504858696,0.04751958225,4.941325881,0.003915426782,4.714534928,0.01201044386,4.750695501,0.007495245553,4.739849312,0.008849557522,4.504855194,0.04725848564,4.941324433,0.003915426782
2,5,50,44.75271119,4.090904618,0.1130548303,5.585898951,0.003020472089,4.714502042,0.01174934726,4.762195937,0.00760711489,4.747890383,0.008849557522,4.100802657,0.1091383812,5.59600962,0.002908602752,4.714550643,0.01174934726,4.762214733,0.00760711489,4.747918119,0.008849557522,4.100754695,0.1080939948,5.595989861,0.003020472089
2,5,87,50.5917096,2.701725572,0.3746736292,7.182109556,0.008502069583,4.696242977,0.03498694517,4.783982686,0.02293321401,4.757665583,0.02654867257,2.806927836,0.3467362924,7.304029981,0.006824029534,4.69716402,0.02663185379,4.785424209,0.01845844054,4.758950991,0.02091001645,2.80566989,0.3441253264,7.302477091,0.006712160197
2,5,151,59.81259847,0.07439255255,1,14.37058251,0.03702875042,4.833028292,0.03342036554,5.049163251,0.02360443003,4.984334612,0.02654867257,0.1968691751,0.9997389034,15.3486356,0.0238281687,4.868764456,0.04412532637,5.08863626,0.03143528359,5.022686772,0.03524160075,0.2016272899,0.9981723238,15.32417647,0.02282134467
2,5,250,59.94218837,0.01234847996,1,15.77700579,0.04418838796,4.497507165,0.07650130548,4.716779866,0.05571092963,4.651010076,0.06194690265,0.04972230044,1,17.02692112,0.02640116344,4.551862153,0.06422976501,4.775701171,0.05123615617,4.708561736,0.05513352651,0.05328072872,1,16.99406235,0.02651303278
2,5,264,59.89904428,0.0105408449,1,15.86518045,0.04519521199,4.454247278,0.07650130548,4.672672466,0.05571092963,4.607156884,0.06194690265,0.04411495717,1,17.14240938,0.02696051012,4.510632012,0.07049608355,4.733698286,0.05336167357,4.666790632,0.05850105725,0.04751553183,1,17.10857196,0.02696051012
2,5,462,59.74551773,0.001139050868,1,17.5045268,0.0547041056,4.008806059,0.1240208877,4.226366608,0.09855688556,4.16111037,0.1061946903,0.008900265545,1,19.23276498,0.0317708916,4.099467791,0.0955613577,4.322653911,0.07696610359,4.25571031,0.08254366043,0.01054382574,1,19.18493343,0.03221836895
2,5,500,59.76679421,0.0007515864476,1,17.84740704,0.05615840698,3.937859887,0.1255874674,4.156608059,0.09788566954,4.090995599,0.1061946903,0.006726112009,1,19.67088713,0.03221836895,4.035836907,0.09791122715,4.260343751,0.07909162099,4.193004006,0.08473647114,0.008169514903,1,19.62029363,0.03255397695
2,5,750,60.05742773,5.1203688e-05,1,20.19222033,0.06756907932,3.527502452,0.1644908616,3.759008634,0.1317820785,3.68956947,0.1415929204,0.001301648863,1,22.7070147,0.03557444904,3.682386492,0.1302872063,3.921188309,0.1060521311,3.849560855,0.1133213251,0.002036354652,1,22.63450873,0.03702875042
2,5,806,60.10813059,2.842501638e-05,1,20.71840559,0.07126076742,3.449905991,0.1644908616,3.684872101,0.1317820785,3.614395149,0.1415929204,0.0009464242067,1,23.40303222,0.03613379573,3.619567755,0.1373368146,3.862201694,0.113659246,3.789424814,0.1207612186,0.001605998475,1,23.32585365,0.03691688108
2,5,1000,59.99787758,4.036142291e-06,1,22.3962619,0.0773017116,3.176650636,0.192689295,3.417657941,0.1576238953,3.345368962,0.1681415929,0.0003879703231,1,25.7099081,0.03691688108,3.402696542,0.1673629243,3.653445272,0.1381586307,3.578234399,0.1469183178,0.0009096490446,1,25.61595577,0.03803557445
2,5,1250,58.81205558,6.170218745e-07,1,23.74733726,0.08255957042,2.828712368,0.2211488251,3.059871249,0.1833538427,2.990536257,0.1946902655,0.0002289389246,1,27.80992811,0.03803557445,3.119048458,0.2044386423,3.362811999,0.1726143864,3.2896963,0.1821599186,0.001001707995,0.9997389034,27.69537904,0.03948987583
2,5,1409,57.50963079,3.778304073e-07,1,23.83528759,0.08457321848,2.600406896,0.3203655352,2.811459114,0.2798970802,2.748155019,0.2920353982,0.0002475873626,1,28.21055154,0.03680501175,2.918454638,0.2323759791,3.143017356,0.2018122833,3.075660851,0.2109797165,0.001419731639,0.9997389034,28.08585493,0.03893052914
2,5,1500,56.76018246,3.47497204e-07,1,23.67059024,0.0852444345,2.48256102,0.3203655352,2.681792356,0.2798970802,2.622033877,0.2920353982,0.00028561286,1,28.17467937,0.03613379573,2.811598207,0.2516971279,3.024715863,0.216690905,2.96079225,0.2271908528,0.001742207236,0.9997389034,28.04568654,0.03747622777
2,5,1750,55.14168715,3.349204541e-07,1,22.99055316,0.08949546929,2.229936726,0.3459530026,2.407136345,0.3068575903,2.353986173,0.3185840708,0.0004939902697,1,27.81832735,0.03467949435,2.581494283,0.2968668407,2.774090333,0.2594249916,2.716322076,0.2706554938,0.003093598358,0.9994778068,27.67686658,0.03792370511
2,5,2000,54.07536014,3.311502408e-07,1,22.28463808,0.09486519745,2.020807783,0.4187989556,2.182223403,0.3767759257,2.133807566,0.389380531,0.0009427476262,1,27.46524373,0.034232017,2.391139812,0.3347258486,2.570163131,0.2934332699,2.516465949,0.3058187799,0.005638269863,0.998694517,27.30636865,0.03602192639
2,5,2250,53.31397454,3.259977045e-07,1,21.55924565,0.1004586643,1.819106434,0.5044386423,1.96761829,0.4538538986,1.923072874,0.4690265487,0.002030061407,1,27.15805692,0.03221836895,2.207523697,0.3647519582,2.376207626,0.3237498602,2.325611694,0.3360482418,0.01097488603,0.9973890339,26.97732954,0.03479136369
2,5,2460,52.8030475,3.21950934e-07,1,20.902799,0.1052690458,1.649632207,0.5138381201,1.786711822,0.4624678376,1.745595452,0.4778761062,0.004101206361,1,26.89626016,0.03233023828,2.052043019,0.3979112272,2.211655233,0.3525002797,2.163780319,0.3661210745,0.01942056158,0.9950391645,26.69234637,0.03467949435
2,5,2500,52.71456478,3.213362199e-07,1,20.76987503,0.1070589551,1.616920005,0.5164490862,1.751507967,0.4613491442,1.711138956,0.4778761062,0.004689886145,1,26.84338678,0.03210649961,2.02185426,0.4036553525,2.179282861,0.3570869225,2.132062911,0.3710548986,0.02148403727,0.9942558747,26.63496421,0.03501510236
2,5,2750,52.20914768,3.162636141e-07,1,19.92879099,0.1114218593,1.425474006,0.5997389034,1.545421859,0.5520751762,1.509444078,0.5663716814,0.0117572185,0.9997389034,26.53177996,0.03009285155,1.840167716,0.4394255875,1.984671721,0.3951224969,1.941328441,0.4084109954,0.04094968164,0.9879895561,26.29766195,0.03378453966
2,5,3000,51.74820386,3.116212322e-07,1,19.00749758,0.1188052355,1.235526262,0.6459530026,1.339341563,0.6081217138,1.308202664,0.6194690265,0.03088992524,0.9906005222,26.20732494,0.02919789686,1.654815966,0.4806788512,1.783983739,0.4395346236,1.745240488,0.4518756363,0.07717987134,0.9746736292,25.94838385,0.03009285155
2,5,3250,51.30047288,3.05737061e-07,1,17.96737239,0.1274191744,1.047978825,0.6548302872,1.136153351,0.6296006265,1.109705827,0.6371681416,0.07815379818,0.9699738903,25.8434396,0.02640116344,1.462856686,0.5336814621,1.576714539,0.4947980758,1.542563425,0.5064609601,0.1437884791,0.9537859008,25.55889419,0.02919789686
2,5,3500,50.84526016,3.002820459e-07,1,16.77269358,0.1418503188,0.8511369145,0.755613577,0.9240144637,0.7254726479,0.9021551941,0.7345132743,0.1833534672,0.9334203655,25.43477088,0.02528247007,1.254374212,0.5955613577,1.354160342,0.5546481709,1.324229973,0.5669198841,0.2641029911,0.9135770235,25.11814897,0.0271842488
2,5,3750,50.35701884,2.932735591e-07,1,15.37823177,0.1600850207,0.6565270573,0.8681462141,0.7143429456,0.8542342544,0.6970013486,0.8584070796,0.385362794,0.874151436,24.93099993,0.02270947533,1.031462075,0.6631853786,1.11768556,0.625797069,1.091823241,0.6370115123,0.471618547,0.8545691906,24.58142897,0.02483499273
2,5,4000,49.80866474,2.855026198e-07,1,13.7532957,0.1854793601,0.4747970282,0.9174934726,0.5187771585,0.90893836,0.5055855304,0.9115044248,0.7764580985,0.7618798956,24.30966301,0.02114330462,0.8013437479,0.7394255875,0.8733498429,0.7132788903,0.8517519618,0.7211214661,0.8464223876,0.7644908616,23.9345771,0.02270947533
2,5,4250,49.17126183,2.764708665e-07,1,11.8584165,0.2187045531,0.3182377729,0.9587467363,0.3518809812,0.95446918,0.341789863,0.9557522124,1.443318177,0.6206266319,23.52654816,0.0192415259,0.5825982145,0.815926893,0.6418102229,0.7971808927,0.6240498664,0.8028036651,1.471535977,0.6373368146,23.13677546,0.022597606
2,5,4297,49.04287682,2.745954283e-07,1,11.4907692,0.2274303613,0.2928436633,0.9587467363,0.3248582518,0.95446918,0.3152556303,0.9557522124,1.599686262,0.5919060052,23.37030022,0.01812283253,0.5446149822,0.8295039164,0.601649295,0.8098221278,0.5845421278,0.8157255854,1.619543412,0.607310705,22.98039549,0.022597606
2,5,4500,48.44789677,2.665510309e-07,1,9.852756717,0.2633404184,0.1948653069,0.9864229765,0.2210266323,0.9805347354,0.2131796689,0.982300885,2.382422184,0.481462141,22.65287769,0.01879404855,0.3894836981,0.8845953003,0.4377226661,0.8691128762,0.4232536201,0.8737567546,2.367999027,0.4937336815,22.27112149,0.02215012865
2,5,4750,47.63214651,2.56371846e-07,1,7.81917172,0.319051348,0.1090656927,0.9864229765,0.1300018162,0.9805347354,0.1237221269,0.982300885,3.650972045,0.3637075718,21.78878387,0.0192415259,0.2384329531,0.9310704961,0.2777135489,0.9229220271,0.2659315236,0.9253661211,3.5783971,0.381462141,21.41254171,0.02226199799
2,5,5000,46.74068595,2.45925423e-07,1,5.93527126,0.3979192303,0.05510380075,0.9864229765,0.06979981868,0.9805347354,0.06539181894,0.982300885,5.174163544,0.2775456919,21.08469271,0.02036021926,0.1295639152,0.97154047,0.1576349496,0.9612932095,0.1492151782,0.9643668259,5.043860244,0.2924281984,20.71945146,0.02371629936
2,5,5250,45.78017659,2.350037446e-07,1,4.236553791,0.489204609,0.02264937088,0.9939947781,0.0298421937,0.9899317597,0.02768474117,0.9911504425,7.034363952,0.211227154,20.69117542,0.02360443003,0.05897187757,0.9861618799,0.07452246381,0.9816534288,0.06985814042,0.983005717,6.865248058,0.2305483029,20.34298934,0.02763172614
2,5,5500,44.75999751,2.233376378e-07,1,2.775160966,0.6062199351,0.005767389337,1,0.007428184825,1,0.006930037224,1,9.370127646,0.1736292428,20.81132728,0.02919789686,0.02070248016,0.9966057441,0.02614132864,0.9951896185,0.02450997226,0.9956143786,9.173728427,0.1916449086,20.46196083,0.03378453966
2,5,5750,43.67274909,2.115964918e-07,1,1.597671354,0.7293880747,0.00133740816,1,0.001588590272,1,0.001513249408,1,12.17162397,0.146997389,21.45978937,0.03546257971,0.006263496794,0.9994778068,0.00782123159,0.999328784,0.007353996547,0.9993734827,11.95505131,0.161618799,21.1045486,0.03926613715
2,5,6000,42.497442,1.977219656e-07,1,0.8020148957,0.8412574113,0.0004740288483,1,0.0005402309754,1,0.0005203739665,1,15.09928468,0.1253263708,22.34363463,0.04732072939,0.002454401702,1,0.002907661724,1,0.002771708566,1,14.86025192,0.1462140992,21.97160472,0.056829623
2,5,6250,41.2818104,1.86029433e-07,1,0.4049330507,0.9112876161,0.0002112203322,1,0.0002374648924,1,0.0002295929631,1,17.64990653,0.1151436031,23.21318342,0.06443673789,0.001415729258,1,0.001463662136,1,0.001449284901,1,17.39598245,0.1318537859,22.83891782,0.0727150688
2,5,6500,40.07141685,1.747950913e-07,1,0.2162622642,0.9482044971,0.0001073947232,1,0.000118236279,1,0.0001149844066,1,19.21267604,0.1083550914,23.57457702,0.07685423425,0.0007681430615,1,0.0007805458337,1,0.000776825682,1,18.9632659,0.1245430809,23.20684114,0.08289517843
2,5,6750,38.80973463,1.577174817e-07,1,0.1091962318,0.9743819219,5.295860754e-05,1,5.72298877e-05,1,5.594873781e-05,1,19.14472693,0.1015665796,22.56952934,0.08021031435,0.000346682916,1,0.0003752258182,1,0.0003666645122,1,18.92397631,0.1180156658,22.22852756,0.08613938919
2,5,7000,37.3837205,1.409867983e-07,1,0.05892234914,0.9879181116,2.059288389e-05,1,2.145154494e-05,1,2.119399369e-05,1,16.81973135,0.09033942559,19.41511679,0.07595927956,9.852594254e-05,1,0.0001107344135,1,0.0001070725415,1,16.65592653,0.1018276762,19.15575045,0.08132900772
2,5,7250,35.96390939,1.315460533e-07,1,0.04837009363,0.9923928851,7.75807374e-06,1,8.020753923e-06,1,7.941964269e-06,1,13.67174911,0.07806788512,15.68949216,0.06980646605,2.30040217e-05,1,2.629938113e-05,1,2.531095395e-05,1,13.58431999,0.08798955614,15.52202113,0.07405750084
2,5,7500,34.80647607,1.261705498e-07,1,0.04487317642,0.9937353171,4.159220881e-06,1,4.359186652e-06,1,4.299207883e-06,1,11.37074338,0.06449086162,13.03140602,0.0589551404,8.813211479e-06,1,1.00854489e-05,1,9.703847415e-06,1,11.33064935,0.07075718016,12.92198315,0.06275869784
2,5,7506,34.78267129,1.260847415e-07,1,0.04475605426,0.9937353171,4.11830753e-06,1,4.317922081e-06,1,4.258048659e-06,1,11.32850343,0.06449086162,12.9829567,0.05839579371,8.677169967e-06,1,9.925846486e-06,1,9.551311983e-06,1,11.28908633,0.07049608355,12.87451023,0.06253495917
2,5,7750,33.95513824,1.228749942e-07,1,0.03933349169,0.9958608345,3.025396565e-06,1,3.19971943e-06,1,3.147432127e-06,1,10.02311626,0.05404699739,11.44281444,0.04687325204,5.378000073e-06,1,6.017625054e-06,1,5.825772624e-06,1,9.996039581,0.05822454308,11.35965233,0.05291419622
2,5,8000,33.32281921,1.196965689e-07,1,0.03597849818,0.9966439199,2.355463153e-06,1,2.496482945e-06,1,2.454184738e-06,1,9.173971375,0.04751958225,10.40917241,0.04027296118,3.7835872e-06,1,4.154531764e-06,1,4.04326873e-06,1,9.151616647,0.04934725849,10.33702492,0.04251034791
2,5,8250,32.83995888,1.168916958e-07,1,0.03356805548,0.9966439199,1.894919969e-06,1,2.010608e-06,1,1.975907933e-06,1,8.522501504,0.04125326371,9.615561897,0.034232017,2.830851339e-06,1,3.087686865e-06,1,3.010650287e-06,1,8.500479122,0.04751958225,9.544142036,0.03814744379
2,5,8500,32.47114675,1.144847984e-07,1,0.030801901,0.9968676586,1.550258329e-06,1,1.643997497e-06,1,1.615880885e-06,1,7.920296528,0.03577023499,8.895583497,0.03132341425,2.202342229e-06,1,2.399563579e-06,1,2.340407986e-06,1,7.894432792,0.04229765013,8.822547578,0.03579818772
2,5,8750,32.18182313,1.121781796e-07,1,0.02765636232,0.9970913972,1.274666443e-06,1,1.35351649e-06,1,1.329865798e-06,1,7.259419332,0.03315926893,8.130976973,0.02416377671,1.743174352e-06,1,1.903095598e-06,1,1.855127991e-06,1,7.232315828,0.03524804178,8.059671745,0.02785546482
2,5,9000,31.94834571,1.101870146e-07,1,0.02550759507,0.9977626133,1.050246902e-06,1,1.11722031e-06,1,1.097131959e-06,1,6.660643524,0.02767624021,7.435003891,0.01991274192,1.398632966e-06,1,1.529099979e-06,1,1.489967027e-06,1,6.630877021,0.03080939948,7.366539616,0.02136704329
2,5,9250,31.76372229,1.086545131e-07,1,0.02491703767,0.9977626133,8.422487429e-07,1,8.978187643e-07,1,8.811508042e-07,1,6.300322593,0.02245430809,7.001909027,0.01610918447,1.104868257e-06,1,1.209295125e-06,1,1.177972789e-06,1,6.264380749,0.02610966057,6.933255395,0.01678040049
2,5,9500,31.61820077,1.074338305e-07,1,0.02570294674,0.9977626133,6.461159676e-07,1,6.893990962e-07,1,6.764165304e-07,1,6.164625382,0.01618798956,6.825341411,0.01364805907,8.410381773e-07,1,9.208576453e-07,1,8.969161806e-07,1,6.123940215,0.02114882507,6.75630998,0.01353618973
2,5,9750,31.49491088,1.062899069e-07,1,0.0274768141,0.9977626133,4.803455766e-07,1,5.12755262e-07,1,5.030341331e-07,1,6.166229408,0.01462140992,6.807573019,0.01230562703,6.238632374e-07,1,6.834502571e-07,1,6.655774178e-07,1,6.123309542,0.0180156658,6.739272028,0.01320058172
2,5,10000,31.37788079,1.050394931e-07,1,0.02990521426,0.9977626133,3.413341067e-07,1,3.641682998e-07,1,3.573192936e-07,1,6.252076929,0.01540469974,6.886786007,0.01163441101,4.447890041e-07,1,4.871563108e-07,1,4.744484414e-07,1,6.207957779,0.01514360313,6.818981824,0.01241749636
2,5,10250,31.25171757,1.035283232e-07,1,0.03305844347,0.9973151359,2.271624585e-07,1,2.421648908e-07,1,2.376649835e-07,1,6.414821803,0.01462140992,7.042995295,0.01073945632,2.969120295e-07,1,3.250376389e-07,1,3.166014979e-07,1,6.37021287,0.01514360313,6.975605482,0.01096319499
2,5,10500,31.09754813,1.015390898e-07,1,0.03643695208,0.9973151359,1.407988023e-07,1,1.499635552e-07,1,1.472146317e-07,1,6.650444834,0.0135770235,7.27142847,0.009732632285,1.84720246e-07,1,2.021048991e-07,1,1.968904562e-07,1,6.604093162,0.01436031332,7.20359553,0.008725808256
2,5,10750,30.89113373,9.88348663e-08,1,0.03916631625,0.9973151359,8.556110341e-08,1,9.099417321e-08,1,8.936455011e-08,1,6.921813012,0.01096605744,7.527179518,0.008502069583,1.12420343e-07,1,1.22859345e-07,1,1.197282167e-07,1,6.874184617,0.01488250653,7.458167487,0.0079427229
2,5,11000,30.62245414,9.590233155e-08,1,0.04058593389,0.9973151359,5.91771583e-08,1,6.288232238e-08,1,6.177097628e-08,1,7.123912022,0.01044386423,7.703772117,0.008166461573,7.748022421e-08,1,8.461035589e-08,1,8.247170726e-08,1,7.077169881,0.01279373368,7.634563136,0.007718984226
2,5,11250,30.33544179,9.383508142e-08,1,0.04083071104,0.9973151359,5.025466695e-08,1,5.341862386e-08,1,5.246961024e-08,1,7.203231604,0.01044386423,7.757752721,0.008613938919,6.505859244e-08,1,7.10286631e-08,1,6.923796919e-08,1,7.160366778,0.01279373368,7.691520604,0.008390200246
2,5,11500,30.09138796,9.271859917e-08,1,0.0405882,0.9970913972,4.848118628e-08,1,5.157585699e-08,1,5.064762543e-08,1,7.216961591,0.01148825065,7.747708288,0.008613938919,6.18744009e-08,1,6.756119234e-08,1,6.585546666e-08,1,7.177945105,0.0135770235,7.685026016,0.008725808256
2,5,11750,29.91063229,9.210550967e-08,1,0.04015167967,0.9970913972,4.886606706e-08,1,5.201994817e-08,1,5.107395674e-08,1,7.218764618,0.01227154047,7.731930405,0.009397024276,6.149339366e-08,1,6.713029332e-08,1,6.543953244e-08,1,7.183494966,0.0135770235,7.673139973,0.009620762949
2,5,12000,29.78402444,9.170212779e-08,1,0.03962524222,0.9970913972,4.971616018e-08,1,5.295487061e-08,1,5.198343503e-08,1,7.227746487,0.01279373368,7.727062902,0.01051571764,6.178453036e-08,1,6.743834023e-08,1,6.574250721e-08,1,7.195567111,0.01409921671,7.671603184,0.01073945632
2,5,12250,29.69657304,9.141129003e-08,1,0.03910456233,0.9970913972,5.065989414e-08,1,5.398285097e-08,1,5.298614609e-08,1,7.242890969,0.01279373368,7.731146076,0.01107506432,6.236331472e-08,1,6.806061876e-08,1,6.635173988e-08,1,7.212834108,0.01540469974,7.678131287,0.01241749636
2,5,12500,29.63581567,9.117347802e-08,1,0.0386371488,0.9970913972,5.16011139e-08,1,5.500536283e-08,1,5.398427477e-08,1,7.264643885,0.01331592689,7.742783604,0.01152254167,6.302938452e-08,1,6.877680596e-08,1,6.70528946e-08,1,7.236563413,0.01775456919,7.692210257,0.0137599284
2,5,12750,29.59284706,9.09807327e-08,1,0.03817304742,0.9970913972,5.251409847e-08,1,5.599329088e-08,1,5.494972389e-08,1,7.289609857,0.01540469974,7.759629477,0.01230562703,6.370223861e-08,1,6.950112827e-08,1,6.776177927e-08,1,7.26365125,0.0180156658,7.711478749,0.01320058172
2,5,13000,29.56183556,9.081592958e-08,1,0.03780091863,0.9970913972,5.339399844e-08,1,5.694970144e-08,1,5.588318546e-08,1,7.317918686,0.01540469974,7.781620776,0.01364805907,6.439735504e-08,1,7.026269633e-08,1,6.850341548e-08,1,7.293717644,0.01879895561,7.735519577,0.01387179774
2,5,13111,29.5507997,9.075390697e-08,1,0.03764314191,0.9970913972,5.377500166e-08,1,5.73617071e-08,1,5.628589209e-08,1,7.330524347,0.01644908616,7.791885015,0.01398366708,6.470575601e-08,1,7.060005434e-08,1,6.883208797e-08,1,7.307100078,0.0182767624,7.746676903,0.01398366708
2,5,13250,29.53881,9.067831019e-08,1,0.03745051418,0.9970913972,5.424400758e-08,1,5.787044824e-08,1,5.678271485e-08,1,7.345933039,0.01775456919,7.80473018,0.01454301376,6.510398302e-08,1,7.103667184e-08,1,6.925719043e-08,1,7.323469363,0.01932114883,7.760661775,0.01431927509
2,5,13500,29.52123829,9.055394453e-08,1,0.03711107115,0.9970913972,5.507347976e-08,1,5.876941892e-08,1,5.766083978e-08,1,7.372699634,0.01879895561,7.828082076,0.01521422978,6.582307472e-08,1,7.182468561e-08,1,7.002453135e-08,1,7.351799738,0.01932114883,7.785944131,0.01487862177
2,5,13750,29.50745151,9.044149071e-08,1,0.03683924575,0.9970913972,5.588859155e-08,1,5.965441129e-08,1,5.852487181e-08,1,7.399391574,0.01932114883,7.851959734,0.01487862177,6.655233266e-08,1,7.262385789e-08,1,7.080273317e-08,1,7.379905946,0.02062663185,7.811487336,0.01543796845
2,5,14000,29.49633759,9.034304477e-08,1,0.03659093628,0.9970913972,5.66755422e-08,1,6.050849527e-08,1,5.935881947e-08,1,7.424677258,0.02010443864,7.874131037,0.01487862177,6.727250755e-08,1,7.34145267e-08,1,7.157225766e-08,1,7.406813834,0.02114882507,7.835500839,0.0158854458
2,5,14250,29.48713474,9.025282104e-08,1,0.03636237283,0.9970913972,5.744578194e-08,1,6.134358514e-08,1,6.017445786e-08,1,7.447528436,0.02062663185,7.893924031,0.0158854458,6.799197551e-08,1,7.420148916e-08,1,7.233897547e-08,1,7.431066023,0.02114882507,7.856850165,0.01633292315
2,5,14500,29.47935569,9.01680457e-08,1,0.03616629198,0.9970913972,5.817880574e-08,1,6.213778942e-08,1,6.095031134e-08,1,7.469542208,0.02140992167,7.914093068,0.01655666182,6.868801881e-08,1,7.496668904e-08,1,7.308343217e-08,1,7.454399947,0.02167101828,7.8785103,0.01655666182
2,5,14750,29.4726505,9.008991573e-08,1,0.03599193789,0.9970913972,5.888214464e-08,1,6.289755037e-08,1,6.169314878e-08,1,7.489432891,0.02140992167,7.932376772,0.01678040049,6.936467268e-08,1,7.570728645e-08,1,7.380485003e-08,1,7.475427254,0.02245430809,7.898015905,0.01644479248
2,5,15000,29.46679688,9.001432884e-08,1,0.03583079717,0.9970913972,5.958605489e-08,1,6.365943804e-08,1,6.24376464e-08,1,7.507243923,0.02140992167,7.948767054,0.01700413917,7.005974512e-08,1,7.646623397e-08,1,7.454463852e-08,1,7.49428697,0.02245430809,7.915587968,0.01722787784
2,5,22901,29.40492922,8.888834319e-08,1,0.034767821,0.9973151359,7.204752108e-08,1,7.723606355e-08,1,7.567978525e-08,1,7.751090447,0.0365535248,8.182975424,0.03076406757,8.266370735e-08,1,9.03280222e-08,1,8.80291479e-08,1,7.750528119,0.03315926893,8.164804189,0.02774359548
2,5,40000,29.37962465,8.820237948e-08,1,0.0347291332,0.9973151359,7.508624861e-08,1,8.065142833e-08,1,7.89821795e-08,1,7.934440785,0.0365535248,8.363803474,0.03020472089,8.543716273e-08,1,9.350583669e-08,1,9.108567683e-08,1,7.935530664,0.03107049608,8.350596478,0.0271842488
3,5,0,42.13686584,4.78011406,0.007571801567,4.771671522,0.009061416266,4.7746328,0.007049608355,4.769832365,0.009620762949,4.771272232,0.008849557522,4.780095992,0.007571801567,4.771661884,0.009061416266,4.774633695,0.007049608355,4.769832051,0.009620762949,4.771272281,0.008849557522,4.780095164,0.007571801567,4.771662169,0.009061416266
3,5,1,42.08754854,4.747896262,0.009399477807,4.751884602,0.008502069583,4.745764334,0.007049608355,4.749232233,0.009620762949,4.748192053,0.008849557522,4.747891425,0.009399477807,4.751888492,0.008613938919,4.745760587,0.007049608355,4.74923391,0.009620762949,4.748192104,0.008849557522,4.747895231,0.009399477807,4.751886787,0.008502069583
3,5,2,42.04384113,4.732370905,0.01201044386,4.748189866,0.0079427229,4.733577835,0.009138381201,4.744492402,0.008725808256,4.74121863,0.008849557522,4.732390073,0.01201044386,4.748218864,0.0079427229,4.733573767,0.009138381201,4.744494218,0.008725808256,4.741218682,0.008849557522,4.7323942,0.01201044386,4.74821702,0.0079427229
3,5,3,42.00425984,4.723962522,0.01148825065,4.751135478,0.008054592236,4.728563804,0.01122715405,4.746220814,0.007830853563,4.740924679,0.008849557522,4.724007818,0.01148825065,4.751191385,0.0079427229,4.728561597,0.01122715405,4.746221828,0.007830853563,4.740924727,0.008849557522,4.724010098,0.01148825065,4.751190336,0.0079427229
3,5,5,41.9331921,4.713521974,0.01592689295,4.760769218,0.007718984226,4.725236595,0.01122715405,4.753200779,0.007830853563,4.744813057,0.008849557522,4.713620003,0.01592689295,4.760873285,0.007830853563,4.725233113,0.01122715405,4.753202349,0.007830853563,4.744813111,0.008849557522,4.713623569,0.01592689295,4.760871676,0.007718984226
3,5,9,41.81940701,4.693340797,0.02010443864,4.768730817,0.005929074841,4.720823692,0.01174934726,4.754630076,0.00760711489,4.744490014,0.008849557522,4.693507831,0.01984334204,4.76890688,0.005929074841,4.720814961,0.01174934726,4.754633926,0.00760711489,4.74449009,0.008849557522,4.693516592,0.02010443864,4.768903012,0.005929074841
3,5,16,41.76603089,4.654655123,0.03028720627,4.787262641,0.003915426782,4.717692695,0.01148825065,4.754785395,0.007718984226,4.743659618,0.008849557522,4.655017972,0.03028720627,4.787607366,0.003915426782,4.717677044,0.01148825065,4.754792321,0.007718984226,4.743659773,0.008849557522,4.655033748,0.03054830287,4.787600367,0.003915426782
3,5,28,42.22218139,4.535819791,0.03812010444,4.897370873,0.004474773465,4.715416804,0.01201044386,4.754019838,0.007495245553,4.742441044,0.008849557522,4.537071345,0.03759791123,4.898542927,0.004474773465,4.715384272,0.01201044386,4.754035186,0.007495245553,4.74244203,0.008849557522,4.537103783,0.03759791123,4.898527043,0.004474773465
3,5,50,44.33692599,4.146993781,0.09947780679,5.525913412,0.004474773465,4.713401459,0.01122715405,4.757862445,0.007830853563,4.744526587,0.008849557522,4.156679321,0.09660574413,5.535527378,0.004251034791,4.713268042,0.01122715405,4.757948784,0.007830853563,4.744547011,0.008849557522,4.156802897,0.09634464752,5.535430009,0.004251034791
3,5,87,50.0416557,2.834157833,0.3281984334,7.118845182,0.005145989484,4.667184675,0.03263707572,4.752601705,0.02394003804,4.726981279,0.02654867257,2.935077416,0.3049608355,7.230951946,0.003467949435,4.667190227,0.02793733681,4.754607903,0.02181452064,4.728387392,0.02365102984,2.935231006,0.3039164491,7.228740417,0.003579818772
3,5,151,59.68373732,0.0965519329,1,14.66058287,0.01845844054,4.505610291,0.1028720627,4.714195662,0.08233583175,4.651631485,0.08849557522,0.2716442956,0.998694517,15.74114716,0.01073945632,4.539315404,0.08276762402,4.763438076,0.06656225529,4.696213561,0.07142297752,0.2811227729,0.9932114883,15.70865681,0.01174628034
3,5,250,60.09519061,0.01328696052,1,16.53004291,0.02416377671,4.141370319,0.08981723238,4.362635775,0.07528806354,4.296268268,0.0796460177,0.06914438204,1,18.01079609,0.0125293657,4.200369887,0.08851174935,4.442656676,0.07383376217,4.369983922,0.07823635367,0.077560005,0.9997389034,17.96384037,0.01286497371
3,5,264,60.05574795,0.01135334091,1,16.61449509,0.02461125406,4.097820423,0.1120104439,4.318506373,0.09106164,4.252312686,0.09734513274,0.06221658876,1,18.13186595,0.01264123504,4.159292622,0.09138381201,4.401444646,0.07495245553,4.328812314,0.0798809617,0.07036940689,0.9997389034,18.08357009,0.0125293657
3,5,462,59.97258623,0.001227762201,1,18.29995532,0.02807920349,3.580009623,0.1699738903,3.801465798,0.1420740575,3.735041086,0.1504424779,0.01599197007,1,20.4255412,0.01431927509,3.686099165,0.1433420366,3.93594707,0.1207070142,3.861006395,0.1274962801,0.02152010496,1,20.35413987,0.01431927509
3,5,500,60.00776868,0.0008092290731,1,18.65763767,0.02975724354,3.495073819,0.1822454308,3.71724132,0.1494574337,3.650603249,0.1592920354,0.01273802617,1,20.91430143,0.0146548831,3.610160725,0.1587467363,3.862020564,0.1280903904,3.786476419,0.1372856136,0.01790220516,1,20.83825714,0.0146548831
3,5,750,60.32272431,5.494472232e-05,1,21.05226148,0.0375880971,3.003393961,0.3007832898,3.233144155,0.2503635753,3.164231692,0.2654867257,0.003913040713,1,24.27082702,0.01577357646,3.178179978,0.227154047,3.445925478,0.192750867,3.365616506,0.203069935,0.008188784452,0.9992167102,24.16247017,0.01566170713
3,5,806,60.36914232,3.050290608e-05,1,21.58813572,0.03982548383,2.909009486,0.3167101828,3.14105787,0.2688220159,3.071456076,0.2831858407,0.003273279334,1,25.04654502,0.01599731514,3.096231894,0.244386423,3.36825246,0.2069582727,3.286661202,0.218184666,0.007602438494,0.9992167102,24.93064959,0.01666853116
3,5,1000,60.24385916,4.31979504e-06,1,23.34895556,0.04564268934,2.617340439,0.3516971279,2.854966835,0.3043964649,2.783691943,0.3185840708,0.002321591455,1,27.68263088,0.01566170713,2.840827526,0.2968668407,3.125173579,0.2511466607,3.039885351,0.2648602083,0.007727318179,0.998694517,27.53870466,0.01700413917
3,5,1250,59.02523475,6.41587914e-07,1,24.77798319,0.05291419622,2.299674731,0.398694517,2.53064543,0.3474661595,2.461366882,0.3628318584,0.00283460139,1,30.1758602,0.01666853116,2.555299349,0.3415143603,2.840084774,0.2916433606,2.754664758,0.3066019265,0.01263851838,0.9963446475,29.99326659,0.01722787784
3,5,1409,57.68430112,3.842843446e-07,1,24.85564186,0.05526345229,2.115267612,0.4412532637,2.326994877,0.3924376328,2.263488304,0.407079646,0.00419871024,0.9997389034,30.7051983,0.01655666182,2.381683329,0.3686684073,2.649237455,0.3144647052,2.568985884,0.3307228444,0.01808812392,0.9945169713,30.50181727,0.01722787784
3,5,1500,56.90925553,3.50808221e-07,1,24.66743805,0.05571092963,2.024101094,0.4684073107,2.224566689,0.4187269269,2.164438,0.4336283186,0.005478281648,0.9994778068,30.70675291,0.01633292315,2.293798583,0.3817232376,2.550424895,0.3273296789,2.47345107,0.3436447647,0.02222718512,0.9939947781,30.49510959,0.01745161651
3,5,1750,55.23027184,3.370928156e-07,1,23.85879517,0.05828392438,1.80442338,0.4966057441,1.982327197,0.4445687437,1.928965804,0.4601769912,0.01262602676,0.9984334204,30.38256892,0.01577357646,2.073905882,0.4208877285,2.307631065,0.362904128,2.237526323,0.3802960294,0.04032175886,0.9866840731,30.15342433,0.01700413917
3,5,2000,54.11706935,3.327271587e-07,1,22.96115168,0.0614162658,1.609338935,0.5407310705,1.771555015,0.488869001,1.722899083,0.5044247788,0.03032182628,0.9921671018,30.0150633,0.01554983779,1.869121794,0.462924282,2.085463134,0.4056382146,2.020572592,0.4228208944,0.07261750606,0.9759791123,29.77507334,0.01622105381
3,5,2250,53.31320461,3.275123529e-07,1,21.99738793,0.06857590334,1.414966664,0.5973890339,1.564251502,0.5530820002,1.519474235,0.5663716814,0.0747295204,0.9772845953,29.65775352,0.01543796845,1.659075291,0.511227154,1.859318227,0.4572099787,1.799256323,0.4734121701,0.1327038972,0.9561357702,29.41496002,0.01554983779
3,5,2460,52.76498484,3.229008627e-07,1,21.13069737,0.07551180222,1.259367927,0.6138381201,1.398736225,0.5713167021,1.356933376,0.5840707965,0.1563553204,0.9422976501,29.36124778,0.01476675243,1.488147428,0.5579634465,1.676311231,0.5020695827,1.619872405,0.5188346777,0.2208181347,0.9297650131,29.12304138,0.01554983779
3,5,2500,52.66926187,3.21884062e-07,1,20.96183674,0.07707797293,1.23237632,0.6305483029,1.369852,0.5894395346,1.328616833,0.6017699115,0.178026448,0.9342036554,29.30573585,0.01431927509,1.458409441,0.5621409922,1.644245243,0.510124175,1.58850469,0.5257263685,0.2424553502,0.9237597911,29.06850355,0.01566170713
3,5,2750,52.11192787,3.160377947e-07,1,19.88836435,0.08613938919,1.059399864,0.6796344648,1.186298711,0.6316142745,1.148236014,0.6460176991,0.3729688218,0.8689295039,28.97522088,0.01431927509,1.267988839,0.6122715405,1.441813851,0.5627027632,1.389675877,0.577570679,0.4313411508,0.8663185379,28.74115387,0.01543796845
3,5,3000,51.59560742,3.103431829e-07,1,18.76017001,0.0965432375,0.8863608024,0.7360313316,0.9998144632,0.6959391431,0.9657845845,0.7079646018,0.6913106202,0.7866840731,28.65648847,0.01431927509,1.08119629,0.6600522193,1.241439734,0.6092404072,1.193375485,0.6244811653,0.7369507031,0.7958224543,28.4207528,0.01577357646
3,5,3250,51.10026229,3.046061704e-07,1,17.56858731,0.1105269046,0.7134794276,0.7436031332,0.8116673936,0.7053361674,0.7822163865,0.7168141593,1.135420414,0.7065274151,28.33208525,0.01420740575,0.8980780209,0.7033942559,1.042941863,0.6574560913,0.9994906517,0.6712350223,1.162485519,0.7214099217,28.09007256,0.0158854458
3,5,3500,50.6112819,2.989296027e-07,1,16.32344743,0.1271954357,0.5340150304,0.8039164491,0.6131853003,0.7679829959,0.5894385595,0.7787610619,1.716339229,0.6342036554,28.03605746,0.01398366708,0.7114929454,0.7579634465,0.8367071595,0.7100346795,0.7991497595,0.7244106821,1.719765098,0.6436031332,27.77993808,0.01510236044
3,5,3750,50.11374955,2.925100069e-07,1,15.00513397,0.1446470522,0.3648993413,0.8895561358,0.4246441842,0.8577022038,0.4067240065,0.8672566372,2.434955105,0.5558746736,27.76921966,0.01264123504,0.5293321411,0.8289817232,0.633059696,0.7830853563,0.6019471159,0.7968517503,2.418840571,0.5652741514,27.48678657,0.01431927509
3,5,4000,49.58050709,2.850127399e-07,1,13.49711445,0.1692583063,0.2156337487,0.9639686684,0.2552956402,0.9522317933,0.243399247,0.9557522124,3.319303288,0.4689295039,27.46886184,0.01174628034,0.3551856835,0.9002610966,0.4346703631,0.8636312787,0.4108293166,0.874618216,3.283649954,0.4882506527,27.14193783,0.01320058172
3,5,4250,48.96856633,2.751655697e-07,1,11.66797291,0.2027072379,0.1003139936,0.9864229765,0.1208206999,0.9805347354,0.1146698122,0.982300885,4.413906735,0.3853785901,27.03374524,0.01185814968,0.2002231807,0.9459530026,0.2525273364,0.9266137152,0.236838957,0.9324144412,4.353221436,0.4010443864,26.65267634,0.01230562703
3,5,4297,48.83931371,2.729139512e-07,1,11.27337293,0.2123280009,0.08352888874,0.9921671018,0.1009144832,0.9907148451,0.09569975796,0.9911504425,4.652420964,0.3676240209,26.92827674,0.01141067233,0.1743679625,0.9519582245,0.221314446,0.9375769102,0.2072330746,0.9418905161,4.586149337,0.3788511749,26.53518749,0.01219375769
3,5,4500,48.20840597,2.621096692e-07,1,9.363826323,0.262221725,0.03068825639,0.9921671018,0.03756119705,0.9907148451,0.03549969163,0.9911504425,5.823281917,0.2806788512,26.36453153,0.01062758698,0.08114191951,0.9817232376,0.1064447112,0.9749412686,0.09885526081,0.9769754875,5.732397362,0.3020887728,25.92284117,0.01197001902
3,5,4750,47.1766438,2.418295532e-07,1,6.423567738,0.3734198456,0.004087689384,1,0.005142973046,1,0.004826445798,1,7.604304074,0.1749347258,25.164043,0.009508893612,0.01640906839,0.9981723238,0.02299658725,0.9958608345,0.02102069272,0.9965541546,7.462378583,0.1976501305,24.68563322,0.011298803
3,5,5000,45.71920936,2.153012334e-07,1,3.18003591,0.5627027632,0.0002244724788,1,0.0002856226455,1,0.0002672809478,1,9.651152698,0.09817232376,23.30940528,0.009285154939,0.0009834762827,1,0.001607777151,1,0.001420521115,1,9.466526204,0.1120104439,22.85631547,0.009956370959
3,5,5250,43.75851117,1.844836659e-07,1,0.8763599944,0.8140731625,6.261100027e-06,1,7.598257631e-06,1,7.197183653e-06,1,11.48309078,0.05561357702,20.80492554,0.01062758698,2.148798772e-05,1,3.085405748e-05,1,2.804475e-05,1,11.29083489,0.05796344648,20.41526813,0.01230562703
3,5,5500,41.50521205,1.616659714e-07,1,0.144159493,0.9590558228,2.401461033e-07,1,2.869975633e-07,1,2.729446937e-07,1,12.29288195,0.04308093995,18.20353251,0.01320058172,5.687244744e-07,1,7.494809937e-07,1,6.952639471e-07,1,12.16268076,0.04203655352,17.918697,0.01443114442
3,5,5750,39.30629434,1.44122627e-07,1,0.02656349388,0.9918335384,3.070495582e-08,1,3.541934308e-08,1,3.400528535e-08,1,11.98458626,0.02819843342,15.77866105,0.01801096319,5.19581338e-08,1,6.529608692e-08,1,6.129543218e-08,1,11.91750159,0.0315926893,15.59055013,0.02036021926
3,5,6000,37.30781624,1.30368142e-07,1,0.005426021278,0.9978744826,1.388714453e-08,1,1.562784803e-08,1,1.51057324e-08,1,10.83895208,0.02428198433,13.31287455,0.01912965656,1.783326348e-08,1,2.153647552e-08,1,2.042571492e-08,1,10.80627897,0.02689295039,13.18798353,0.02136704329
3,5,6250,35.62065113,1.211565799e-07,1,0.0007615321267,0.9997762613,1.579966852e-08,1,1.733343115e-08,1,1.687338644e-08,1,9.512790585,0.02036553525,11.18291679,0.01476675243,1.812702562e-08,1,2.095335106e-08,1,2.010560837e-08,1,9.492110492,0.02140992167,11.09366627,0.01689226983
3,5,6500,34.3070484,1.145713192e-07,1,5.711700569e-05,1,2.436921352e-08,1,2.618122067e-08,1,2.563771786e-08,1,8.406099517,0.01775456919,9.610936179,0.01297684305,2.677498264e-08,1,3.000617301e-08,1,2.903699304e-08,1,8.389635991,0.01671018277,9.541266901,0.01398366708
3,5,6750,33.32890472,1.103527326e-07,1,7.271600566e-06,1,3.709927685e-08,1,3.949769975e-08,1,3.877830436e-08,1,7.421147866,0.01671018277,8.351775452,0.01275310437,3.959248433e-08,1,4.362443807e-08,1,4.241507298e-08,1,7.407507103,0.01540469974,8.295444721,0.01174628034
3,5,7000,32.64604532,1.081623718e-07,1,2.212078647e-06,1,4.834640119e-08,1,5.109193178e-08,1,5.026842311e-08,1,6.685856362,0.01305483029,7.45032402,0.011298803,5.075391164e-08,1,5.519017485e-08,1,5.385953908e-08,1,6.66943857,0.01253263708,7.398451163,0.01073945632
3,5,7250,32.18882842,1.068473324e-07,1,1.050598527e-06,1,5.512720806e-08,1,5.801823484e-08,1,5.715108529e-08,1,6.2593203,0.01227154047,6.926597068,0.009844501622,5.758779527e-08,1,6.212246508e-08,1,6.076231273e-08,1,6.236276189,0.01305483029,6.87282984,0.009732632285
3,5,7500,31.87952666,1.057720969e-07,1,5.899670403e-07,1,5.868398125e-08,1,6.164975588e-08,1,6.076018608e-08,1,6.033095665,0.0135770235,6.647854732,0.01096319499,6.141063884e-08,1,6.596179763e-08,1,6.459669949e-08,1,6.002903275,0.01331592689,6.589053232,0.01018010963
3,5,7506,31.87339691,1.057482127e-07,1,5.84233608e-07,1,5.874222905e-08,1,6.170935777e-08,1,6.081938181e-08,1,6.029288616,0.0135770235,6.643224479,0.01096319499,6.14761041e-08,1,6.602645709e-08,1,6.466160064e-08,1,5.998946075,0.0138381201,6.58430825,0.01029197897
3,5,7750,31.66096228,1.048467806e-07,1,4.107906332e-07,1,6.050643929e-08,1,6.351218955e-08,1,6.261062925e-08,1,5.914175557,0.01644908616,6.4979189,0.01174628034,6.360755706e-08,1,6.812823214e-08,1,6.677227744e-08,1,5.877023147,0.01279373368,6.43348353,0.009397024276
3,5,8000,31.4974091,1.039753254e-07,1,3.26194236e-07,1,6.131068502e-08,1,6.434819891e-08,1,6.343711126e-08,1,5.853601834,0.01853785901,6.414742648,0.01353618973,6.484611208e-08,1,6.933919754e-08,1,6.799151821e-08,1,5.809485858,0.01409921671,6.344273348,0.01085132565
3,5,8250,31.36629079,1.03193334e-07,1,2.852818955e-07,1,6.168639885e-08,1,6.476489747e-08,1,6.384151665e-08,1,5.822436136,0.0180156658,6.369567105,0.01420740575,6.568769706e-08,1,7.017233605e-08,1,6.88271902e-08,1,5.771516783,0.01540469974,6.293182279,0.01174628034
3,5,8500,31.25692468,1.025534169e-07,1,2.64837242e-07,1,6.195017527e-08,1,6.506442052e-08,1,6.413031767e-08,1,5.807478653,0.01853785901,6.344835311,0.01521422978,6.647195638e-08,1,7.095542757e-08,1,6.9610632e-08,1,5.749567165,0.01697127937,6.262410553,0.01286497371
3,5,8750,31.16528313,1.020747356e-07,1,2.547974252e-07,1,6.226614488e-08,1,6.541080525e-08,1,6.446757953e-08,1,5.799924838,0.0180156658,6.331976199,0.01644479248,6.738415542e-08,1,7.186033639e-08,1,7.051772749e-08,1,5.734733476,0.01932114883,6.243047625,0.01431927509
3,5,9000,31.08977819,1.017037155e-07,1,2.487828725e-07,1,6.263554704e-08,1,6.580295674e-08,1,6.485290747e-08,1,5.797096481,0.01671018277,6.324769961,0.01476675243,6.833294594e-08,1,7.279807202e-08,1,7.145877898e-08,1,5.72541301,0.01749347258,6.229717378,0.0137599284
3,5,9250,31.02848409,1.014195505e-07,1,2.443000882e-07,1,6.305958585e-08,1,6.624071209e-08,1,6.52865486e-08,1,5.795762908,0.01592689295,6.321617761,0.0137599284,6.93111162e-08,1,7.375733189e-08,1,7.242371092e-08,1,5.718128275,0.01775456919,6.220869466,0.01387179774
3,5,9500,30.97918187,1.011995739e-07,1,2.405279605e-07,1,6.354362024e-08,1,6.672015931e-08,1,6.576737173e-08,1,5.796039288,0.01514360313,6.320092396,0.01364805907,7.034113725e-08,1,7.475098788e-08,1,7.342827444e-08,1,5.712836018,0.01618798956,6.214023244,0.01286497371
3,5,9750,30.93978861,1.010143008e-07,1,2.371665624e-07,1,6.408336858e-08,1,6.726573196e-08,1,6.63111974e-08,1,5.797544367,0.01331592689,6.31844574,0.01174628034,7.137349549e-08,1,7.576112485e-08,1,7.444507657e-08,1,5.709616626,0.01488250653,6.207849222,0.01208188835
3,5,10000,30.90815514,1.008743271e-07,1,2.343452434e-07,1,6.462528846e-08,1,6.780853679e-08,1,6.68537368e-08,1,5.800377384,0.01436031332,6.318925436,0.01197001902,7.235192364e-08,1,7.671336013e-08,1,7.540516828e-08,1,5.708251473,0.01514360313,6.204483331,0.01118693366
3,5,10250,30.8826447,1.007599839e-07,1,2.319844703e-07,1,6.518744157e-08,1,6.837481863e-08,1,6.741878025e-08,1,5.804286985,0.01436031332,6.320937967,0.01141067233,7.33123202e-08,1,7.765915722e-08,1,7.635534441e-08,1,5.708363643,0.01566579634,6.203156226,0.01107506432
3,5,10500,30.8617509,1.006630853e-07,1,2.29929412e-07,1,6.57367277e-08,1,6.892724888e-08,1,6.797026743e-08,1,5.809104822,0.01409921671,6.324227179,0.01073945632,7.422094834e-08,1,7.855528441e-08,1,7.72552212e-08,1,5.709895891,0.01618798956,6.203536755,0.01141067233
3,5,10750,30.8445445,1.005844325e-07,1,2.279776562e-07,1,6.62772187e-08,1,6.94640627e-08,1,6.85081842e-08,1,5.814646658,0.01488250653,6.327666808,0.01163441101,7.50298817e-08,1,7.934472118e-08,1,7.805050587e-08,1,5.713126342,0.01697127937,6.205072688,0.01174628034
3,5,11000,30.83010378,1.005229942e-07,1,2.265267194e-07,1,6.681701827e-08,1,7.000636128e-08,1,6.904973322e-08,1,5.820387811,0.01592689295,6.331738932,0.01208188835,7.579287878e-08,1,8.009790334e-08,1,7.880663197e-08,1,5.717109089,0.01879895561,6.207708907,0.01297684305
3,5,11250,30.81772305,1.00472683e-07,1,2.249296871e-07,1,6.735982049e-08,1,7.055092222e-08,1,6.959376664e-08,1,5.825428158,0.01566579634,6.335417601,0.01286497371,7.654020872e-08,1,8.083556435e-08,1,7.954719314e-08,1,5.720543577,0.01932114883,6.210195788,0.01342432039
3,5,11500,30.80685295,1.004311449e-07,1,2.234848026e-07,1,6.791949529e-08,1,7.112033961e-08,1,7.016026178e-08,1,5.829710226,0.01644908616,6.339057074,0.01297684305,7.729479945e-08,1,8.158921619e-08,1,8.030112659e-08,1,5.723075555,0.01958224543,6.212694054,0.01476675243
3,5,11750,30.79706657,1.004032327e-07,1,2.222163977e-07,1,6.848779101e-08,1,7.169974901e-08,1,7.073633769e-08,1,5.833494456,0.01618798956,6.341722316,0.01342432039,7.803689182e-08,1,8.233387619e-08,1,8.104501644e-08,1,5.725317701,0.01984334204,6.214447756,0.01521422978
3,5,12000,30.7880289,1.003834783e-07,1,2.212073173e-07,1,6.905324619e-08,1,7.228218561e-08,1,7.13136808e-08,1,5.837488811,0.01697127937,6.344755568,0.01398366708,7.875927033e-08,1,8.30620334e-08,1,8.177144036e-08,1,5.727985461,0.02036553525,6.216761111,0.01599731514
3,5,12250,30.77935664,1.003746173e-07,1,2.204586048e-07,1,6.95913421e-08,1,7.283993019e-08,1,7.186553185e-08,1,5.842101261,0.01618798956,6.34887587,0.01431927509,7.947557292e-08,1,8.378796639e-08,1,8.249448476e-08,1,5.730982316,0.02167101828,6.219809317,0.01678040049
3,5,12500,30.77067892,1.003771691e-07,1,2.199479174e-07,1,7.0106333e-08,1,7.337538743e-08,1,7.239485031e-08,1,5.847370749,0.01775456919,6.353330464,0.01487862177,8.013145144e-08,1,8.445128892e-08,1,8.315557449e-08,1,5.734863834,0.0227154047,6.223504266,0.01767535519
3,5,12750,30.76167565,1.003950033e-07,1,2.19798114e-07,1,7.056463694e-08,1,7.384880351e-08,1,7.286373358e-08,1,5.853586977,0.01932114883,6.359396695,0.01543796845,8.073355605e-08,1,8.505108306e-08,1,8.375606164e-08,1,5.739501538,0.02480417755,6.228632684,0.01857030988
3,5,13000,30.75178244,1.004159194e-07,1,2.200439344e-07,1,7.092494137e-08,1,7.42179511e-08,1,7.323022871e-08,1,5.86256541,0.01984334204,6.369073155,0.01678040049,8.128668215e-08,1,8.55830591e-08,1,8.429438154e-08,1,5.746178999,0.02793733681,6.236794404,0.0204720886
3,5,13111,30.74687248,1.004274415e-07,1,2.203389953e-07,1,7.104302857e-08,1,7.433754774e-08,1,7.33493726e-08,1,5.867776611,0.01984334204,6.374639573,0.01767535519,8.149037586e-08,1,8.577079397e-08,1,8.448690319e-08,1,5.750194539,0.02845953003,6.241589071,0.02080769661
3,5,13250,30.74002725,1.004396381e-07,1,2.209074734e-07,1,7.112021176e-08,1,7.441267876e-08,1,7.342511915e-08,1,5.875563941,0.02088772846,6.38304741,0.01868217921,8.169329727e-08,1,8.594516191e-08,1,8.466983561e-08,1,5.756109144,0.02924281984,6.248721289,0.02136704329
3,5,13500,30.72473973,1.00441575e-07,1,2.224839561e-07,1,7.101752957e-08,1,7.429610994e-08,1,7.331271556e-08,1,5.896260003,0.02402088773,6.405762317,0.02002461125,8.187445151e-08,1,8.604955305e-08,1,8.479725147e-08,1,5.772373243,0.03263707572,6.268316006,0.02371629936
3,5,13750,30.70285076,1.003651227e-07,1,2.254855733e-07,1,7.039691543e-08,1,7.363154646e-08,1,7.266133448e-08,1,5.928389484,0.0274151436,6.440869905,0.02125517396,8.160502135e-08,1,8.564747075e-08,1,8.443495754e-08,1,5.798467862,0.03498694517,6.29897147,0.02617742477
3,5,14000,30.66840377,1.000679773e-07,1,2.297972636e-07,1,6.884598927e-08,1,7.197417148e-08,1,7.10358883e-08,1,5.977960073,0.02924281984,6.494335652,0.02293321401,8.051168056e-08,1,8.432472832e-08,1,8.318102303e-08,1,5.839658663,0.03812010444,6.346110795,0.02942163553
3,5,14250,30.61221438,9.933234645e-08,1,2.335410764e-07,1,6.589985063e-08,1,6.883273728e-08,1,6.795303206e-08,1,6.042776033,0.03080939948,6.5618745,0.02561807808,7.807666382e-08,1,8.153917081e-08,1,8.050060853e-08,1,5.89282589,0.04020887728,6.404814815,0.03277771563
3,5,14500,30.53238263,9.824625981e-08,1,2.337531521e-07,1,6.201527106e-08,1,6.468890415e-08,1,6.388696079e-08,1,6.095858843,0.03133159269,6.613636915,0.02729611813,7.435217282e-08,1,7.739820565e-08,1,7.648456279e-08,1,5.934542544,0.04203655352,6.447751141,0.03579818772
3,5,14750,30.44492759,9.725938215e-08,1,2.315080116e-07,1,5.907774538e-08,1,6.155475768e-08,1,6.081178978e-08,1,6.123528986,0.03394255875,6.637072515,0.02852668084,7.104112972e-08,1,7.379469092e-08,1,7.296877351e-08,1,5.956657449,0.04438642298,6.467516611,0.03926613715
3,5,15000,30.36508721,9.655849681e-08,1,2.288141692e-07,1,5.754894264e-08,1,5.993463757e-08,1,5.921905988e-08,1,6.140097835,0.03577023499,6.648437637,0.02942163553,6.903911643e-08,1,7.166216152e-08,1,7.087539179e-08,1,5.972548874,0.04516971279,6.480144236,0.04161539322
3,5,22901,30.06913234,9.423287376e-08,1,1.947143266e-07,1,5.971029334e-08,1,6.22906406e-08,1,6.151667788e-08,1,6.099099554,0.04647519582,6.554064915,0.03893052914,6.811016142e-08,1,7.089612937e-08,1,7.006049171e-08,1,5.981148949,0.06005221932,6.437379356,0.04911063877
3,5,40000,29.79000467,9.196749579e-08,1,1.746454334e-07,1,4.95391421e-08,1,5.178380262e-08,1,5.111052752e-08,1,6.628218908,0.02219321149,7.067684161,0.01554983779,5.773958318e-08,1,6.023961633e-08,1,5.948974344e-08,1,6.549103881,0.03054830287,6.984612612,0.02215012865
4,4,0,42.24462353,4.779513789,0.006527415144,4.767536111,0.009620762949,4.775991589,0.007049608355,4.765317275,0.009620762949,4.768518984,0.008849557522,4.779489726,0.006788511749,4.767513359,0.009620762949,4.775988777,0.007049608355,4.765318556,0.009620762949,4.768519038,0.008849557522,4.779492543,0.006527415144,4.767512076,0.009620762949
4,4,1,42.19652577,4.747131286,0.006005221932,4.752432645,0.008725808256,4.747045079,0.007049608355,4.749290748,0.009620762949,4.74861717,0.008849557522,4.747116024,0.006005221932,4.752414539,0.008725808256,4.74704312,0.007049608355,4.749291658,0.009620762949,4.74861722,0.008849557522,4.747118009,0.006005221932,4.752413619,0.008725808256
4,4,2,42.15412626,4.731178943,0.01174934726,4.751532334,0.0079427229,4.734515997,0.01122715405,4.747057806,0.007830853563,4.74329595,0.008849557522,4.73117763,0.01174934726,4.751527591,0.0079427229,4.734516627,0.01122715405,4.747057593,0.007830853563,4.743295991,0.008849557522,4.731177031,0.01174934726,4.75152779,0.0079427229
4,4,3,42.11531684,4.722087209,0.01174934726,4.755334245,0.006824029534,4.729068418,0.01122715405,4.749561138,0.007830853563,4.743414445,0.008849557522,4.722107992,0.01174934726,4.755349816,0.006824029534,4.729069469,0.01122715405,4.749560742,0.007830853563,4.743414483,0.008849557522,4.722106971,0.01174934726,4.755350197,0.006824029534
4,4,5,42.04503025,4.709988351,0.01409921671,4.76383578,0.007047768207,4.7246187,0.01122715405,4.755149696,0.007830853563,4.745992071,0.008849557522,4.710064085,0.01409921671,4.763905455,0.00693589887,4.724620903,0.01122715405,4.755148818,0.007830853563,4.745992117,0.008849557522,4.710061928,0.01409921671,4.763906311,0.00727150688
4,4,9,41.93939162,4.689544514,0.01906005222,4.773768054,0.005481597494,4.720414983,0.01070496084,4.75793216,0.008054592236,4.746679064,0.008849557522,4.689644238,0.01906005222,4.773853858,0.005481597494,4.720416541,0.01070496084,4.757931586,0.008054592236,4.746679129,0.008849557522,4.689642773,0.01932114883,4.773854387,0.005481597494
4,4,16,41.90716854,4.648723809,0.03472584856,4.791632594,0.004922250811,4.717435832,0.01201044386,4.755452832,0.007495245553,4.744049816,0.008849557522,4.648954366,0.03472584856,4.791836866,0.004922250811,4.717440869,0.01201044386,4.755450847,0.007495245553,4.744049937,0.008849557522,4.648949564,0.03472584856,4.791838739,0.004922250811
4,4,28,42.41478412,4.522218968,0.0498694517,4.911574482,0.003803557445,4.715398727,0.01201044386,4.753075953,0.007495245553,4.74177485,0.008849557522,4.523059575,0.04960835509,4.912348065,0.003691688108,4.715409344,0.008877284595,4.753072472,0.006376552187,4.741775599,0.007126634819,4.523051881,0.0498694517,4.912350304,0.003691688108
4,4,50,44.59881032,4.114085986,0.1020887728,5.578447196,0.003691688108,4.715328883,0.01201044386,4.759866216,0.007495245553,4.746507458,0.008849557522,4.122061496,0.1002610966,5.586315367,0.003467949435,4.71522122,0.01201044386,4.759938146,0.007495245553,4.746525519,0.008849557522,4.122161043,0.101305483,5.586238894,0.003579818772
4,4,87,50.26217845,2.761771092,0.3550913838,7.161616112,0.006824029534,4.692961405,0.02349869452,4.775226344,0.01521422978,4.750551372,0.01769911504,2.848806662,0.3328981723,7.259663036,0.00626468285,4.692876319,0.01932114883,4.776931226,0.01320058172,4.751719362,0.01503641632,2.848841603,0.3313315927,7.257686977,0.00660029086
4,4,151,59.76973462,0.06946626344,1,14.67824443,0.02606555543,4.70299204,0.07963446475,4.885326124,0.06700973263,4.830635894,0.07079646018,0.1647768441,0.9997389034,15.52090298,0.01801096319,4.727995371,0.06266318538,4.92158986,0.05190737219,4.863522126,0.05513352651,0.1701964287,0.9992167102,15.49793006,0.01756348585
4,4,250,59.86529574,0.01224147548,1,16.09843059,0.03255397695,4.386536449,0.07963446475,4.568556585,0.06700973263,4.513960523,0.07079646018,0.04175934726,1,17.17418529,0.0204720886,4.426012278,0.06553524804,4.622493322,0.05414475892,4.56355978,0.05756128123,0.04495808007,0.9997389034,17.14356666,0.02036021926
4,4,264,59.82569162,0.01044819473,1,16.20130744,0.03277771563,4.352270032,0.07963446475,4.534002048,0.06700973263,4.479492406,0.07079646018,0.03690718497,1,17.30168341,0.02069582727,4.393333155,0.06605744125,4.589872807,0.05448036693,4.530921686,0.05795285457,0.03989788201,0.9997389034,17.2702853,0.02058395794
4,4,462,59.71755034,0.001136520181,1,18.01677191,0.04127978521,3.971609412,0.1234986945,4.151529526,0.09878062423,4.097563355,0.1061946903,0.007065320251,1,19.51044439,0.02270947533,4.038250119,0.09347258486,4.238700955,0.07685423425,4.178576693,0.08183882841,0.008273452007,1,19.46715302,0.022597606
4,4,500,59.75575423,0.0007492928244,1,18.40572351,0.04262221725,3.911277862,0.1237597911,4.091372215,0.09866875489,4.037353782,0.1061946903,0.005259657894,1,19.98189515,0.02326882202,3.983321093,0.09895561358,4.185098067,0.0818883544,4.124576036,0.08700759652,0.006286979041,1,19.93609565,0.02315695268
4,4,750,60.12088558,5.109178764e-05,1,21.0475338,0.05056494015,3.567150437,0.1318537859,3.752121206,0.1078420405,3.696640116,0.1150442478,0.0009014288146,1,23.2071998,0.0271842488,3.677510069,0.1255874674,3.893311346,0.103367267,3.828582793,0.110032109,0.00128399776,1,23.14431121,0.02651303278
4,4,806,60.18098003,2.83653289e-05,1,21.64252383,0.05168363352,3.497278192,0.1219321149,3.684102194,0.09945184025,3.628065235,0.1061946903,0.0006390739388,1,23.94810502,0.02863855017,3.616590503,0.1289817232,3.836448681,0.1061640004,3.77050328,0.1130080664,0.000964059513,1,23.88117602,0.02807920349
4,4,1000,60.10825801,4.048217933e-06,1,23.60702131,0.05481597494,3.278148942,0.1496083551,3.470738904,0.1255173957,3.412972474,0.1327433628,0.0002299891202,1,26.44034037,0.02863855017,3.427636269,0.145691906,3.660513584,0.1198120595,3.590663156,0.1275745947,0.0004214246325,1,26.3579315,0.03020472089
4,4,1250,58.97960026,6.220192535e-07,1,25.38974528,0.05884327106,3.058103737,0.1689295039,3.246980624,0.1425215348,3.190327912,0.1504424779,0.0001122361971,1,28.831876,0.02942163553,3.238103489,0.1600522193,3.474615279,0.1343550733,3.403674708,0.1420628084,0.0002612907092,1,28.73032829,0.02998098221
4,4,1409,57.70483392,3.825920772e-07,1,25.6550579,0.06040944177,2.930866618,0.1882506527,3.103620381,0.159525674,3.051803723,0.1681415929,0.0001100894043,1,29.34535872,0.02897415818,3.12227251,0.174151436,3.345384027,0.147555655,3.278462803,0.1555329313,0.0002815944588,1,29.2356058,0.02908602752
4,4,1500,56.97407263,3.525574999e-07,1,25.5693609,0.06040944177,2.866893874,0.2052219321,3.029763393,0.1775366372,2.980911466,0.185840708,0.0001220782507,1,29.35912093,0.02796733415,3.062399041,0.1817232376,3.276526081,0.1586307193,3.212299708,0.1655572089,0.000321961732,1,29.24630796,0.02852668084
4,4,1750,55.41831376,3.413280197e-07,1,25.10120547,0.06365365253,2.724714293,0.2315926893,2.868006248,0.2041615393,2.825026517,0.2123893805,0.0001873570781,1,29.12884449,0.02640116344,2.928457269,0.2062663185,3.124979422,0.1751873811,3.066033549,0.1845093586,0.0005338177442,1,29.00883826,0.02807920349
4,4,2000,54.42179666,3.382097688e-07,1,24.62099542,0.06577916993,2.598530428,0.2571801567,2.730437861,0.2311220494,2.690872862,0.2389380531,0.0003088400514,1,28.9079875,0.02595368609,2.810076003,0.2208877285,2.996981562,0.1914084349,2.94092014,0.2002506069,0.0009421977802,1,28.77792973,0.02763172614
4,4,2250,53.73514556,3.343034928e-07,1,24.13658779,0.06879964202,2.479719276,0.3049608355,2.606014664,0.273856136,2.568132971,0.2831858407,0.0005385951816,1,28.70668108,0.02606555543,2.698273208,0.2459530026,2.880849108,0.2102024835,2.826086347,0.2209256794,0.00177987121,1,28.5658911,0.0262892941
4,4,2460,53.29415029,3.312114345e-07,1,23.7327434,0.07047768207,2.381994435,0.3302872063,2.505240653,0.3009285155,2.468273544,0.3097345133,0.0009226653553,1,28.56305396,0.02472312339,2.603634394,0.2650130548,2.783920181,0.2300033561,2.729844328,0.2405043465,0.003167214786,1,28.41321861,0.02528247007
4,4,2500,53.21920617,3.30464433e-07,1,23.65371082,0.07036581273,2.362714274,0.3224543081,2.485331754,0.2916433606,2.448553232,0.3008849558,0.001030139444,1,28.53609577,0.02449938472,2.58504389,0.2681462141,2.764807313,0.2342543909,2.710888141,0.2444200799,0.003555939791,1,28.38458458,0.02483499273
4,4,2750,52.79650455,3.264423584e-07,1,23.1481657,0.07349815416,2.238484704,0.3402088773,2.358716874,0.3093187157,2.322653814,0.3185840708,0.001976546263,1,28.36749855,0.02248573666,2.463997748,0.2903394256,2.642204994,0.2633404184,2.58875259,0.2714386405,0.006698849293,0.9984334204,28.20443165,0.02315695268
4,4,3000,52.42896101,3.228385519e-07,1,22.62086402,0.07562367155,2.118063715,0.3869451697,2.236526503,0.3525002797,2.200994161,0.3628318584,0.004088610304,1,28.20825454,0.02159078197,2.347951161,0.3203655352,2.525411075,0.2882872805,2.472182829,0.2979089984,0.0126292855,0.9968668407,28.03239149,0.02215012865
4,4,3250,52.09721095,3.193446116e-07,1,22.0769695,0.079427229,2.001577076,0.4240208877,2.118407017,0.387179774,2.083364439,0.3982300885,0.008475488853,0.998694517,28.05975727,0.02013648059,2.233222544,0.3464751958,2.410043641,0.3118917105,2.357007005,0.3222648602,0.02291981064,0.9934725849,27.868494,0.02080769661
4,4,3500,51.78967326,3.159741976e-07,1,21.52268249,0.08334265578,1.884558655,0.4725848564,1.999644545,0.4295782526,1.965125087,0.4424778761,0.01731888407,0.9950391645,27.91895415,0.01857030988,2.116588886,0.3691906005,2.292377388,0.3363910952,2.239650474,0.3462291487,0.04019981265,0.9872062663,27.71250818,0.01946526457
4,4,3750,51.49644801,3.130413493e-07,1,20.97051548,0.08669873588,1.765236264,0.490078329,1.876757119,0.4473654771,1.843306976,0.4601769912,0.0343581919,0.9908616188,27.79968714,0.01879404855,1.99746919,0.398694517,2.169830455,0.3602192639,2.118131524,0.3717597306,0.0688951755,0.9772845953,27.57913275,0.01991274192
4,4,4000,51.21474818,3.093269489e-07,1,20.41064918,0.08994294664,1.648164245,0.52845953,1.757777195,0.4941268598,1.724899319,0.5044247788,0.06499121567,0.9817232376,27.68671379,0.01801096319,1.882625578,0.4279373368,2.052817706,0.3857254726,2.001769398,0.3983867178,0.1132289388,0.9621409922,27.4545524,0.01912965656
4,4,4250,50.94188169,3.064684243e-07,1,19.84150319,0.09676697617,1.527467849,0.5553524804,1.634250049,0.5205280233,1.602221243,0.5309734513,0.1199384376,0.9613577023,27.5821932,0.01767535519,1.763393896,0.4545691906,1.930102601,0.4049669985,1.880099129,0.419844937,0.1817376344,0.937075718,27.33893606,0.0183465712
4,4,4297,50.89117564,3.055650656e-07,1,19.74127023,0.09743819219,1.504184048,0.565535248,1.611264535,0.5288063542,1.579146259,0.5398230088,0.1338498625,0.9548302872,27.57056771,0.01745161651,1.740448889,0.4600522193,1.907107271,0.4113435507,1.857118892,0.4259534811,0.1974651674,0.9313315927,27.32555666,0.01857030988
4,4,4500,50.67517802,3.033449686e-07,1,19.26881638,0.1009061416,1.402685499,0.6096605744,1.507993926,0.5731066115,1.476407171,0.5840707965,0.2144259777,0.927154047,27.49384054,0.01733974718,1.639525398,0.4812010444,1.803716788,0.4341648954,1.754468372,0.4482731616,0.2858791458,0.9080939948,27.2403108,0.01812283253
4,4,4750,50.41252124,2.999712835e-07,1,18.66574661,0.1070589551,1.270836737,0.6673629243,1.374065581,0.6368721333,1.343102587,0.6460176991,0.359237325,0.8793733681,27.40077206,0.0171160085,1.507559745,0.5201044386,1.667791513,0.4724242085,1.619730766,0.4867256637,0.4351683059,0.8600522193,27.13598854,0.01901778722
4,4,5000,50.15092932,2.969914761e-07,1,18.04069949,0.1125405526,1.13602005,0.7193211488,1.236305335,0.6904575456,1.206225247,0.6991150442,0.5649227491,0.8208877285,27.31505574,0.01655666182,1.371797625,0.565535248,1.526231339,0.5166125965,1.479909691,0.53128671,0.6421183473,0.8091383812,27.03950773,0.01767535519
4,4,5250,49.88630208,2.937480151e-07,1,17.37968154,0.1193645822,1.003623897,0.7631853786,1.100125098,0.7348696722,1.071180028,0.7433628319,0.8445800086,0.7506527415,27.22634098,0.0158854458,1.239277145,0.6093994778,1.387166549,0.5627027632,1.342807835,0.5767092176,0.9158850946,0.7501305483,26.93803577,0.0171160085
4,4,5500,49.61520108,2.906072261e-07,1,16.677826,0.1279785211,0.8708231736,0.8067885117,0.963102368,0.7793936682,0.9354236684,0.7876106195,1.197845868,0.688772846,27.13057926,0.01476675243,1.106138966,0.6574412533,1.247337764,0.612820226,1.204985865,0.626204088,1.257718769,0.6979112272,26.82819325,0.01577357646
4,4,5750,49.33743668,2.874032636e-07,1,15.92587631,0.136928068,0.7366250307,0.8399477807,0.8221131339,0.8031099676,0.7964713894,0.814159292,1.63915762,0.6248041775,27.03544652,0.01476675243,0.97034427,0.7104438642,1.102468843,0.6631614275,1.062838714,0.6773435664,1.680346764,0.638381201,26.71930395,0.01532609912
4,4,6000,49.04350101,2.836891541e-07,1,15.10876121,0.1480031323,0.6031117213,0.898694517,0.6816840964,0.8664280121,0.6581166912,0.8761061947,2.180221568,0.5566579634,26.93742865,0.01510236044,0.8293212801,0.7571801567,0.9535020423,0.7136144983,0.9162546213,0.7266818075,2.199563568,0.574151436,26.6031232,0.01532609912
4,4,6250,48.72925183,2.798017928e-07,1,14.20550077,0.160532498,0.4740964977,0.907310705,0.5441165015,0.875377559,0.5231143389,0.8849557522,2.817179318,0.4932114883,26.82942976,0.01487862177,0.68652151,0.809921671,0.8016914882,0.7659693478,0.7671468084,0.7791526353,2.81410734,0.5180156658,26.47453343,0.01599731514
4,4,6500,48.38966201,2.754441172e-07,1,13.20214754,0.1764179438,0.3509491861,0.9668407311,0.4098604468,0.9510012306,0.3921902981,0.9557522124,3.580200093,0.437075718,26.71771649,0.01409553641,0.542864965,0.8563968668,0.6457160799,0.8140731625,0.6148663838,0.8267679536,3.555675594,0.4577023499,26.33885588,0.01610918447
4,4,6750,47.99986313,2.698197524e-07,1,12.00252625,0.1992392885,0.2425540677,0.9806788512,0.2882715426,0.9703546258,0.2745588064,0.9734513274,4.50039319,0.3694516971,26.53806881,0.01443114442,0.4061234778,0.898694517,0.4915682515,0.8628481933,0.4659395035,0.8736001253,4.447280997,0.3960835509,26.12886612,0.01722787784
4,4,7000,47.55179226,2.633989832e-07,1,10.58834575,0.2311220494,0.1527308058,0.9806788512,0.1850935681,0.9703546258,0.1753865135,0.9734513274,5.571424865,0.3125326371,26.27373216,0.01409553641,0.2804427531,0.9326370757,0.3438136391,0.9046873252,0.3248058473,0.9130707181,5.480774902,0.3490861619,25.83169943,0.01633292315
4,4,7250,47.02168723,2.560242758e-07,1,8.920307087,0.2791139949,0.08482687741,0.9866840731,0.1060003551,0.9804228661,0.09964947251,0.982300885,6.888866617,0.2592689295,25.96218934,0.01387179774,0.1723500439,0.9592689295,0.2120932728,0.942834769,0.2001724829,0.9477641162,6.761064559,0.288772846,25.49168572,0.01678040049
4,4,7500,46.35535733,2.456606324e-07,1,6.926051636,0.3503747623,0.03703278262,0.9866840731,0.04812441924,0.9804228661,0.0447975363,0.982300885,8.600736353,0.2031331593,25.58860072,0.01443114442,0.08953866547,0.9780678851,0.1073779551,0.9728157512,0.1020271462,0.9743911035,8.423237237,0.2336814621,25.09116486,0.01700413917
4,4,7506,46.33734522,2.45081918e-07,1,6.876968411,0.3518290637,0.03607007837,0.9866840731,0.04704364341,0.9804228661,0.04375217547,0.982300885,8.644608437,0.2031331593,25.58253175,0.01443114442,0.08777325076,0.9780678851,0.1052927041,0.9732632285,0.1000378285,0.9747043621,8.465473386,0.2321148825,25.08422642,0.01666853116
4,4,7750,45.51432749,2.339800028e-07,1,4.759516896,0.4547488533,0.01026692355,1,0.01342782668,1,0.01247972902,1,10.80158419,0.1563968668,25.3259705,0.0158854458,0.03783012617,0.9898172324,0.04150739534,0.9908267144,0.04040441618,0.9905239251,10.57557754,0.1851174935,24.80867285,0.01801096319
4,4,8000,44.45966783,2.180919001e-07,1,2.700575341,0.6047656337,0.001321167911,1,0.001645373749,1,0.001548129771,1,13.57770742,0.1107049608,25.39753136,0.01890591789,0.01001759041,0.9976501305,0.01038260537,0.9979863519,0.0102731209,0.997885504,13.29663989,0.1378590078,24.84935116,0.02181452064
4,4,8250,43.20234453,2.016457441e-07,1,1.208024551,0.7660812171,0.0001242927482,1,0.0001384680319,1,0.0001342162239,1,16.79134958,0.08537859008,25.93128053,0.02326882202,0.001468447685,1,0.001574913391,1,0.001542979515,1,16.4674832,0.1057441253,25.36825775,0.02751985681
4,4,8500,41.78376696,1.860131185e-07,1,0.4623473209,0.8883544021,1.689370815e-05,1,1.750099542e-05,1,1.731884253e-05,1,19.92583904,0.05979112272,26.74480695,0.02729611813,0.0002059519269,1,0.0002271094159,1,0.0002207633291,1,19.55224262,0.08563968668,26.16656769,0.03501510236
4,4,8750,40.28317907,1.704412172e-07,1,0.1740903258,0.9523436626,3.33373435e-06,1,3.329733994e-06,1,3.330933882e-06,1,21.9061401,0.0454308094,26.98647655,0.02707237946,5.219620771e-05,1,6.1014107e-05,1,5.836922061e-05,1,21.49304728,0.06318537859,26.39574203,0.03714061976
4,4,9000,38.69051956,1.516492418e-07,1,0.05655607682,0.9831077302,8.011452859e-07,1,7.61955529e-07,1,7.737103077e-07,1,21.249825,0.03368146214,25.010417,0.02517060074,7.667324814e-06,1,1.019739191e-05,1,9.438510477e-06,1,20.86378481,0.0501305483,24.47726249,0.03591005705
4,4,9250,36.97474457,1.336590136e-07,1,0.009005309904,0.9972032666,2.323277553e-07,1,2.143650482e-07,1,2.197528756e-07,1,17.65546154,0.03707571802,20.35248548,0.02684864079,8.893353354e-07,1,9.908511432e-07,1,9.60401966e-07,1,17.37948546,0.04360313316,19.97943707,0.03356080098
4,4,9500,35.37339712,1.217496222e-07,1,0.0008634380496,0.999664392,1.201301113e-07,1,1.155928367e-07,1,1.169537704e-07,1,13.57457164,0.03550913838,15.46727613,0.02572994742,2.530028598e-07,1,2.607220103e-07,1,2.584066883e-07,1,13.36933048,0.0365535248,15.20986069,0.02886228885
4,4,9750,34.06163263,1.140142291e-07,1,3.513254713e-05,1,8.784104129e-08,1,8.799585415e-08,1,8.794941878e-08,1,10.67080785,0.02950391645,12.01374743,0.02360443003,1.418487362e-07,1,1.507787306e-07,1,1.481002218e-07,1,10.49979921,0.02924281984,11.81672189,0.02494686207
4,4,10000,33.06945701,1.091526259e-07,1,2.434772269e-06,1,7.72633457e-08,1,7.925166217e-08,1,7.865527623e-08,1,8.799144168,0.027154047,9.802354831,0.02427564605,1.054001502e-07,1,1.119242758e-07,1,1.099673958e-07,1,8.650152879,0.02610966057,9.646980599,0.02427564605
4,4,10250,32.35268414,1.061853975e-07,1,5.978409618e-07,1,6.79698936e-08,1,7.039538331e-08,1,6.966786936e-08,1,7.857434964,0.0318537859,8.663375188,0.02584181676,8.486259917e-08,1,8.995738636e-08,1,8.84292295e-08,1,7.722107846,0.03315926893,8.534338429,0.02662490211
4,4,10500,31.82262362,1.039260453e-07,1,3.399540044e-07,1,6.066682722e-08,1,6.313446249e-08,1,6.239430718e-08,1,7.508466139,0.0362924282,8.204637591,0.02673677145,7.310425136e-08,1,7.752891276e-08,1,7.62017569e-08,1,7.376239321,0.0362924282,8.087255156,0.02572994742
4,4,10750,31.41784502,1.022966749e-07,1,2.713523803e-07,1,5.722226056e-08,1,5.971534802e-08,1,5.896755845e-08,1,7.396990666,0.03577023499,8.032144534,0.02584181676,6.839177094e-08,1,7.25458057e-08,1,7.1299823e-08,1,7.255431892,0.03315926893,7.910719679,0.02617742477
4,4,11000,31.11223488,1.012270575e-07,1,2.450139814e-07,1,5.631427598e-08,1,5.882396367e-08,1,5.807119494e-08,1,7.367677874,0.03524804178,7.967125908,0.02561807808,6.744285774e-08,1,7.145353103e-08,1,7.025054891e-08,1,7.207729792,0.03864229765,7.83204308,0.02807920349
4,4,11250,30.88620146,1.004954233e-07,1,2.334401302e-07,1,5.667606175e-08,1,5.917921767e-08,1,5.842840812e-08,1,7.353674365,0.03733681462,7.930016457,0.02472312339,6.816524778e-08,1,7.206555362e-08,1,7.089567568e-08,1,7.173800718,0.03864229765,7.777595507,0.02707237946
4,4,11500,30.72096567,9.995955636e-08,1,2.282614147e-07,1,5.763464097e-08,1,6.011561096e-08,1,5.937145597e-08,1,7.339700423,0.03864229765,7.902324055,0.02461125406,6.957493338e-08,1,7.338673672e-08,1,7.224340468e-08,1,7.141354588,0.03916449086,7.733519346,0.02584181676
4,4,11750,30.59988232,9.954346017e-08,1,2.247849955e-07,1,5.892772005e-08,1,6.138320394e-08,1,6.064669338e-08,1,7.328797521,0.03785900783,7.880749062,0.02640116344,7.131456264e-08,1,7.505786329e-08,1,7.39350783e-08,1,7.114788737,0.04020887728,7.696823741,0.02595368609
4,4,12000,30.51017157,9.922658871e-08,1,2.230040396e-07,1,6.048907186e-08,1,6.291734974e-08,1,6.21889995e-08,1,7.319196653,0.03785900783,7.862799543,0.02740798747,7.331192724e-08,1,7.69964958e-08,1,7.589132722e-08,1,7.092408388,0.0407310705,7.666180629,0.02729611813
4,4,12250,30.4422841,9.893977565e-08,1,2.216409378e-07,1,6.225335044e-08,1,6.465445376e-08,1,6.393425439e-08,1,7.30823886,0.03603133159,7.844423794,0.02897415818,7.551620598e-08,1,7.915125543e-08,1,7.806093987e-08,1,7.070563153,0.04151436031,7.637156248,0.02640116344
4,4,12500,30.3891655,9.868585852e-08,1,2.210571262e-07,1,6.43758728e-08,1,6.672593673e-08,1,6.602104638e-08,1,7.298270128,0.03577023499,7.828364839,0.02863855017,7.811300744e-08,1,8.168399527e-08,1,8.061289468e-08,1,7.052094237,0.04177545692,7.611923813,0.02919789686
4,4,12750,30.34617088,9.844263696e-08,1,2.210682225e-07,1,6.674449456e-08,1,6.905835303e-08,1,6.836432233e-08,1,7.284622936,0.03733681462,7.810301045,0.0305403289,8.09856132e-08,1,8.453108113e-08,1,8.346763511e-08,1,7.031546021,0.04360313316,7.586533056,0.03109967558
4,4,13000,30.31008902,9.822612263e-08,1,2.21322358e-07,1,6.941032411e-08,1,7.166887757e-08,1,7.099143535e-08,1,7.268644208,0.03916449086,7.79069327,0.03121154492,8.417102135e-08,1,8.768218337e-08,1,8.662902725e-08,1,7.010008455,0.04386422977,7.560720697,0.03154715293
4,4,13111,30.2958365,9.813296536e-08,1,2.215113098e-07,1,7.065896879e-08,1,7.290246384e-08,1,7.222953831e-08,1,7.261922381,0.03994778068,7.782774426,0.03199463027,8.564162353e-08,1,8.91462481e-08,1,8.809505286e-08,1,7.001584734,0.04334203655,7.55080853,0.03288958496
4,4,13250,30.27911323,9.801344005e-08,1,2.218018482e-07,1,7.227454582e-08,1,7.448921564e-08,1,7.38249361e-08,1,7.254959593,0.04046997389,7.77379714,0.03244210762,8.757046966e-08,1,9.106106894e-08,1,9.001408051e-08,1,6.992467087,0.04490861619,7.539430023,0.03266584629
4,4,13500,30.25156958,9.782151843e-08,1,2.220528971e-07,1,7.540286792e-08,1,7.756228162e-08,1,7.691457589e-08,1,7.243581551,0.04203655352,7.758501958,0.03244210762,9.127692105e-08,1,9.473999718e-08,1,9.370126419e-08,1,6.978576789,0.04516971279,7.520938288,0.03356080098
4,4,13750,30.22670858,9.761396908e-08,1,2.216173404e-07,1,7.868911601e-08,1,8.080174065e-08,1,8.016806907e-08,1,7.231823733,0.04360313316,7.744117395,0.03288958496,9.511886516e-08,1,9.855471672e-08,1,9.752414961e-08,1,6.965632964,0.04621409922,7.504820828,0.03266584629
4,4,14000,30.20384542,9.743179694e-08,1,2.202454782e-07,1,8.216211575e-08,1,8.422031507e-08,1,8.360296811e-08,1,7.222534441,0.04490861619,7.733650219,0.03322519297,9.913420827e-08,1,1.025333156e-07,1,1.015137697e-07,1,6.956160345,0.04412532637,7.493734535,0.03412014767
4,4,14250,30.18263148,9.72633568e-08,1,2.186471176e-07,1,8.577745706e-08,1,8.778218847e-08,1,8.718087895e-08,1,7.213039691,0.04360313316,7.723867618,0.03356080098,1.032727645e-07,1,1.066519346e-07,1,1.056383688e-07,1,6.947547768,0.04412532637,7.484411513,0.03344893165
4,4,14500,30.16311864,9.709467008e-08,1,2.165333095e-07,1,8.934269644e-08,1,9.131730216e-08,1,9.072502869e-08,1,7.204783283,0.04464751958,7.714395746,0.03479136369,1.072900687e-07,1,1.106783796e-07,1,1.096620721e-07,1,6.940886225,0.04386422977,7.476242497,0.03389640899
4,4,14750,30.1449002,9.694595527e-08,1,2.13876313e-07,1,9.291459024e-08,1,9.489005998e-08,1,9.429752735e-08,1,7.200364499,0.04595300261,7.70784545,0.0351269717,1.11269702e-07,1,1.146947893e-07,1,1.136674509e-07,1,6.938911279,0.04360313316,7.471761886,0.0330014543
4,4,15000,30.12796682,9.680623231e-08,1,2.111237827e-07,1,9.641256305e-08,1,9.839259782e-08,1,9.779869593e-08,1,7.198730916,0.04490861619,7.704209263,0.03490323302,1.151105165e-07,1,1.185732349e-07,1,1.175346092e-07,1,6.940411382,0.04334203655,7.471147072,0.03188276094
4,4,22901,29.57268277,9.385019948e-08,1,3.235851738e-07,1,8.614008777e-08,1,8.990960978e-08,1,8.877895982e-08,1,8.790521365,0.009399477807,9.232096235,0.00760711489,1.130058037e-07,1,1.193227688e-07,1,1.174280255e-07,1,8.503317191,0.006266318538,8.982471545,0.004810381474
4,4,40000,33.48530778,2.214855733e-07,1,1.07447178e-06,1,5.226998766e-07,1,5.27275474e-07,1,5.259030456e-07,1,12.75999104,0.00365535248,13.20599347,0.002461125406,7.086462534e-07,1,7.447825462e-07,1,7.339436394e-07,1,12.53976509,0.001305483029,12.96051804,0.002461125406
5,5,0,42.3524741,4.772616777,0.009921671018,4.769709094,0.008278330909,4.769804549,0.009138381201,4.767121122,0.008725808256,4.767926003,0.008849557522,4.772576337,0.009921671018,4.76966667,0.008054592236,4.769813021,0.009138381201,4.76711759,0.008725808256,4.767926071,0.008849557522,4.77256786,0.009921671018,4.769670205,0.0079427229
5,5,1,42.30421779,4.741919813,0.009138381201,4.752450641,0.008166461573,4.742835256,0.01044386423,4.748803952,0.008166461573,4.74701367,0.008849557522,4.741929276,0.009138381201,4.752458622,0.008166461573,4.742842595,0.01044386423,4.748800908,0.008166461573,4.747013741,0.008849557522,4.741921974,0.009138381201,4.752461649,0.008166461573
5,5,2,42.2620497,4.72768931,0.01044386423,4.750682365,0.007495245553,4.732207141,0.01044386423,4.745826899,0.008166461573,4.741741718,0.008849557522,4.727748557,0.01044386423,4.750735843,0.007495245553,4.732211762,0.01044386423,4.745825019,0.008166461573,4.741741788,0.008849557522,4.727744015,0.01070496084,4.750737688,0.007495245553
5,5,3,42.22403245,4.720425392,0.01331592689,4.754904969,0.0079427229,4.728727459,0.01018276762,4.748715052,0.008278330909,4.74271987,0.008849557522,4.720502974,0.01331592689,4.754977523,0.007830853563,4.728731416,0.01018276762,4.74871346,0.008278330909,4.742719943,0.008849557522,4.720499108,0.0135770235,4.754979073,0.008054592236
5,5,5,42.15550784,4.710096889,0.01853785901,4.764254909,0.0079427229,4.726579535,0.01018276762,4.754892802,0.008278330909,4.746400374,0.008849557522,4.710218445,0.01879895561,4.764368521,0.007830853563,4.726578935,0.01018276762,4.754893175,0.008278330909,4.746400455,0.008849557522,4.710219149,0.01906005222,4.7643681,0.0079427229
5,5,9,42.0541279,4.687534789,0.01906005222,4.772828651,0.005369728158,4.721888211,0.01174934726,4.755658047,0.00760711489,4.745528948,0.008849557522,4.687754916,0.01906005222,4.77304111,0.005257858821,4.721884222,0.01174934726,4.755659908,0.00760711489,4.745529054,0.008849557522,4.687759044,0.01906005222,4.773039185,0.005369728158
5,5,16,42.04157193,4.641833017,0.03472584856,4.796658548,0.005705336167,4.718106827,0.01201044386,4.7561918,0.007495245553,4.744768396,0.008849557522,4.642347505,0.03472584856,4.797146312,0.005593466831,4.718100058,0.01201044386,4.756194981,0.007495245553,4.744768593,0.008849557522,4.642354595,0.03472584856,4.797142976,0.005593466831
5,5,28,42.60262545,4.503946073,0.04621409922,4.937349705,0.003803557445,4.715172679,0.01201044386,4.753829249,0.007495245553,4.742234397,0.008849557522,4.505510766,0.04516971279,4.938841325,0.003579818772,4.715140379,0.01201044386,4.753844712,0.007495245553,4.742235534,0.008849557522,4.505544049,0.0454308094,4.938825375,0.003579818772
5,5,50,44.76424707,4.097576566,0.1133159269,5.591469619,0.004586642801,4.712741262,0.01201044386,4.75772233,0.007495245553,4.744230475,0.008849557522,4.10950368,0.1109660574,5.603357259,0.004362904128,4.712466818,0.01592689295,4.757888901,0.01085132565,4.744264766,0.0123737176,4.109772868,0.1109660574,5.603189324,0.004362904128
5,5,87,50.45965718,2.72271405,0.3621409922,7.166482797,0.008390200246,4.656650694,0.04516971279,4.739978109,0.03121154492,4.714984453,0.03539823009,2.846447032,0.3315926893,7.307028425,0.006488421524,4.654690805,0.03838120104,4.744002737,0.02707237946,4.717214053,0.03046440598,2.848347273,0.3318537859,7.302656789,0.006040944177
5,5,151,59.63008672,0.06855431987,1,14.26197025,0.0296453742,4.605868061,0.04177545692,4.782821479,0.03266584629,4.729745154,0.03539823009,0.2267030718,0.9992167102,15.43742139,0.01532609912,4.641733566,0.04281984334,4.855370731,0.03031659022,4.791291293,0.03406688073,0.2455687868,0.9903394256,15.38446357,0.01532609912
5,5,250,59.6016693,0.01240883659,1,15.46693144,0.03579818772,4.253990901,0.04046997389,4.438862337,0.03322519297,4.383411041,0.03539823009,0.07108032577,1,16.97605182,0.0192415259,4.312624146,0.0634464752,4.54004333,0.04698512138,4.471830042,0.05192262511,0.08488895257,0.9992167102,16.90879793,0.01789909386
5,5,264,59.55163403,0.01058716909,1,15.54717788,0.0363575344,4.213213361,0.05065274151,4.398064559,0.04150352388,4.342619333,0.04424778761,0.06409082298,1,17.09186212,0.01935339523,4.273906763,0.06553524804,4.501954122,0.04899876944,4.433552416,0.05395880648,0.07735975533,0.9992167102,17.02303279,0.01823470187
5,5,462,59.32438239,0.001139133112,1,16.9719789,0.04955811612,3.758582927,0.08877284595,3.947818909,0.07573554089,3.891058488,0.0796460177,0.01718961012,1,19.09196201,0.0250587314,3.851800552,0.1091383812,4.094697317,0.08233583175,4.021841603,0.09037512726,0.02518552842,0.9994778068,18.99685879,0.02394003804
5,5,500,59.33446842,0.0007510265426,1,17.2652863,0.05213111086,3.683482286,0.09712793734,3.873404176,0.08479695715,3.81643802,0.08849557522,0.01393662136,0.9997389034,19.50859426,0.0250587314,3.783671147,0.1182767624,4.029316073,0.09184472536,3.955636062,0.09977288746,0.02136110059,0.9994778068,19.40805921,0.02561807808
5,5,750,59.53620465,5.09150543e-05,1,19.214871,0.06398926054,3.245337563,0.1819843342,3.445414617,0.1622105381,3.385402469,0.1681415929,0.004867616686,1,22.37518672,0.02886228885,3.391906779,0.1812010444,3.661365149,0.1439758362,3.58054241,0.155141358,0.01068814192,0.9992167102,22.23599878,0.02897415818
5,5,806,59.56350229,2.823636005e-05,1,19.63053557,0.06622664728,3.155255803,0.2125326371,3.357561217,0.1870455308,3.296880683,0.1946902655,0.004150939025,1,23.01916715,0.02998098221,3.312413402,0.1973890339,3.587026911,0.1557221166,3.504657913,0.1682199076,0.009959046047,0.9992167102,22.87007787,0.03042845956
5,5,1000,59.3964382,4.001625869e-06,1,20.94312817,0.07472871686,2.866520693,0.3052219321,3.077663086,0.2611030317,3.014331943,0.2743362832,0.003312601379,1,25.16695534,0.03020472089,3.060477252,0.2378590078,3.352372096,0.1896185256,3.264819644,0.2040880257,0.01037413923,0.9989556136,24.98335551,0.03076406757
5,5,1250,58.19071131,6.079640768e-07,1,21.95274167,0.08613938919,2.532072419,0.3133159269,2.744964528,0.2702763173,2.681108566,0.2831858407,0.00466899303,0.9997389034,27.14921712,0.02986911288,2.768477867,0.2819843342,3.069187503,0.2311220494,2.978991097,0.2463779466,0.01692620435,0.9963446475,26.92745545,0.03065219823
5,5,1409,56.88569447,3.707275644e-07,1,21.86957779,0.09128537868,2.341657538,0.3310704961,2.541609118,0.2879516724,2.481634605,0.3008849558,0.007327335081,0.9984334204,27.45783546,0.03009285155,2.59422073,0.3023498695,2.883348854,0.2542790021,2.796626267,0.2686976271,0.02469569537,0.992689295,27.21840596,0.03098780624
5,5,1500,56.132748,3.402216394e-07,1,21.61197739,0.09329902674,2.247549519,0.3587467363,2.438781577,0.3140172279,2.381422443,0.3274336283,0.00969445819,0.9979112272,27.36315546,0.03009285155,2.504466843,0.318537859,2.784638303,0.2655778051,2.700602224,0.281462918,0.03062755794,0.9908616188,27.11628382,0.03065219823
5,5,1750,54.4894295,3.274888867e-07,1,20.68442301,0.102696051,2.02623322,0.3767624021,2.200350245,0.3315807137,2.148124683,0.3451327434,0.02188453453,0.9953002611,26.84035196,0.02830294216,2.290779758,0.3603133159,2.552462305,0.3009285155,2.473971886,0.3187407001,0.05506703738,0.980156658,26.58006755,0.03009285155
5,5,2000,53.38337361,3.229525408e-07,1,19.72968882,0.1097438192,1.842737182,0.4224543081,2.006112525,0.375209755,1.957108878,0.389380531,0.04800739341,0.9843342037,26.30304436,0.02774359548,2.111141613,0.3973890339,2.359244513,0.3386284819,2.284827244,0.3562534263,0.09326871678,0.9684073107,26.03582487,0.02930976619
5,5,2250,52.57625304,3.17900815e-07,1,18.75443599,0.1186933661,1.671186163,0.492689295,1.826707448,0.4462467838,1.780059588,0.4601769912,0.09852671018,0.9660574413,25.78021754,0.02796733415,1.940758192,0.4308093995,2.178024533,0.374202931,2.106857637,0.3911817683,0.1553391328,0.9462140992,25.50759093,0.02875041951
5,5,2460,52.02649723,3.135690736e-07,1,17.90349325,0.1283141291,1.527235934,0.5577023499,1.677476214,0.5068799642,1.632412366,0.5221238938,0.1661286835,0.9464751958,25.32930456,0.02785546482,1.795154249,0.4652741514,2.024488899,0.4039601745,1.955701076,0.4223510063,0.2315671836,0.9182767624,25.05368586,0.02863855017
5,5,2500,51.93085006,3.124762674e-07,1,17.73834061,0.1309989932,1.498877395,0.5665796345,1.648007854,0.5157176418,1.603276892,0.5309734513,0.1825295559,0.9378590078,25.24457939,0.02740798747,1.766285956,0.4723237598,1.994154269,0.410112988,1.925806267,0.4287728091,0.2490685433,0.9143603133,24.96861062,0.02852668084
5,5,2750,51.36892882,3.068311769e-07,1,16.6646069,0.1416265802,1.327567893,0.6135770235,1.470526552,0.5587873364,1.427646791,0.5752212389,0.3188308763,0.888772846,24.70400544,0.02696051012,1.589539725,0.5151436031,1.808679495,0.4509452959,1.742949578,0.4702012687,0.3876404631,0.8736292428,24.42330971,0.02897415818
5,5,3000,50.84475956,3.008338833e-07,1,15.52359977,0.1580713726,1.140530037,0.6545691906,1.275746021,0.6044300257,1.235188639,0.6194690265,0.5211738723,0.8318537859,24.1562273,0.02662490211,1.391170177,0.5652741514,1.600040303,0.5017339747,1.537390715,0.5207925444,0.5860494598,0.8219321149,23.87220431,0.02886228885
5,5,3250,50.3207913,2.942754858e-07,1,14.25174021,0.1755229891,0.9409590991,0.7360313316,1.064101918,0.683297908,1.027165823,0.6991150442,0.8151498173,0.7663185379,23.57360191,0.0262892941,1.174415482,0.6261096606,1.369699611,0.5646045419,1.311125078,0.5830527058,0.8731614891,0.762924282,23.28079699,0.02863855017
5,5,3500,49.7603,2.862691814e-07,1,12.76546663,0.2024834993,0.7292529039,0.7783289817,0.8340662398,0.7283812507,0.8026279849,0.7433628319,1.243986547,0.6919060052,22.92861181,0.02740798747,0.9378578327,0.692689295,1.111814454,0.6389976507,1.059637004,0.6551022006,1.288707401,0.6877284595,22.62177411,0.03065219823
5,5,3750,49.11158396,2.757101623e-07,1,10.92107984,0.2409665511,0.5100581795,0.8540469974,0.5916645262,0.8223514935,0.5671870958,0.8318584071,1.864359842,0.6080939948,22.10767849,0.02729611813,0.6875880213,0.7759791123,0.8335907173,0.7239064772,0.7897979124,0.7395254131,1.891502977,0.6143603133,21.77673027,0.02975724354
5,5,4000,48.2921174,2.608204002e-07,1,8.537973502,0.3050676809,0.2918678248,0.9227154047,0.3441095895,0.9067009733,0.328439924,0.9115044248,2.76885877,0.5088772846,20.95441458,0.02875041951,0.4268847106,0.8624020888,0.5335539978,0.8229108401,0.5015590593,0.8347560498,2.788982048,0.5195822454,20.59223131,0.03188276094
5,5,4250,47.15171706,2.375155427e-07,1,5.513554814,0.4259984338,0.1038120064,0.9720626632,0.1251927961,0.9614050789,0.1187797313,0.9646017699,4.032672101,0.3892950392,19.27125684,0.03255397695,0.1774621543,0.9514360313,0.2339888713,0.9273968005,0.217033955,0.9346072519,4.032844886,0.4044386423,18.89275222,0.03501510236
5,5,4297,46.88475008,2.324799389e-07,1,4.897880046,0.4573218481,0.07763668494,0.9775456919,0.09417757415,0.9716970578,0.08921621416,0.9734513274,4.314847792,0.3681462141,18.89210624,0.03233023828,0.1387902088,0.9634464752,0.1857075292,0.9457433717,0.1716349051,0.9510533323,4.309676134,0.3778067885,18.51272332,0.03535071037
5,5,4500,45.52100522,2.067575623e-07,1,2.400352572,0.6395569974,0.0138937854,1,0.01723625766,1,0.01623369922,1,5.70166601,0.2600522193,17.08400786,0.03445575568,0.03215017399,0.9963446475,0.04616137019,0.9926166238,0.04195877943,0.9937348265,5.66467098,0.2720626632,16.71294142,0.03680501175
5,5,4750,43.40963829,1.792854218e-07,1,0.5661802566,0.873363911,0.0009538592853,1,0.001150736305,1,0.001091683992,1,7.563656905,0.1772845953,14.95370444,0.04676138271,0.002934865508,1,0.00384804608,1,0.003574141969,1,7.495493994,0.1874673629,14.62595704,0.05034120148
5,5,5000,41.29445111,1.641583977e-07,1,0.1015447538,0.9692359324,0.0001628202208,1,0.000187493538,1,0.0001800928954,1,9.076603237,0.146997389,13.78032469,0.06398926054,0.0004232927708,1,0.0005012640932,1,0.0004778769709,1,9.016633924,0.1590078329,13.53104039,0.06913525003
5,5,5250,39.4500321,1.527690262e-07,1,0.02315368509,0.9918335384,5.807668966e-05,1,6.522771485e-05,1,6.308279931e-05,1,9.734450246,0.1248041775,12.99584201,0.0760711489,0.0001107563637,1,0.0001308760586,1,0.0001248412531,1,9.706062627,0.1375979112,12.81481249,0.07976283701
5,5,5500,37.82823291,1.40056655e-07,1,0.00545423627,0.9982100906,3.300715766e-05,1,3.650347738e-05,1,3.545477314e-05,1,9.226755791,0.1135770235,11.59442705,0.07953909833,4.843962131e-05,1,5.728176986e-05,1,5.462961002e-05,1,9.216375796,0.1211488251,11.45420902,0.08636312787
5,5,5750,36.34520588,1.285622982e-07,1,0.001171998573,0.9995525227,2.884409242e-05,1,3.126346495e-05,1,3.053778582e-05,1,7.758634992,0.09973890339,9.450900222,0.07562367155,3.50139032e-05,1,4.036798412e-05,1,3.876205336e-05,1,7.74691002,0.1060052219,9.338044062,0.07875601298
5,5,6000,35.09330931,1.213887604e-07,1,0.0001530930545,1,3.056871286e-05,1,3.225878793e-05,1,3.175185806e-05,1,6.469058052,0.08459530026,7.773033457,0.06645038595,3.424747466e-05,1,3.810607886e-05,1,3.694870913e-05,1,6.43846876,0.08746736292,7.663481115,0.07070142074
5,5,6250,34.12656728,1.170515099e-07,1,3.677751451e-05,1,3.570561545e-05,1,3.702369138e-05,1,3.662834086e-05,1,5.725880554,0.07127937337,6.812275553,0.06197561248,3.878068822e-05,1,4.213198625e-05,1,4.112678056e-05,1,5.682247432,0.0772845953,6.703626067,0.068128426
5,5,6500,33.40526146,1.139558888e-07,1,1.279733212e-05,1,4.237845644e-05,1,4.354586903e-05,1,4.319570925e-05,1,5.318870836,0.06892950392,6.263086224,0.05873140172,4.543379907e-05,1,4.862641518e-05,1,4.766880536e-05,1,5.267679712,0.07101827676,6.156054938,0.06342991386
5,5,6750,32.86212113,1.116080494e-07,1,6.415509523e-06,1,4.759350235e-05,1,4.880255689e-05,1,4.843990681e-05,1,5.091059632,0.06892950392,5.935512185,0.05649401499,5.063929367e-05,1,5.382167301e-05,1,5.286713367e-05,1,5.034857981,0.07075718016,5.8304895,0.05783644703
5,5,7000,32.45320118,1.099532426e-07,1,4.089239312e-06,1,5.12498077e-05,1,5.25563865e-05,1,5.216448449e-05,1,4.940329579,0.06945169713,5.718783367,0.0555990603,5.427488087e-05,1,5.748676026e-05,1,5.652337252e-05,1,4.880041027,0.07154046997,5.614394299,0.05548719096
5,5,7250,32.15477302,1.089044946e-07,1,2.961328641e-06,1,5.392730305e-05,1,5.537622205e-05,1,5.494162578e-05,1,4.818796041,0.07049608355,5.554857673,0.05627027632,5.697754382e-05,1,6.026632371e-05,1,5.927987003e-05,1,4.755970122,0.07597911227,5.45069912,0.05850766305
5,5,7500,31.94552099,1.082542591e-07,1,2.397688596e-06,1,5.551617781e-05,1,5.706526073e-05,1,5.660062078e-05,1,4.736380936,0.07023498695,5.446443186,0.05660588433,5.856032309e-05,1,6.188358659e-05,1,6.088678972e-05,1,4.671072007,0.07310704961,5.342506637,0.05951448708
5,5,7506,31.94140429,1.082409606e-07,1,2.3854442e-06,1,5.554196876e-05,1,5.709297959e-05,1,5.662776137e-05,1,4.734845548,0.06997389034,5.444380105,0.056829623,5.858576334e-05,1,6.190920081e-05,1,6.091235176e-05,1,4.669451665,0.07310704961,5.340436213,0.05940261774
5,5,7750,31.80084458,1.077978464e-07,1,2.047711003e-06,1,5.626310862e-05,1,5.786129343e-05,1,5.73819256e-05,1,4.682159523,0.0684073107,5.37810065,0.05660588433,5.930623735e-05,1,6.259370943e-05,1,6.160764803e-05,1,4.613642085,0.07310704961,5.273248193,0.05940261774
5,5,8000,31.69966727,1.0744106e-07,1,1.847824492e-06,1,5.646743047e-05,1,5.811724332e-05,1,5.762238991e-05,1,4.650222492,0.0681462141,5.336761661,0.05727710035,5.951659418e-05,1,6.278788604e-05,1,6.180667781e-05,1,4.5794485,0.07362924282,5.230719966,0.05917887907
5,5,8250,31.6270185,1.071551726e-07,1,1.722007905e-06,1,5.657501605e-05,1,5.82853536e-05,1,5.777234609e-05,1,4.632094852,0.06736292428,5.31210228,0.05604653764,5.964980462e-05,1,6.294595816e-05,1,6.195729279e-05,1,4.559217189,0.07519582245,5.204616214,0.05917887907
5,5,8500,31.57391222,1.06913377e-07,1,1.616663341e-06,1,5.646564435e-05,1,5.822236134e-05,1,5.769544255e-05,1,4.622046828,0.06710182768,5.296611893,0.05571092963,5.957018779e-05,1,6.287863938e-05,1,6.188628528e-05,1,4.54673505,0.07180156658,5.187386129,0.05873140172
5,5,8750,31.53365549,1.066946275e-07,1,1.537330645e-06,1,5.631339548e-05,1,5.809843532e-05,1,5.756302122e-05,1,4.616984122,0.06579634465,5.286600739,0.05694149234,5.946488992e-05,1,6.278484443e-05,1,6.178904008e-05,1,4.539587247,0.07154046997,5.175530636,0.05783644703
5,5,9000,31.50190788,1.065097333e-07,1,1.461101007e-06,1,5.609378291e-05,1,5.791929291e-05,1,5.737173999e-05,1,4.617225639,0.06527415144,5.284131053,0.05537532162,5.928374263e-05,1,6.261790604e-05,1,6.16178398e-05,1,4.537740678,0.07232375979,5.1714937,0.05738896968
5,5,9250,31.47631371,1.063470095e-07,1,1.408384603e-06,1,5.583139016e-05,1,5.770996263e-05,1,5.714649387e-05,1,4.620467897,0.06318537859,5.285463217,0.05604653764,5.905701283e-05,1,6.243049851e-05,1,6.141863774e-05,1,4.538609677,0.07415143603,5.170964824,0.05817205504
5,5,9500,31.45494202,1.06201882e-07,1,1.391087794e-06,1,5.545076296e-05,1,5.737021214e-05,1,5.679448261e-05,1,4.626746697,0.06266318538,5.290375206,0.05503971361,5.870794142e-05,1,6.211193247e-05,1,6.109092176e-05,1,4.542656513,0.07336814621,5.173956161,0.05861953239
5,5,9750,31.43683744,1.060613877e-07,1,1.370844997e-06,1,5.503178795e-05,1,5.697220364e-05,1,5.639018531e-05,1,4.635579519,0.06083550914,5.298258322,0.05515158295,5.832602567e-05,1,6.174244005e-05,1,6.071770302e-05,1,4.549281884,0.07206266319,5.179939573,0.05794831637
5,5,10000,31.42105928,1.059299142e-07,1,1.363809924e-06,1,5.462628925e-05,1,5.657654312e-05,1,5.599157387e-05,1,4.645686563,0.06083550914,5.307795455,0.05358541224,5.794898366e-05,1,6.137693901e-05,1,6.034874033e-05,1,4.557039287,0.07154046997,5.187388453,0.05772457769
5,5,10250,31.40706952,1.058191622e-07,1,1.346077031e-06,1,5.412131364e-05,1,5.606381877e-05,1,5.548117372e-05,1,4.656627153,0.06057441253,5.318619566,0.05291419622,5.746043641e-05,1,6.087382334e-05,1,5.984999438e-05,1,4.565546864,0.06892950392,5.19626883,0.05694149234
5,5,10500,31.39439876,1.057024923e-07,1,1.327945335e-06,1,5.366391184e-05,1,5.561024226e-05,1,5.502644983e-05,1,4.667846237,0.06083550914,5.330480409,0.05280232688,5.701907352e-05,1,6.043102027e-05,1,5.940762329e-05,1,4.574716908,0.06788511749,5.206347897,0.05582279897
5,5,10750,31.38281696,1.056031883e-07,1,1.319515271e-06,1,5.317696731e-05,1,5.514349147e-05,1,5.455364202e-05,1,4.680182191,0.06031331593,5.343384194,0.05235484954,5.653525639e-05,1,5.996422993e-05,1,5.893572585e-05,1,4.585513039,0.06788511749,5.217850553,0.05548719096
5,5,11000,31.37243026,1.055076608e-07,1,1.31583411e-06,1,5.265291259e-05,1,5.462370279e-05,1,5.403257377e-05,1,4.694833601,0.06005221932,5.358711275,0.05145989484,5.601452278e-05,1,5.944550422e-05,1,5.841639787e-05,1,4.598481576,0.06684073107,5.231737337,0.05515158295
5,5,11250,31.36280272,1.054176446e-07,1,1.315568391e-06,1,5.213753209e-05,1,5.410355951e-05,1,5.351385906e-05,1,4.709688763,0.05874673629,5.373504177,0.05123615617,5.54971191e-05,1,5.892438281e-05,1,5.789639158e-05,1,4.611689504,0.06475195822,5.245186076,0.05515158295
5,5,11500,31.35389714,1.053306766e-07,1,1.318489948e-06,1,5.16497202e-05,1,5.360558649e-05,1,5.301893383e-05,1,4.72400622,0.05848563969,5.387703198,0.05034120148,5.500376446e-05,1,5.842272434e-05,1,5.73972238e-05,1,4.624490654,0.06449086162,5.258359036,0.05492784428
5,5,11750,31.34561313,1.052553785e-07,1,1.316639205e-06,1,5.110396731e-05,1,5.305132389e-05,1,5.246722367e-05,1,4.739159528,0.05665796345,5.40287051,0.04933437745,5.444271223e-05,1,5.785070244e-05,1,5.682849221e-05,1,4.638181313,0.06266318538,5.272604516,0.05436849759
5,5,12000,31.3380022,1.051776982e-07,1,1.310050822e-06,1,5.057471247e-05,1,5.251935585e-05,1,5.193606944e-05,1,4.753643932,0.05561357702,5.417094618,0.04877503076,5.390040514e-05,1,5.73026836e-05,1,5.628218658e-05,1,4.651397188,0.06214099217,5.286012691,0.05213111086
5,5,12250,31.33078562,1.051000175e-07,1,1.307344696e-06,1,5.002936021e-05,1,5.197490378e-05,1,5.139134736e-05,1,4.769609469,0.05483028721,5.432985451,0.04776820673,5.334784445e-05,1,5.675171933e-05,1,5.573074347e-05,1,4.666132012,0.06083550914,5.301092359,0.05168363352
5,5,12500,31.32393397,1.0501903e-07,1,1.306129914e-06,1,4.952000613e-05,1,5.146811343e-05,1,5.088378804e-05,1,4.786412633,0.0545691906,5.449698357,0.0476563374,5.282785068e-05,1,5.623185913e-05,1,5.52108432e-05,1,4.681678502,0.05822454308,5.316867752,0.05112428683
5,5,12750,31.31736567,1.049520073e-07,1,1.305184002e-06,1,4.90058464e-05,1,5.095952926e-05,1,5.03735315e-05,1,4.804614413,0.05300261097,5.468572723,0.0464257747,5.230881173e-05,1,5.571740281e-05,1,5.469501235e-05,1,4.69865947,0.05796344648,5.334874251,0.04966998546
5,5,13000,31.3110885,1.048841044e-07,1,1.297757915e-06,1,4.851483829e-05,1,5.047473238e-05,1,4.98868716e-05,1,4.822899322,0.05143603133,5.4867811,0.04620203602,5.181443554e-05,1,5.52279621e-05,1,5.420409126e-05,1,4.715772434,0.05535248042,5.352363924,0.04799194541
5,5,13111,31.3084095,1.048508591e-07,1,1.297379937e-06,1,4.828275524e-05,1,5.024009903e-05,1,4.965300319e-05,1,4.830744383,0.05143603133,5.494404503,0.0464257747,5.157729828e-05,1,5.498566112e-05,1,5.396333911e-05,1,4.723150221,0.05509138381,5.359714735,0.04743259872
5,5,13250,31.30511276,1.048092136e-07,1,1.295285745e-06,1,4.799808367e-05,1,4.994880055e-05,1,4.936369243e-05,1,4.84078438,0.05065274151,5.504584864,0.04664951337,5.127977734e-05,1,5.467744403e-05,1,5.365833028e-05,1,4.732753221,0.05404699739,5.369694068,0.04698512138
5,5,13500,31.29935188,1.047423352e-07,1,1.297122709e-06,1,4.742357939e-05,1,4.936629791e-05,1,4.878358885e-05,1,4.859914747,0.05039164491,5.523505512,0.04597829735,5.068434973e-05,1,5.406477661e-05,1,5.305083386e-05,1,4.751035966,0.05404699739,5.388150585,0.04620203602
5,5,13750,31.293814,1.046731747e-07,1,1.291087289e-06,1,4.681093778e-05,1,4.873793234e-05,1,4.815993961e-05,1,4.881389661,0.04830287206,5.544843174,0.04586642801,5.004026446e-05,1,5.339455156e-05,1,5.238844931e-05,1,4.771649873,0.05300261097,5.409083382,0.04564268934
5,5,14000,31.28844279,1.046055853e-07,1,1.279264266e-06,1,4.623683932e-05,1,4.814456373e-05,1,4.757235099e-05,1,4.905312519,0.04804177546,5.567942112,0.04474773465,4.942959216e-05,1,5.275531063e-05,1,5.17577774e-05,1,4.794974384,0.05143603133,5.432043211,0.04519521199
5,5,14250,31.2833134,1.045382386e-07,1,1.271236645e-06,1,4.568877105e-05,1,4.758117235e-05,1,4.70135557e-05,1,4.932151236,0.04621409922,5.594125357,0.04318156393,4.884295989e-05,1,5.214565276e-05,1,5.115502596e-05,1,4.821344351,0.05039164491,5.458257069,0.04295782526
5,5,14500,31.2783314,1.044802184e-07,1,1.262641837e-06,1,4.513466416e-05,1,4.702052233e-05,1,4.645486826e-05,1,4.962106898,0.04621409922,5.623705643,0.04228660924,4.82428562e-05,1,5.153080765e-05,1,5.054460246e-05,1,4.85106114,0.04882506527,5.488066971,0.04105604654
5,5,14750,31.27348933,1.044162909e-07,1,1.252467625e-06,1,4.454753634e-05,1,4.642226196e-05,1,4.585994704e-05,1,4.996332818,0.04516971279,5.657347892,0.04060856919,4.76063901e-05,1,5.087376432e-05,1,4.989373117e-05,1,4.885059571,0.04778067885,5.521923268,0.03982548383
5,5,15000,31.2686222,1.043494211e-07,1,1.246861073e-06,1,4.400273183e-05,1,4.586026875e-05,1,4.53031095e-05,1,5.034908613,0.04516971279,5.69485691,0.04038483052,4.70089178e-05,1,5.024968718e-05,1,4.927763402e-05,1,4.923579166,0.04595300261,5.559692501,0.03781183578
5,5,22901,31.0119246,1.022417038e-07,1,3.005786519e-06,1,3.757293066e-05,1,3.985139542e-05,1,3.91679809e-05,1,7.549318179,0.01331592689,8.132680525,0.01264123504,3.931711467e-05,1,4.242608356e-05,1,4.149356333e-05,1,7.512366156,0.01409921671,8.075575124,0.01364805907
5,5,40000,29.98282899,9.410297048e-08,1,6.854303182e-07,1,3.819835147e-08,1,4.040803193e-08,1,3.974524893e-08,1,6.471859315,0.01122715405,7.026345003,0.01029197897,4.154752324e-08,1,4.470188782e-08,1,4.375575137e-08,1,6.393636053,0.01201044386,6.937812792,0.009285154939
6,4,0,42.2729037,4.781028455,0.008093994778,4.773409183,0.008613938919,4.775969005,0.008355091384,4.771478591,0.009061416266,4.772825469,0.008849557522,4.781066454,0.008093994778,4.773436732,0.008613938919,4.775968764,0.008355091384,4.771478787,0.009061416266,4.772825534,0.008849557522,4.781066701,0.008093994778,4.773436535,0.008502069583
6,4,1,42.22259675,4.750523759,0.009921671018,4.754316208,0.007159637543,4.748796853,0.009660574413,4.751379722,0.008502069583,4.750605003,0.008849557522,4.750557279,0.009921671018,4.754343191,0.007047768207,4.748798091,0.009660574413,4.751379289,0.008502069583,4.750605071,0.008849557522,4.750556027,0.01018276762,4.754343632,0.007047768207
6,4,2,42.17743552,4.734282582,0.01305483029,4.748791161,0.007495245553,4.736216287,0.009660574413,4.744626163,0.008502069583,4.742103661,0.008849557522,4.734348708,0.01305483029,4.748849248,0.007495245553,4.736217438,0.009660574413,4.744625771,0.008502069583,4.742103732,0.008849557522,4.734347532,0.01279373368,4.748849652,0.007495245553
6,4,3,42.13645027,4.724687,0.01174934726,4.749432634,0.007047768207,4.730582472,0.01174934726,4.743984085,0.00760711489,4.739964336,0.008849557522,4.724788475,0.01174934726,4.74952531,0.007047768207,4.730584272,0.01174934726,4.743983423,0.00760711489,4.739964412,0.008849557522,4.724786664,0.01201044386,4.749525979,0.007047768207
6,4,5,42.06488076,4.712788455,0.0180156658,4.756657168,0.00693589887,4.726892321,0.01044386423,4.748291443,0.008166461573,4.74187288,0.008849557522,4.712909323,0.01775456919,4.756771453,0.00693589887,4.726894245,0.01044386423,4.748290727,0.008166461573,4.741872956,0.008849557522,4.712907395,0.01775456919,4.756772173,0.006824029534
6,4,9,41.96241581,4.691216496,0.01592689295,4.768395695,0.005369728158,4.722616988,0.01148825065,4.752604096,0.007718984226,4.743609607,0.008849557522,4.691370519,0.01618798956,4.768552642,0.005369728158,4.722618288,0.01148825065,4.752603652,0.007718984226,4.743609686,0.008849557522,4.691369237,0.01644908616,4.76855308,0.005369728158
6,4,16,41.94823646,4.647993496,0.0365535248,4.791269406,0.003803557445,4.717914517,0.01122715405,4.754453186,0.007830853563,4.743493589,0.008849557522,4.648265638,0.0365535248,4.791548007,0.003803557445,4.717911612,0.01122715405,4.754454611,0.007830853563,4.743493715,0.008849557522,4.648268655,0.03681462141,4.791546529,0.003803557445
6,4,28,42.49736742,4.519662228,0.05065274151,4.923283222,0.003915426782,4.715859954,0.01148825065,4.754439349,0.007718984226,4.742867645,0.008849557522,4.5205169,0.05065274151,4.924165142,0.003915426782,4.715852662,0.01148825065,4.754443562,0.007718984226,4.742868408,0.008849557522,4.52052482,0.0501305483,4.924160619,0.003915426782
6,4,50,44.77044247,4.103593632,0.1060052219,5.558049443,0.003467949435,4.717108408,0.01148825065,4.757309406,0.007718984226,4.745251311,0.008849557522,4.11050377,0.1033942559,5.565297473,0.003467949435,4.717094688,0.01148825065,4.757337651,0.007718984226,4.745266968,0.008849557522,4.110517812,0.1033942559,5.565260916,0.003467949435
6,4,87,50.76579522,2.671498012,0.3762402089,7.396894595,0.003356080098,4.744228877,0.01018276762,4.825501706,0.008278330909,4.801124312,0.008849557522,2.72834468,0.3592689295,7.46340467,0.003132341425,4.743939284,0.01148825065,4.826227345,0.009397024276,4.801545438,0.01002427755,2.728533623,0.3595300261,7.462553077,0.003244210762
6,4,151,60.20823453,0.07249405909,1,15.615595,0.01085132565,5.099436464,0.03002610966,5.277653915,0.0250587314,5.22419845,0.02654867257,0.1284615232,1,16.20492084,0.007830853563,5.103128587,0.02454308094,5.293259484,0.02013648059,5.236230638,0.02145821912,0.1306592394,1,16.19206929,0.007830853563
6,4,250,60.34615288,0.01286349559,1,17.13412117,0.01264123504,4.793545167,0.03002610966,4.967210506,0.0250587314,4.915120425,0.02654867257,0.02941389393,1,17.90614138,0.008613938919,4.802460717,0.03342036554,4.990719359,0.02707237946,4.934252087,0.02897642728,0.03042661095,1,17.88859728,0.008278330909
6,4,264,60.30997558,0.01097374341,1,17.24117898,0.01286497371,4.758997628,0.03002610966,4.931447617,0.0250587314,4.879722074,0.02654867257,0.02572532322,1,18.03221396,0.008613938919,4.768503624,0.03446475196,4.95582976,0.0284148115,4.899642188,0.03022946198,0.02665661807,1,18.01420789,0.008166461573
6,4,462,60.24791102,0.001189952625,1,19.24442833,0.01510236044,4.412469655,0.05822454308,4.578941468,0.05090054816,4.52900905,0.05309734513,0.004189908115,1,20.34838,0.009173285602,4.432854012,0.05691906005,4.618681379,0.04899876944,4.562943356,0.05137442243,0.004481744095,1,20.32333871,0.008502069583
6,4,500,60.28969444,0.000784168046,1,19.6673476,0.01543796845,4.363465842,0.06866840731,4.529650352,0.05906700973,4.479804109,0.06194690265,0.003015591982,1,20.83729861,0.009508893612,4.386277697,0.0590078329,4.572695224,0.05056494015,4.516780185,0.05309734513,0.003251254336,1,20.81084809,0.008837677593
6,4,750,60.67555887,5.345552929e-05,1,22.53421307,0.01823470187,4.092452139,0.0819843342,4.260020286,0.0660029086,4.209759028,0.07079646018,0.0004132098273,1,24.1973235,0.01096319499,4.135162276,0.07597911227,4.329955702,0.06499608457,4.271528353,0.06829039079,0.0004798248012,1,24.15920047,0.01040384831
6,4,806,60.74331155,2.969420799e-05,1,23.18905098,0.01845844054,4.042865067,0.08146214099,4.211189222,0.06622664728,4.160701203,0.07079646018,0.0002759133177,1,24.97719856,0.01096319499,4.091236964,0.08093994778,4.288412841,0.06700973263,4.229270887,0.07118803352,0.000327660042,1,24.93607194,0.01073945632
6,4,1000,60.69922307,4.236794785e-06,1,25.33032797,0.02002461125,3.891801559,0.0911227154,4.061414878,0.07472871686,4.01054018,0.0796460177,8.108277464e-05,1,27.58165564,0.01141067233,3.962746891,0.09947780679,4.166191941,0.08300704777,4.105169579,0.08794737254,0.0001060470322,1,27.53152947,0.011298803
6,4,1250,59.58802481,6.452353112e-07,1,27.23814683,0.02147891263,3.700387948,0.1289817232,3.863386915,0.1090726032,3.814496161,0.1150442478,3.223532235e-05,1,30.04558701,0.01230562703,3.799130138,0.1250652742,4.000115833,0.100682403,3.939831142,0.1079959276,4.891536031e-05,1,29.98561379,0.01163441101
6,4,1409,58.30299834,3.936188676e-07,1,27.49682149,0.022597606,3.556672693,0.1577023499,3.699814317,0.1346906813,3.656879676,0.1415929204,2.993464287e-05,1,30.54116317,0.01141067233,3.668751429,0.1349869452,3.850964874,0.1114218593,3.796310829,0.1184900932,4.865657471e-05,1,30.475786,0.01174628034
6,4,1500,57.56100648,3.615368106e-07,1,27.38376435,0.02360443003,3.478608412,0.1678851175,3.610132319,0.1429690122,3.570682357,0.1504424779,3.309688892e-05,1,30.53017221,0.01185814968,3.595849621,0.1441253264,3.766632153,0.1175746728,3.715406756,0.1255384133,5.544397152e-05,1,30.4626431,0.01185814968
6,4,1750,55.96940903,3.491094715e-07,1,26.81232511,0.02517060074,3.29732697,0.2039164491,3.408770816,0.1780959839,3.375343772,0.185840708,5.165191645e-05,1,30.22447612,0.01118693366,3.426887157,0.1582245431,3.577775226,0.1322295559,3.532517077,0.140026627,9.481339142e-05,1,30.15183177,0.01163441101
6,4,2000,54.94017791,3.455810757e-07,1,26.21430176,0.02651303278,3.128873138,0.2310704961,3.230673461,0.204385278,3.200138945,0.2123893805,9.0766101e-05,1,29.9271207,0.01096319499,3.269303878,0.1707571802,3.411022695,0.1484506097,3.368514819,0.155141358,0.0001915623436,1,29.84826377,0.01096319499
6,4,2250,54.22747925,3.419224786e-07,1,25.61782808,0.02796733415,2.960024831,0.2404699739,3.054524665,0.2129992169,3.026179895,0.2212389381,0.0001761905704,1,29.6691312,0.01141067233,3.112354712,0.1885117493,3.247787364,0.1646716635,3.207164993,0.1718223823,0.00043369779,1,29.58328813,0.011298803
6,4,2460,53.76714068,3.384069066e-07,1,25.09898633,0.02998098221,2.825413881,0.2404699739,2.914330239,0.2129992169,2.887660206,0.2212389381,0.0003268920445,1,29.45800339,0.01118693366,2.986560101,0.2036553525,3.117129377,0.1758585972,3.077965752,0.1841960999,0.0008641561403,0.9997389034,29.36685612,0.01163441101
6,4,2500,53.68912018,3.376405557e-07,1,24.99739172,0.03020472089,2.799907287,0.2488250653,2.887961058,0.2220606332,2.861549754,0.2300884956,0.0003691902567,1,29.41810686,0.01118693366,2.962685624,0.2060052219,3.092492752,0.1775366372,3.053557729,0.186075652,0.0009912219819,0.9997389034,29.32597762,0.01174628034
6,4,2750,53.24352458,3.332318041e-07,1,24.3390476,0.03288958496,2.637642268,0.2699738903,2.721688128,0.238281687,2.696478977,0.2477876106,0.0008575527696,1,29.18017746,0.01141067233,2.809883606,0.2234986945,2.936880617,0.1931983443,2.898788476,0.2022867883,0.002303885539,0.9997389034,29.07944325,0.01107506432
6,4,3000,52.85369124,3.294387915e-07,1,23.67041965,0.03602192639,2.474379757,0.2979112272,2.555130005,0.2642353731,2.530909357,0.2743362832,0.002167516177,1,28.96525114,0.01040384831,2.655943553,0.2509138381,2.781187512,0.2183689451,2.74362119,0.2281306289,0.005319771696,0.9994778068,28.85388614,0.01118693366
6,4,3250,52.49249073,3.252431233e-07,1,22.95848788,0.03993735317,2.319199604,0.2979112272,2.398381954,0.2642353731,2.37463159,0.2743362832,0.00590378795,0.9997389034,28.75659207,0.01174628034,2.510343005,0.2775456919,2.635741016,0.2400715964,2.598128487,0.2513117707,0.01261407474,0.9973890339,28.6335848,0.01219375769
6,4,3500,52.14503103,3.206818677e-07,1,22.19929375,0.04541895067,2.163852238,0.3624020888,2.242999895,0.3250922922,2.219259937,0.3362831858,0.01626442253,0.9976501305,28.54254259,0.01107506432,2.36372887,0.3046997389,2.491602851,0.2689338852,2.453247667,0.2796616806,0.02977663112,0.9898172324,28.40796898,0.01040384831
6,4,3750,51.80369787,3.166258809e-07,1,21.38459132,0.05000559347,2.000045961,0.4127937337,2.08078021,0.3793489205,2.056564361,0.389380531,0.04544165941,0.9848563969,28.32157933,0.01185814968,2.205285334,0.3449086162,2.337995341,0.3023828169,2.298189614,0.3151382254,0.06897165105,0.9770234987,28.17516864,0.01107506432
6,4,4000,51.46127461,3.124606922e-07,1,20.51763144,0.05627027632,1.828837,0.4550913838,1.91069042,0.4244322631,1.886138881,0.4336283186,0.1148115887,0.9574412533,28.08879661,0.01107506432,2.033712282,0.380156658,2.170106493,0.3433269941,2.129195707,0.3543738742,0.1512395415,0.9475195822,27.92936032,0.01096319499
6,4,4250,51.11548542,3.083880234e-07,1,19.6271329,0.06119252713,1.664055015,0.5169712794,1.747121596,0.4737666406,1.722206176,0.4867256637,0.2505277162,0.9114882507,27.87223464,0.009844501622,1.866198467,0.4229765013,2.005483179,0.3804676138,1.963705401,0.3932179497,0.2955420161,0.8973890339,27.70141912,0.011298803
6,4,4297,51.05055656,3.075414596e-07,1,19.4545389,0.06231122049,1.633511449,0.5318537859,1.716653635,0.4926725585,1.691715537,0.5044247788,0.2849986877,0.8981723238,27.82935356,0.009844501622,1.834835834,0.4287206266,1.974430665,0.3867322967,1.932559869,0.3993264939,0.330967762,0.8872062663,27.65696871,0.01118693366
6,4,4500,50.76739645,3.039838292e-07,1,18.69425549,0.0668978633,1.50644805,0.5407310705,1.589313607,0.501510236,1.564458482,0.5132743363,0.4756272682,0.8425587467,27.64240009,0.01018010963,1.703761631,0.465535248,1.843741496,0.4168251482,1.80175521,0.4314355079,0.5233880169,0.835770235,27.46371034,0.011298803
6,4,4750,50.40977226,2.998712529e-07,1,17.69464648,0.07472871686,1.362114088,0.5490861619,1.443912084,0.5105716523,1.419377169,0.5221238938,0.8183814945,0.765535248,27.39674045,0.009397024276,1.552048585,0.4973890339,1.691715824,0.4493791252,1.649823309,0.4637794659,0.8635955555,0.7657963446,27.21368441,0.01085132565
6,4,5000,50.03932234,2.953004171e-07,1,16.64072575,0.08434947981,1.23157785,0.5725848564,1.310157548,0.5384271171,1.286587947,0.5486725664,1.304222159,0.6853785901,27.18588157,0.009844501622,1.416093494,0.5268929504,1.553313687,0.4791363687,1.512155152,0.4934607252,1.34333793,0.6864229765,26.99861889,0.01062758698
6,4,5250,49.64817035,2.901101513e-07,1,15.51953071,0.0977738002,1.104149466,0.5966057441,1.178160082,0.5660588433,1.155960954,0.5752212389,1.955800724,0.5984334204,27.00986805,0.01185814968,1.28808134,0.5558746736,1.421827965,0.5039713614,1.381711309,0.5195395098,1.982017569,0.6052219321,26.81845068,0.01197001902
6,4,5500,49.23926654,2.850389851e-07,1,14.33602335,0.1144423314,0.9804134515,0.6318537859,1.049178272,0.601521423,1.028552596,0.610619469,2.766280104,0.5214099217,26.87200172,0.0125293657,1.166951833,0.5751958225,1.295149797,0.5283588768,1.256697436,0.5424073929,2.777603618,0.52845953,26.67560449,0.01342432039
6,4,5750,48.80423278,2.797338199e-07,1,13.03096926,0.1342432039,0.8539180328,0.6671018277,0.9172564257,0.6369840027,0.89825838,0.6460176991,3.78201623,0.4485639687,26.76526809,0.01308871238,1.048312908,0.5979112272,1.168657629,0.5522989149,1.13256081,0.5659801081,3.777034671,0.4584856397,26.56628107,0.01510236044
6,4,6000,48.33845818,2.747282116e-07,1,11.64820786,0.159861282,0.7313429274,0.7007832898,0.7906783167,0.6731177984,0.7728809527,0.6814159292,5.072617652,0.384073107,26.73706701,0.0146548831,0.9377662502,0.6310704961,1.050203745,0.5822798971,1.016478661,0.5969144021,5.037790988,0.4,26.53750917,0.01577357646
6,4,6250,47.84887297,2.687235211e-07,1,10.28915113,0.193422083,0.6252823407,0.711227154,0.6807318412,0.68128426,0.6641000308,0.6902654867,6.644130792,0.3430809399,26.90755174,0.01778722452,0.8477451623,0.6571801567,0.9523943239,0.613491442,0.9210053123,0.6265956614,6.588870386,0.3582245431,26.70015022,0.0183465712
6,4,6500,47.32915042,2.629665057e-07,1,8.956928345,0.2359324309,0.5297951824,0.7650130548,0.5803998218,0.7467278219,0.5652212042,0.7522123894,8.425087384,0.308616188,27.25576461,0.0204720886,0.7682985533,0.6830287206,0.8643475618,0.646045419,0.8355381247,0.657138382,8.351817214,0.3211488251,27.03776576,0.02136704329
6,4,6750,46.78435738,2.567764068e-07,1,7.647199875,0.2866092404,0.4432665119,0.8219321149,0.4881202898,0.7981877167,0.4746666154,0.8053097345,10.42717555,0.2817232376,27.79038751,0.02494686207,0.6950800146,0.711227154,0.7815043005,0.6775925719,0.7555817525,0.6876811027,10.33376433,0.2947780679,27.55600718,0.02707237946
6,4,7000,46.1929778,2.497698775e-07,1,6.331293576,0.3479136369,0.3631322261,0.8399477807,0.4011379981,0.8157512026,0.38973835,0.8230088496,12.67109813,0.2613577023,28.50312605,0.03154715293,0.6250538425,0.738381201,0.7034352909,0.7081329008,0.6799251533,0.7172057326,12.55627103,0.2793733681,28.23726353,0.03322519297
6,4,7250,45.54048482,2.411765352e-07,1,4.969842712,0.4309206846,0.2900899958,0.8966057441,0.3206092862,0.8799642018,0.3114551722,0.8849557522,15.17166322,0.2389033943,29.34027161,0.04004922251,0.5672957497,0.7671018277,0.6365619948,0.7388969683,0.6157859185,0.7473568799,15.01941781,0.2610966057,29.01867787,0.04407651863
6,4,7500,44.80113511,2.322360315e-07,1,3.622331393,0.5261214901,0.2257633589,0.9135770235,0.2485912732,0.897975165,0.2417441503,0.9026548673,17.96440095,0.2248041775,30.38626482,0.04911063877,0.5169081652,0.7924281984,0.5798030012,0.7675355185,0.5609379983,0.7750019579,17.76088204,0.2485639687,29.97888663,0.05515158295
6,4,7506,44.78200195,2.320909547e-07,1,3.593688424,0.5275757915,0.2237765396,0.9135770235,0.2463330263,0.897975165,0.2395673169,0.9026548673,18.0386426,0.2234986945,30.42461326,0.04933437745,0.515222565,0.7932114883,0.5776972967,0.7679829959,0.558958302,0.7755501605,17.83313935,0.2506527415,30.01503729,0.05503971361
6,4,7750,43.97280052,2.235219812e-07,1,2.402539052,0.635417832,0.1695820652,0.9263707572,0.186405865,0.9177760376,0.1813596474,0.9203539823,21.17131975,0.2080939948,31.85579766,0.06119252713,0.4724642897,0.8078328982,0.5294997291,0.7895737778,0.512392224,0.795050513,20.90294936,0.2360313316,31.34971566,0.06779281799
6,4,8000,43.07879091,2.165580186e-07,1,1.469362279,0.7413580937,0.120694726,0.9441253264,0.1327334452,0.9354513928,0.1291224894,0.9380530973,24.90126874,0.1885117493,33.97373535,0.07081329008,0.4425431912,0.8232375979,0.4921332696,0.8057948316,0.4772589646,0.8110267053,24.55077256,0.219843342,33.36578997,0.08513256516
6,4,8250,42.15139786,2.051614926e-07,1,0.874683973,0.8267143976,0.07687982351,0.9872062663,0.08460697442,0.9801991274,0.08228925275,0.982300885,28.6739506,0.1639686684,36.35104619,0.08021031435,0.4138149512,0.8462140992,0.4567220041,0.8243651415,0.4438522404,0.8309186311,28.2339012,0.2070496084,35.65033943,0.1028079203
6,4,8500,41.22452876,1.978585871e-07,1,0.5340675301,0.8858932767,0.04478162099,1,0.0493976486,1,0.04801309337,1,31.99758238,0.1446475196,38.57434571,0.08770555991,0.3776122674,0.8605744125,0.4152795596,0.8455084461,0.4039814368,0.8500274101,31.4748867,0.1879895561,37.78904941,0.1135473767
6,4,8750,40.27435468,1.883148754e-07,1,0.3312754378,0.9225864191,0.02040972908,1,0.02251218795,1,0.02188156555,1,34.28212007,0.1360313316,39.8976751,0.09083790133,0.3032748638,0.8937336815,0.3399549992,0.8768318604,0.3289529694,0.8819014801,33.6935825,0.1749347258,39.05202324,0.1191408435
6,4,9000,39.25684218,1.732967414e-07,1,0.195606404,0.9529030093,0.006874519531,1,0.007543951455,1,0.007343158576,1,34.63861562,0.1281984334,39.39270228,0.09296341873,0.1886259059,0.9287206266,0.2243719902,0.9160979975,0.2136501245,0.9198840943,34.02846068,0.1647519582,38.54216507,0.1207070142
6,4,9250,38.08548855,1.581018214e-07,1,0.09949839254,0.9731513592,0.001948115932,1,0.002157961793,1,0.002095019539,1,31.974852,0.1208877285,35.87767055,0.09039042398,0.07111493187,0.9778067885,0.09171529326,0.9675578924,0.08553631416,0.9706319994,31.43969081,0.1485639687,35.13506081,0.113659246
6,4,9500,36.79015892,1.431005258e-07,1,0.03810479928,0.9884774583,0.0003846586194,1,0.000424778928,1,0.0004127450348,1,26.65446832,0.1026109661,29.76974826,0.08423761047,0.00918945741,0.9973890339,0.01228352063,0.9967557892,0.01135547128,0.9969457279,26.27462418,0.1221932115,29.24407806,0.1001230563
6,4,9750,35.41215947,1.286176646e-07,1,0.009221070538,0.9974270053,5.61576383e-05,1,6.159700822e-05,1,5.996549543e-05,1,19.58526257,0.08250652742,21.97470642,0.07316254615,0.0002326209855,1,0.0003437772472,1,0.0003104364623,1,19.37593796,0.0953002611,21.66688204,0.08211209308
6,4,10000,34.08691606,1.169094942e-07,1,0.0009458052004,0.9995525227,1.185521724e-05,1,1.301576582e-05,1,1.266766487e-05,1,12.79214478,0.0684073107,14.46168991,0.06119252713,1.851743785e-05,1,2.332766828e-05,1,2.188486285e-05,1,12.67209186,0.07336814621,14.28648087,0.06298243651
6,4,10250,33.01546939,1.115335381e-07,1,0.0001529138802,1,6.765664887e-06,1,7.191926598e-06,1,7.064071452e-06,1,8.970238394,0.06657963446,10.1368797,0.05358541224,7.792980703e-06,1,8.706354894e-06,1,8.432392708e-06,1,8.860767987,0.06318537859,10.00152427,0.05526345229
6,4,10500,32.30221306,1.091562887e-07,1,1.69094245e-05,1,6.704637661e-06,1,7.022484355e-06,1,6.927147771e-06,1,7.442397528,0.06788511749,8.369818878,0.05985009509,7.224680817e-06,1,7.777219697e-06,1,7.611488323e-06,1,7.32547646,0.06292428198,8.236925218,0.05783644703
6,4,10750,31.82972643,1.074434656e-07,1,2.40976772e-06,1,7.036139071e-06,1,7.333240688e-06,1,7.24412649e-06,1,6.688694409,0.06919060052,7.486523825,0.0601857031,7.466086797e-06,1,7.938120846e-06,1,7.796536509e-06,1,6.563582821,0.06449086162,7.350711639,0.05884327106
6,4,11000,31.49937238,1.059711783e-07,1,1.223220258e-06,1,7.247252621e-06,1,7.539315033e-06,1,7.45171232e-06,1,6.236488738,0.07310704961,6.951757367,0.06589103927,7.676343158e-06,1,8.116854892e-06,1,7.984725521e-06,1,6.103658805,0.06684073107,6.81019207,0.06119252713
6,4,11250,31.26051643,1.048729977e-07,1,8.124644337e-07,1,7.471458208e-06,1,7.757117255e-06,1,7.671435201e-06,1,5.936758491,0.08067885117,6.606413223,0.07036581273,7.950853224e-06,1,8.383182468e-06,1,8.253507396e-06,1,5.795958379,0.07597911227,6.456479135,0.06700973263
6,4,11500,31.0827502,1.03940147e-07,1,6.008985609e-07,1,7.675521906e-06,1,7.962279344e-06,1,7.876267833e-06,1,5.732026602,0.08355091384,6.369034765,0.07305067681,8.214382163e-06,1,8.654018404e-06,1,8.522151633e-06,1,5.585747915,0.0819843342,6.211754687,0.07237946079
6,4,11750,30.94538888,1.031826151e-07,1,5.07126956e-07,1,7.845087683e-06,1,8.139592303e-06,1,8.051257062e-06,1,5.586593671,0.08381201044,6.201568156,0.07618301823,8.449192213e-06,1,8.9086066e-06,1,8.770807469e-06,1,5.434687379,0.08563968668,6.036134866,0.07640675691
6,4,12000,30.83611763,1.025491177e-07,1,4.55695624e-07,1,7.9672603e-06,1,8.267951657e-06,1,8.177760734e-06,1,5.478381997,0.09033942559,6.07655913,0.07998657568,8.627232921e-06,1,9.105436014e-06,1,8.962001302e-06,1,5.321704374,0.08825065274,5.905048886,0.07998657568
6,4,12250,30.74942562,1.020821587e-07,1,4.306326793e-07,1,7.951759336e-06,1,8.253690108e-06,1,8.163127428e-06,1,5.412105503,0.0908616188,5.996930821,0.07998657568,8.646868759e-06,1,9.137080626e-06,1,8.99004394e-06,1,5.252463605,0.09007832898,5.821691955,0.08110526905
6,4,12500,30.68173032,1.017137763e-07,1,4.169340768e-07,1,7.829346322e-06,1,8.129237627e-06,1,8.039286675e-06,1,5.375867856,0.08877284595,5.949466813,0.07819666629,8.547176993e-06,1,9.044501361e-06,1,8.895331314e-06,1,5.212378622,0.08981723238,5.770165222,0.079427229
6,4,12750,30.62755375,1.013807917e-07,1,4.113140595e-07,1,7.676467614e-06,1,7.972619317e-06,1,7.883790041e-06,1,5.34935742,0.08851174935,5.916270802,0.07663049558,8.40306871e-06,1,8.902766299e-06,1,8.752884416e-06,1,5.184493509,0.08851174935,5.735030166,0.07909162099
6,4,13000,30.58409756,1.011487606e-07,1,4.077923759e-07,1,7.483887715e-06,1,7.776343971e-06,1,7.688623127e-06,1,5.33420144,0.08433420366,5.896438591,0.07293880747,8.217130061e-06,1,8.716676635e-06,1,8.566840048e-06,1,5.168328707,0.08772845953,5.713502779,0.07629488757
6,4,13111,30.56788163,1.010530916e-07,1,4.0572502e-07,1,7.388664582e-06,1,7.678762909e-06,1,7.591749314e-06,1,5.331523726,0.0817232376,5.892297638,0.07170824477,8.122763274e-06,1,8.620414973e-06,1,8.471146744e-06,1,5.165174602,0.08720626632,5.708676453,0.07439310885
6,4,13250,30.54961839,1.009496805e-07,1,4.029698464e-07,1,7.27072344e-06,1,7.557610949e-06,1,7.471560423e-06,1,5.329879105,0.0819843342,5.888927035,0.07047768207,8.005803176e-06,1,8.500414679e-06,1,8.352058343e-06,1,5.163013196,0.08563968668,5.704568245,0.07249133013
6,4,13500,30.52166202,1.007726693e-07,1,3.989964174e-07,1,7.062963465e-06,1,7.342792907e-06,1,7.258859414e-06,1,5.32696142,0.08015665796,5.882461613,0.06835216467,7.794999303e-06,1,8.281571881e-06,1,8.135626782e-06,1,5.158626502,0.08067885117,5.696632614,0.0693589887
6,4,13750,30.49845595,1.006230556e-07,1,3.956840606e-07,1,6.864895915e-06,1,7.137458334e-06,1,7.05570455e-06,1,5.327718242,0.07780678851,5.880229364,0.06566730059,7.591594396e-06,1,8.068558714e-06,1,7.925495566e-06,1,5.158443514,0.07780678851,5.693238984,0.06678599396
6,4,14000,30.47894625,1.004909733e-07,1,3.913514179e-07,1,6.681284956e-06,1,6.946682088e-06,1,6.867077498e-06,1,5.32763452,0.07650130548,5.876055263,0.06365365253,7.397049787e-06,1,7.862516351e-06,1,7.722901899e-06,1,5.158026007,0.07754569191,5.688802251,0.06521982325
6,4,14250,30.46231941,1.003583846e-07,1,3.870381822e-07,1,6.504595691e-06,1,6.764602321e-06,1,6.686614585e-06,1,5.330182695,0.0725848564,5.874064554,0.06175187381,7.207780199e-06,1,7.663512567e-06,1,7.52681784e-06,1,5.160493292,0.07519582245,5.686935368,0.06309430585
6,4,14500,30.44778614,1.002473093e-07,1,3.819251205e-07,1,6.328674799e-06,1,6.583585411e-06,1,6.507126202e-06,1,5.333928699,0.07023498695,5.873323213,0.05861953239,7.017915358e-06,1,7.463649638e-06,1,7.329953789e-06,1,5.163813427,0.07362924282,5.686145531,0.06208748182
6,4,14750,30.43501326,1.001423722e-07,1,3.776177473e-07,1,6.160157339e-06,1,6.409911241e-06,1,6.334998762e-06,1,5.337630919,0.06919060052,5.873030226,0.05593466831,6.835929475e-06,1,7.271646349e-06,1,7.140955173e-06,1,5.167101373,0.0725848564,5.685520302,0.05962635642
6,4,15000,30.42354271,1.00042472e-07,1,3.727615742e-07,1,6.001844875e-06,1,6.246772883e-06,1,6.173307908e-06,1,5.339788374,0.06710182768,5.87119416,0.05324980423,6.663615045e-06,1,7.089424966e-06,1,6.961705333e-06,1,5.170018158,0.06971279373,5.68456292,0.05839579371
6,4,22901,29.15547587,8.966436475e-08,1,1.622176321e-07,1,4.919271212e-08,1,5.118505208e-08,1,5.058745931e-08,1,7.473944199,0.02428198433,7.903913122,0.02338069135,6.322103223e-08,1,6.734958464e-08,1,6.611124525e-08,1,7.252593459,0.0318537859,7.661727832,0.02986911288
6,4,40000,29.00728934,8.85360762e-08,1,1.557282388e-07,1,4.126505303e-08,1,4.282960897e-08,1,4.236032796e-08,1,8.420173069,0.0138381201,8.909215225,0.01118693366,7.020404528e-08,1,7.479134278e-08,1,7.3415405e-08,1,8.084742509,0.01227154047,8.530268727,0.009956370959
7,5,0,42.18179448,4.757925801,0.009399477807,4.7605186,0.008278330909,4.756943228,0.009660574413,4.757166994,0.008502069583,4.757099877,0.008849557522,4.757988347,0.009399477807,4.76058587,0.008390200246,4.756945114,0.009660574413,4.757166278,0.008502069583,4.757099941,0.008849557522,4.757986531,0.009399477807,4.760586555,0.008278330909
7,5,1,42.13629818,4.734886611,0.01070496084,4.751388213,0.0100682403,4.737783437,0.009660574413,4.746905165,0.008502069583,4.744169147,0.008849557522,4.735004814,0.01070496084,4.751507105,0.0100682403,4.737787229,0.009660574413,4.746903633,0.008837677593,4.744169211,0.009084501527,4.735001105,0.01070496084,4.751508599,0.0100682403
7,5,2,42.09591478,4.723481915,0.01122715405,4.752339803,0.007830853563,4.730128551,0.01201044386,4.746621066,0.007495245553,4.741674216,0.008849557522,4.723624795,0.01122715405,4.752480333,0.007830853563,4.730132603,0.01279373368,4.746619421,0.008278330909,4.741674279,0.009632704205,4.723620805,0.01070496084,4.752481951,0.0079427229
7,5,3,42.06006079,4.716409388,0.01305483029,4.756368894,0.00760711489,4.727010761,0.01201044386,4.749257881,0.007495245553,4.742584965,0.008849557522,4.716561996,0.01279373368,4.756517357,0.007383376217,4.727013334,0.01201044386,4.749256871,0.007495245553,4.742585029,0.008849557522,4.716559474,0.01279373368,4.756518345,0.007495245553
7,5,5,41.99967248,4.705219141,0.01331592689,4.763855082,0.006376552187,4.724140974,0.01201044386,4.753331176,0.007495245553,4.744575715,0.008849557522,4.705402991,0.01331592689,4.76403124,0.006376552187,4.724138961,0.01201044386,4.753332143,0.007495245553,4.744575789,0.008849557522,4.705405067,0.01305483029,4.764030242,0.006376552187
7,5,9,41.9259969,4.682030953,0.01958224543,4.773657734,0.006040944177,4.719971986,0.01174934726,4.75445423,0.00760711489,4.744111447,0.008849557522,4.682339043,0.01958224543,4.773954372,0.006040944177,4.719966962,0.01488250653,4.754456544,0.009173285602,4.74411156,0.0108857389,4.68234412,0.01958224543,4.773952027,0.006040944177
7,5,16,41.97976654,4.632481083,0.02793733681,4.803092398,0.004922250811,4.717248425,0.01174934726,4.755973188,0.00760711489,4.744357882,0.008849557522,4.633065841,0.02845953003,4.803659586,0.005034120148,4.717239438,0.01174934726,4.755977369,0.00760711489,4.744358113,0.008849557522,4.63307485,0.02845953003,4.803655366,0.005034120148
7,5,28,42.66623113,4.479063493,0.05169712794,4.983012032,0.003579818772,4.714858093,0.01174934726,4.752229627,0.00760711489,4.741020216,0.008849557522,4.480760703,0.05091383812,4.984659355,0.003579818772,4.714831341,0.01174934726,4.752242996,0.00760711489,4.74102155,0.008849557522,4.480785965,0.05065274151,4.984646207,0.003579818772
7,5,50,44.91423539,4.063944348,0.1167101828,5.59724931,0.003132341425,4.711773473,0.01148825065,4.75803056,0.007718984226,4.74415597,0.008849557522,4.076508414,0.1127937337,5.609757556,0.002908602752,4.711518384,0.01148825065,4.758189143,0.007718984226,4.744190474,0.008849557522,4.076728177,0.1133159269,5.609616819,0.003020472089
7,5,87,51.08055442,2.578952528,0.3945169713,7.231038916,0.01700413917,4.634647127,0.0318537859,4.717602902,0.02427564605,4.692720717,0.02654867257,2.723768794,0.3621409922,7.399752476,0.01320058172,4.634649804,0.02845953003,4.722458927,0.01912965656,4.696121004,0.02192810713,2.723425872,0.364229765,7.394898085,0.01342432039
7,5,151,60.02206361,0.0568364397,1,14.22968623,0.06040944177,4.200169905,0.1297650131,4.390300302,0.1087369952,4.333271606,0.1150442478,0.2226704004,0.9955613577,15.48885035,0.03546257971,4.286617809,0.1023498695,4.500005544,0.0840138718,4.436000922,0.08951366591,0.2396135135,0.984073107,15.432501,0.0363575344
7,5,250,59.90366909,0.01162192866,1,15.18153992,0.0693589887,3.892023101,0.1725848564,4.076202994,0.1409553641,4.020959123,0.1504424779,0.08179440998,1,16.75686951,0.03646940374,4.014369208,0.1279373368,4.225536598,0.0998993176,4.162197958,0.1083091863,0.09871975448,0.9945169713,16.68555389,0.03837118246
7,5,264,59.86106503,0.00989510408,1,15.26226125,0.07036581273,3.856107932,0.1757180157,4.039010229,0.1396129321,3.984149567,0.1504424779,0.07445942039,1,16.87629061,0.03669314241,3.982552988,0.1295039164,4.192768355,0.1018010963,4.129715269,0.1101104237,0.09118743949,0.9945169713,16.80316973,0.03915426782
7,5,462,59.67055763,0.001067596162,1,16.74976822,0.08222396241,3.430087855,0.2120104439,3.607984854,0.1746280345,3.554625507,0.185840708,0.02475886733,1,19.0012855,0.04038483052,3.61688409,0.1537859008,3.826938081,0.1193645822,3.763933399,0.1296890908,0.03997730344,0.9960835509,18.8969572,0.04262221725
7,5,500,59.68424807,0.0007030802725,1,17.05694395,0.08490882649,3.360485349,0.2216710183,3.538645511,0.183130104,3.485207229,0.1946902655,0.02102546875,1,19.44825106,0.04150352388,3.559577605,0.1595300261,3.770604404,0.123615617,3.707307933,0.1343879709,0.03627978244,0.9960835509,19.33612897,0.04228660924
7,5,750,59.91286013,4.783865266e-05,1,19.16193741,0.09788566954,2.990080119,0.2605744125,3.176132144,0.217026513,3.120326736,0.2300884956,0.01077924636,1,22.58151635,0.0409441772,3.274406944,0.1892950392,3.49847458,0.1507998658,3.431266573,0.1623463075,0.02903640572,0.9953002611,22.40451841,0.04407651863
7,5,806,59.94370058,2.657602326e-05,1,19.62914696,0.101018011,2.923979191,0.2694516971,3.112186014,0.2258641906,3.055734285,0.2389380531,0.01025738414,1,23.30328971,0.04083230786,3.227805143,0.1932114883,3.455346895,0.1541559459,3.387096844,0.1658704675,0.03032831003,0.9937336815,23.10882155,0.04318156393
7,5,1000,59.76197536,3.796594415e-06,1,21.15351863,0.1081776485,2.719045358,0.3046997389,2.914046355,0.2613267703,2.855556746,0.2743362832,0.01171806726,1,25.74276828,0.04038483052,3.089594745,0.2023498695,3.327093505,0.1662378342,3.255856897,0.1770694651,0.04196954646,0.9874673629,25.48772202,0.04374091062
7,5,1250,58.48191719,5.940275584e-07,1,22.42671489,0.1156728941,2.500924766,0.3026109661,2.690786567,0.262221725,2.633838435,0.2743362832,0.02357183865,0.9945169713,28.0782705,0.03904239848,2.92937659,0.2248041775,3.163705003,0.1873811388,3.093419325,0.1986059989,0.07399334054,0.9751958225,27.7537026,0.04273408659
7,5,1409,57.14069163,3.701299647e-07,1,22.51225597,0.1190289742,2.367662536,0.3018276762,2.541396478,0.262557333,2.48928582,0.2743362832,0.03985553277,0.9885117493,28.59624677,0.0375880971,2.807637508,0.2342036554,3.025334426,0.1971137711,2.960037285,0.2082387031,0.102833491,0.9660574413,28.24034814,0.04206287057
7,5,1500,56.38125732,3.421962907e-07,1,22.36503901,0.1214900996,2.301017655,0.308616188,2.464648075,0.2722899653,2.415567919,0.2831858407,0.05301503268,0.982767624,28.62128817,0.03691688108,2.7395026,0.2409921671,2.946483923,0.2025953686,2.884400873,0.2141123032,0.122026778,0.9605744125,28.25580181,0.0409441772
7,5,1750,54.75122045,3.303092996e-07,1,21.79035236,0.1245105717,2.159189187,0.3190600522,2.304247976,0.2804564269,2.260738291,0.2920353982,0.1086824739,0.9605744125,28.44796854,0.03523884103,2.583403252,0.2600522193,2.771238433,0.2185926837,2.714898176,0.2310282716,0.1897839523,0.9378590078,28.06808561,0.03870679047
7,5,2000,53.67578999,3.267488109e-07,1,21.20764246,0.1284259984,2.037035246,0.3190600522,2.170666673,0.2804564269,2.130584571,0.2920353982,0.2007273636,0.9240208877,28.26637516,0.03255397695,2.435918436,0.2822454308,2.610954847,0.2463362792,2.558453519,0.2571070562,0.2864159386,0.9117493473,27.88491026,0.03714061976
7,5,2250,52.91373947,3.222802203e-07,1,20.64161263,0.1320058172,1.915914789,0.3832898172,2.040824812,0.3414252153,2.003358653,0.3539823009,0.3379792847,0.8848563969,28.11150159,0.03132341425,2.286727897,0.3164490862,2.451141054,0.2756460454,2.40182612,0.2878847208,0.4211220744,0.8785900783,27.73879403,0.03546257971
7,5,2460,52.41423025,3.187539615e-07,1,20.20145536,0.1351381586,1.81967092,0.4190600522,1.939707248,0.3766640564,1.90370293,0.389380531,0.4876866501,0.8433420366,28.01103065,0.03031659022,2.168915066,0.3412532637,2.326770945,0.3052914196,2.279422835,0.3160780014,0.5596739115,0.8488250653,27.64991923,0.0351269717
7,5,2500,52.32998613,3.18182278e-07,1,20.12057545,0.1345788119,1.802042622,0.4190600522,1.921164293,0.3766640564,1.885434322,0.389380531,0.5184917129,0.8342036554,27.99317583,0.03042845956,2.147715909,0.3464751958,2.304378072,0.3108848865,2.257388012,0.3215600282,0.5880098014,0.8449086162,27.63411795,0.0351269717
7,5,2750,51.86044796,3.141695788e-07,1,19.65039991,0.1374874147,1.696288187,0.4571801567,1.811797675,0.4108960734,1.777151161,0.4247787611,0.7319593293,0.7877284595,27.90824057,0.03009285155,2.021701303,0.3765013055,2.173303498,0.3412014767,2.12783115,0.3517894902,0.7806945437,0.8023498695,27.56505027,0.03266584629
7,5,3000,51.4618173,3.107434821e-07,1,19.21159258,0.1407316255,1.585447353,0.5117493473,1.698506438,0.4633627923,1.66459491,0.4778761062,0.9707978115,0.746997389,27.84161969,0.02897415818,1.892875125,0.4075718016,2.041475765,0.3731961069,1.996903719,0.3835069308,0.997929494,0.7644908616,27.52195359,0.03210649961
7,5,3250,51.11107242,3.072382364e-07,1,18.77243398,0.1443114442,1.482123755,0.5475195822,1.59535639,0.4986016333,1.561392807,0.5132743363,1.231726892,0.7187989556,27.7742794,0.02886228885,1.778467515,0.4438642298,1.927099629,0.4056382146,1.882518143,0.4171039236,1.243745751,0.7227154047,27.47436427,0.03109967558
7,5,3500,50.79167716,3.038223727e-07,1,18.33856287,0.147555655,1.381348655,0.5553524804,1.494171728,0.5078867882,1.460330991,0.5221238938,1.518763855,0.684073107,27.72460205,0.02796733415,1.673559546,0.4788511749,1.820707869,0.4312562927,1.776571439,0.4455321482,1.520152182,0.6921671018,27.43643349,0.03076406757
7,5,3750,50.49784649,3.008315034e-07,1,17.91418776,0.1525897751,1.276349794,0.5916449086,1.38795179,0.5429018906,1.354477309,0.5575221239,1.831755308,0.6501305483,27.70496344,0.02740798747,1.57103404,0.5049608355,1.716443055,0.4609016669,1.672828322,0.4741170021,1.822655357,0.6647519582,27.42254289,0.02908602752
7,5,4000,50.22656245,2.981676114e-07,1,17.50696636,0.1566170713,1.179186106,0.6093994778,1.289318415,0.5605772458,1.25628476,0.5752212389,2.160860445,0.6224543081,27.71377503,0.02740798747,1.477448629,0.5336814621,1.621309609,0.4868553529,1.578159201,0.5009006187,2.144311461,0.635770235,27.42789595,0.03020472089
7,5,4250,49.97375746,2.953779845e-07,1,17.11006851,0.1627698848,1.0823184,0.6535248042,1.191816766,0.6048775031,1.158973259,0.6194690265,2.499841197,0.5976501305,27.73489122,0.02673677145,1.386204563,0.5584856397,1.529531733,0.5160532498,1.486541439,0.5287806406,2.478428504,0.6107049608,27.44268846,0.0296453742
7,5,4297,49.92805883,2.951018948e-07,1,17.03272682,0.1634411008,1.06470237,0.6788511749,1.173973139,0.6319498825,1.141197898,0.6460176991,2.565655011,0.5921671018,27.73888646,0.0271842488,1.369921806,0.561618799,1.513071421,0.5204161539,1.470134384,0.5327746887,2.543072246,0.6049608355,27.44557341,0.02942163553
7,5,4500,49.73465509,2.926707779e-07,1,16.69101448,0.1679158743,0.9826702679,0.7122715405,1.090900379,0.6681955476,1.058437279,0.6814159292,2.848432007,0.5673629243,27.76053889,0.02696051012,1.295456194,0.5874673629,1.438066588,0.5434612373,1.395291288,0.5566606625,2.821583688,0.5856396867,27.4600625,0.02930976619
7,5,4750,49.5018845,2.903949421e-07,1,16.25918046,0.1726143864,0.8803623257,0.774151436,0.9859183919,0.7301711601,0.9542573586,0.7433628319,3.204994969,0.5454308094,27.78401751,0.02617742477,1.201354155,0.618537859,1.342558137,0.5766864302,1.300204683,0.5892395646,3.173156369,0.5647519582,27.47452669,0.02852668084
7,5,5000,49.27092864,2.874057182e-07,1,15.79542566,0.1778722452,0.7776813343,0.7994778068,0.8801021247,0.7572435395,0.8493815023,0.7699115044,3.585462958,0.5201044386,27.80925036,0.02595368609,1.104257774,0.654308094,1.244009572,0.6093522765,1.202091694,0.6228365573,3.548492271,0.5446475196,27.488697,0.02740798747
7,5,5250,49.04074754,2.849602447e-07,1,15.28667497,0.1859268375,0.6742246241,0.8496083551,0.7712911212,0.8116120371,0.7421764933,0.8230088496,3.97211643,0.5026109661,27.80420895,0.02539433941,1.002314905,0.6853785901,1.138367301,0.6428012082,1.097559041,0.6555720887,3.927760452,0.5261096606,27.47400524,0.02617742477
7,5,5500,48.81017221,2.823875099e-07,1,14.73660173,0.1929746057,0.5737095912,0.8822454308,0.6636133501,0.8481933102,0.636647151,0.8584070796,4.371377934,0.4793733681,27.77934257,0.02405190737,0.8992338445,0.7190600522,1.030171634,0.6766976172,0.9908974755,0.6894040254,4.314559731,0.5052219321,27.43396308,0.02696051012
7,5,5750,48.56731334,2.78744978e-07,1,14.11062055,0.2015885446,0.4712432575,0.8892950392,0.5520007597,0.8578140732,0.5277779362,0.8672566372,4.814875989,0.455613577,27.73476302,0.02304508334,0.7893194509,0.7535248042,0.9133259913,0.7142857143,0.8761308273,0.7260552902,4.743448856,0.482767624,27.36928572,0.0250587314
7,5,6000,48.31000627,2.756453828e-07,1,13.41713949,0.2147891263,0.3699533131,0.915926893,0.4389641679,0.8843271059,0.4182646947,0.8938053097,5.304724254,0.4310704961,27.68410198,0.02226199799,0.6717771289,0.7958224543,0.7851292987,0.7496364247,0.7511298618,0.7634897016,5.215800203,0.4584856397,27.2975179,0.02405190737
7,5,6250,48.02765443,2.719109455e-07,1,12.59254027,0.2307864414,0.2707066055,0.915926893,0.3254156573,0.8843271059,0.3090059409,0.8938053097,5.871740945,0.4015665796,27.60169263,0.02237386732,0.5455824637,0.8331592689,0.6439152803,0.7915874259,0.6144208259,0.8040566998,5.761203097,0.4334203655,27.19077898,0.02315695268
7,5,6500,47.70658798,2.671078641e-07,1,11.5833775,0.2471193646,0.1735512149,0.9657963446,0.2119419721,0.9514487079,0.2004268495,0.9557522124,6.556644712,0.3691906005,27.47521768,0.02147891263,0.4065696681,0.8796344648,0.485476806,0.8448372301,0.4618089903,0.8552744929,6.421865224,0.3950391645,27.04372973,0.02315695268
7,5,6750,47.32313929,2.610587662e-07,1,10.32801519,0.2740798747,0.08854888789,0.9929503916,0.1097207395,0.9903792371,0.1033703447,0.9911504425,7.369123263,0.3227154047,27.23335651,0.02036021926,0.260711213,0.9305483029,0.31460924,0.9014431144,0.2984427866,0.9101730754,7.20756572,0.3566579634,26.7871077,0.02349256069
7,5,7000,46.82446812,2.525273708e-07,1,8.669554682,0.3137934892,0.02972109375,1,0.03697319051,1,0.03479795904,1,8.408493706,0.2671018277,26.78816175,0.02058395794,0.1275458958,0.9684073107,0.1533306018,0.9607338628,0.1455966035,0.9630354765,8.214828822,0.3101827676,26.33720334,0.02282134467
7,5,7250,46.12769239,2.386061185e-07,1,6.448557665,0.3940038036,0.004784307628,1,0.005897289137,1,0.005563455698,1,9.720449542,0.2109660574,25.92866965,0.02002461125,0.03687118265,0.991383812,0.04256389946,0.9922810158,0.04085639649,0.9920119038,9.505144859,0.2409921671,25.48300978,0.02058395794
7,5,7500,45.06008022,2.154663671e-07,1,3.614261645,0.5415594586,0.0003143621317,1,0.0003784960942,1,0.0003592594213,1,11.31670884,0.1477806789,24.38658588,0.02069582727,0.003135524605,0.9997389034,0.003479018567,0.999664392,0.003375989209,0.9996867413,11.09677315,0.1778067885,23.9636057,0.02226199799
7,5,7506,45.02774918,2.149588951e-07,1,3.542956563,0.5454748853,0.0002923948979,1,0.0003517875748,1,0.0003339730277,1,11.35721709,0.1462140992,24.33783358,0.02080769661,0.002887931129,0.9997389034,0.003206444912,0.9997762613,0.003110908238,0.999765056,11.13759857,0.1751958225,23.91598118,0.022597606
7,5,7750,43.45291396,1.883695336e-07,1,1.139110142,0.7783868442,1.24167145e-05,1,1.45345934e-05,1,1.389934583e-05,1,12.9443194,0.101305483,22.10865527,0.02192638998,6.843778717e-05,1,8.227680975e-05,1,7.812586163e-05,1,12.7525347,0.1140992167,21.74304147,0.02371629936
7,5,8000,41.54266266,1.668905809e-07,1,0.221738447,0.9381362569,6.080155291e-07,1,6.960079268e-07,1,6.696150313e-07,1,13.93373631,0.06214099217,19.81041096,0.02572994742,1.923134126e-06,1,2.458158495e-06,1,2.297680514e-06,1,13.78179136,0.07310704961,19.53081956,0.02796733415
7,5,8250,39.629315,1.510176345e-07,1,0.03837375745,0.988701197,7.059402507e-08,1,7.902046666e-08,1,7.649299612e-08,1,13.88742627,0.04934725849,17.74926788,0.02852668084,1.409818447e-07,1,1.736432538e-07,1,1.638466216e-07,1,13.78895243,0.0545691906,17.55006494,0.02953350487
7,5,8500,37.81596082,1.364601449e-07,1,0.00543539333,0.9979863519,2.222570534e-08,1,2.462020038e-08,1,2.390198314e-08,1,12.82552255,0.03759791123,15.4374636,0.02584181676,3.26750494e-08,1,3.956497995e-08,1,3.749837849e-08,1,12.76570383,0.04177545692,15.29798683,0.02729611813
7,5,8750,36.10318567,1.226070782e-07,1,0.0007413954194,0.9997762613,1.692116826e-08,1,1.847821973e-08,1,1.801118965e-08,1,10.99857515,0.02793733681,12.7452101,0.02338069135,2.079184985e-08,1,2.423387968e-08,1,2.320145943e-08,1,10.9534148,0.03237597911,12.63913575,0.02550620875
7,5,9000,34.52861729,1.114534191e-07,1,0.0001353954299,1,2.279487179e-08,1,2.45233448e-08,1,2.400489765e-08,1,9.023337557,0.02454308094,10.18854778,0.01935339523,2.584424819e-08,1,2.910629414e-08,1,2.812785918e-08,1,8.975646018,0.02297650131,10.09363905,0.01890591789
7,5,9250,33.24162409,1.054223175e-07,1,8.235880523e-06,1,3.249832941e-08,1,3.453630318e-08,1,3.392502277e-08,1,7.647986139,0.01932114883,8.477302291,0.01476675243,3.595309656e-08,1,3.953831301e-08,1,3.846294462e-08,1,7.585556878,0.01879895561,8.37928877,0.01554983779
7,5,9500,32.29997535,1.024469588e-07,1,1.282250719e-06,1,4.122442526e-08,1,4.346891569e-08,1,4.279569161e-08,1,6.859047207,0.02062663185,7.514115617,0.01733974718,4.528097235e-08,1,4.903891594e-08,1,4.791173887e-08,1,6.787113871,0.01932114883,7.412309233,0.01633292315
7,5,9750,31.65163429,1.008033744e-07,1,6.699640479e-07,1,4.668579259e-08,1,4.902475284e-08,1,4.832319299e-08,1,6.442631337,0.02349869452,7.012447441,0.0183465712,5.098282214e-08,1,5.463597728e-08,1,5.3540231e-08,1,6.368494017,0.02428198433,6.912984217,0.01812283253
7,5,10000,31.21259218,9.983582063e-08,1,5.222268129e-07,1,4.947421909e-08,1,5.183991564e-08,1,5.113033636e-08,1,6.235198461,0.02402088773,6.764766462,0.02002461125,5.386014994e-08,1,5.734060002e-08,1,5.62966558e-08,1,6.161314378,0.02532637076,6.667728232,0.01857030988
7,5,10250,30.91239921,9.911035774e-08,1,4.666833784e-07,1,5.080090388e-08,1,5.315094716e-08,1,5.244606301e-08,1,6.134135745,0.02428198433,6.639591306,0.02103143528,5.522347785e-08,1,5.85151342e-08,1,5.752781774e-08,1,6.061397395,0.02323759791,6.544321206,0.01912965656
7,5,10500,30.70276917,9.854880701e-08,1,4.4084494e-07,1,5.14489741e-08,1,5.377982798e-08,1,5.308069959e-08,1,6.095009395,0.02480417755,6.587550938,0.02304508334,5.599149985e-08,1,5.913099794e-08,1,5.818932062e-08,1,6.021482396,0.02219321149,6.492235629,0.01935339523
7,5,10750,30.55263463,9.810878581e-08,1,4.254033159e-07,1,5.190632205e-08,1,5.423266906e-08,1,5.353489248e-08,1,6.08444247,0.02767624021,6.572158889,0.022597606,5.663291701e-08,1,5.967726108e-08,1,5.876412475e-08,1,6.009027715,0.02245430809,6.475701698,0.02125517396
7,5,11000,30.44284267,9.775461004e-08,1,4.169243373e-07,1,5.22591908e-08,1,5.457476426e-08,1,5.388021916e-08,1,6.087153195,0.02663185379,6.573101184,0.02237386732,5.716858912e-08,1,6.013778646e-08,1,5.924719003e-08,1,6.009850179,0.02245430809,6.475329682,0.02103143528
7,5,11250,30.36052978,9.747888566e-08,1,4.174289188e-07,1,5.248866281e-08,1,5.478977846e-08,1,5.409956992e-08,1,6.100574058,0.02584856397,6.585515976,0.02270947533,5.76213166e-08,1,6.053102193e-08,1,5.965826985e-08,1,6.020660216,0.02323759791,6.48569515,0.02036021926
7,5,11500,30.29742847,9.72340266e-08,1,4.13931257e-07,1,5.270174459e-08,1,5.49893989e-08,1,5.430322802e-08,1,6.117248979,0.02637075718,6.601601174,0.02248573666,5.806817693e-08,1,6.094095559e-08,1,6.007927948e-08,1,6.034154868,0.02114882507,6.499213786,0.02147891263
7,5,11750,30.24769339,9.702553708e-08,1,4.12511842e-07,1,5.290589809e-08,1,5.518477113e-08,1,5.450123415e-08,1,6.136882594,0.02689295039,6.62291725,0.02181452064,5.847340258e-08,1,6.13251542e-08,1,6.046978505e-08,1,6.051114611,0.02193211488,6.518256695,0.01968900324
7,5,12000,30.2072163,9.682965894e-08,1,4.244539519e-07,1,5.302327506e-08,1,5.530250726e-08,1,5.461886255e-08,1,6.158047078,0.02637075718,6.647352553,0.02192638998,5.876321873e-08,1,6.161613818e-08,1,6.076041874e-08,1,6.069861957,0.02219321149,6.540544654,0.02036021926
7,5,12250,30.17391804,9.666640037e-08,1,4.331174898e-07,1,5.313196805e-08,1,5.541454508e-08,1,5.47298971e-08,1,6.181135165,0.02506527415,6.674349628,0.02215012865,5.905034016e-08,1,6.191868284e-08,1,6.105833728e-08,1,6.090378907,0.02140992167,6.565112311,0.02080769661
7,5,12500,30.14573245,9.653889984e-08,1,4.623754024e-07,1,5.320481788e-08,1,5.549626759e-08,1,5.48089583e-08,1,6.205577215,0.02428198433,6.702164872,0.02282134467,5.929769125e-08,1,6.219057792e-08,1,6.132287051e-08,1,6.112056231,0.02219321149,6.590487417,0.02215012865
7,5,12750,30.12173846,9.641386417e-08,1,4.751302619e-07,1,5.330817995e-08,1,5.560898912e-08,1,5.49188725e-08,1,6.229704464,0.02454308094,6.729999772,0.0217026513,5.957188868e-08,1,6.249070592e-08,1,6.161522076e-08,1,6.133626949,0.02193211488,6.616067022,0.02136704329
7,5,13000,30.10095999,9.631401981e-08,1,4.906322337e-07,1,5.341395952e-08,1,5.572469174e-08,1,5.503159875e-08,1,6.25286436,0.02428198433,6.756585427,0.02181452064,5.978820269e-08,1,6.273390729e-08,1,6.185035739e-08,1,6.154853253,0.02245430809,6.641208435,0.02147891263
7,5,13111,30.09263446,9.627084325e-08,1,4.971775245e-07,1,5.345438543e-08,1,5.577083901e-08,1,5.507602992e-08,1,6.263305245,0.02402088773,6.768206773,0.02203825931,5.986147142e-08,1,6.281943785e-08,1,6.193221008e-08,1,6.164683867,0.02193211488,6.652442571,0.02147891263
7,5,13250,30.08282883,9.62186422e-08,1,5.042588027e-07,1,5.352999793e-08,1,5.585311611e-08,1,5.515630801e-08,1,6.276247809,0.02402088773,6.782330791,0.02192638998,5.99887792e-08,1,6.296316298e-08,1,6.20710109e-08,1,6.176791364,0.0227154047,6.666004175,0.02147891263
7,5,13500,30.06662536,9.612502749e-08,1,5.172631979e-07,1,5.359287935e-08,1,5.592746505e-08,1,5.522721732e-08,1,6.302011765,0.02375979112,6.81050626,0.02237386732,6.013830295e-08,1,6.314875367e-08,1,6.224578349e-08,1,6.201057779,0.02349869452,6.692910661,0.0217026513
7,5,13750,30.05210316,9.605181905e-08,1,5.358200557e-07,1,5.36675476e-08,1,5.601990379e-08,1,5.531432589e-08,1,6.327205373,0.02375979112,6.838766573,0.02226199799,6.029304583e-08,1,6.334744987e-08,1,6.24312961e-08,1,6.22484789,0.02480417755,6.720071935,0.02203825931
7,5,14000,30.03900017,9.597481654e-08,1,5.594674286e-07,1,5.370559836e-08,1,5.607044324e-08,1,5.536111942e-08,1,6.352212268,0.02402088773,6.866303136,0.02248573666,6.03938625e-08,1,6.348633712e-08,1,6.255876426e-08,1,6.248676983,0.02558746736,6.74674522,0.02248573666
7,5,14250,30.02669255,9.590530018e-08,1,6.119570457e-07,1,5.367002575e-08,1,5.604203066e-08,1,5.533055922e-08,1,6.378514334,0.02637075718,6.894779237,0.02338069135,6.040508096e-08,1,6.352632191e-08,1,6.259012073e-08,1,6.27395108,0.02793733681,6.774553346,0.02293321401
7,5,14500,30.01544328,9.584117272e-08,1,6.544892883e-07,1,5.365790307e-08,1,5.604010846e-08,1,5.532557743e-08,1,6.405689849,0.0274151436,6.923821327,0.02338069135,6.046091328e-08,1,6.361976937e-08,1,6.267228571e-08,1,6.299897584,0.02845953003,6.802698256,0.02371629936
7,5,14750,30.0049379,9.578616153e-08,1,7.013665581e-07,1,5.362299142e-08,1,5.601574606e-08,1,5.529805084e-08,1,6.433749993,0.02898172324,6.95393723,0.02349256069,6.046578672e-08,1,6.366399283e-08,1,6.270470632e-08,1,6.327297832,0.02950391645,6.832414556,0.02326882202
7,5,15000,29.99512642,9.573567643e-08,1,7.513003261e-07,1,5.359233399e-08,1,5.599821867e-08,1,5.527658516e-08,1,6.461400789,0.02976501305,6.983728788,0.02315695268,6.048334954e-08,1,6.372544663e-08,1,6.275299524e-08,1,6.354182277,0.02950391645,6.861794751,0.02360443003
7,5,22901,29.8458001,9.468436214e-08,1,1.590169968e-06,1,4.614743649e-08,1,4.84986079e-08,1,4.779338537e-08,1,7.066849489,0.03315926893,7.642781514,0.02371629936,5.285637924e-08,1,5.645349398e-08,1,5.537455675e-08,1,6.95971352,0.03054830287,7.524148251,0.02561807808
7,5,40000,29.81001366,9.383614601e-08,1,9.596263129e-07,1,4.574930265e-08,1,4.808389159e-08,1,4.738364289e-08,1,7.134812711,0.03002610966,7.727510397,0.02360443003,5.19166798e-08,1,5.550501858e-08,1,5.442871366e-08,1,7.038208354,0.0274151436,7.616853665,0.0262892941
8,5,0,42.27554328,4.777169816,0.008093994778,4.776691494,0.009061416266,4.77302074,0.008355091384,4.774514452,0.009061416266,4.77406642,0.008849557522,4.777138569,0.008355091384,4.776660214,0.009061416266,4.773020791,0.008355091384,4.774514545,0.009061416266,4.774066501,0.008849557522,4.777138606,0.008355091384,4.776660083,0.009173285602
8,5,1,42.22666335,4.74573241,0.01148825065,4.753323135,0.006824029534,4.744997493,0.00861618799,4.750301864,0.008949546929,4.748710843,0.008849557522,4.745730127,0.01174934726,4.753310151,0.006712160197,4.745000082,0.00861618799,4.750300872,0.008949546929,4.748710926,0.008849557522,4.745727562,0.01174934726,4.753311134,0.006824029534
8,5,2,42.1837155,4.731546477,0.0138381201,4.747773344,0.008166461573,4.734185069,0.01174934726,4.743631302,0.00760711489,4.74079795,0.008849557522,4.731551321,0.0138381201,4.747764703,0.008278330909,4.734187877,0.01174934726,4.74363021,0.00760711489,4.740798028,0.008849557522,4.731548492,0.0138381201,4.747765805,0.008166461573
8,5,3,42.14489184,4.724062985,0.01488250653,4.749175989,0.008837677593,4.730197584,0.01174934726,4.743841426,0.00760711489,4.739749021,0.008849557522,4.724100193,0.01488250653,4.749201943,0.008837677593,4.730200789,0.01174934726,4.743840163,0.00760711489,4.739749099,0.008849557522,4.724096947,0.01514360313,4.749203224,0.008949546929
8,5,5,42.07661573,4.713972236,0.01305483029,4.756276857,0.00760711489,4.727187322,0.009399477807,4.748243095,0.008613938919,4.741927518,0.008849557522,4.714114853,0.01305483029,4.756403171,0.00760711489,4.727190696,0.009399477807,4.74824177,0.008613938919,4.741927602,0.008849557522,4.714111431,0.01305483029,4.756404516,0.00760711489
8,5,9,41.97640902,4.693032314,0.01775456919,4.766459564,0.005257858821,4.722776519,0.01201044386,4.751608322,0.007495245553,4.742960362,0.008849557522,4.693307612,0.01775456919,4.766712134,0.005257858821,4.722776367,0.01201044386,4.751608535,0.007495245553,4.742960465,0.008849557522,4.693307634,0.01775456919,4.766711973,0.005257858821
8,5,16,41.95531642,4.650005149,0.03342036554,4.790356978,0.004586642801,4.717988924,0.01201044386,4.755917588,0.007495245553,4.744541068,0.008849557522,4.650598215,0.03342036554,4.790916542,0.004586642801,4.717978016,0.01201044386,4.755922552,0.007495245553,4.744541271,0.008849557522,4.650608988,0.03342036554,4.79091162,0.004586642801
8,5,28,42.48865943,4.519348941,0.04647519582,4.905624757,0.003579818772,4.715379045,0.01148825065,4.754639345,0.007718984226,4.742863407,0.008849557522,4.520803886,0.04595300261,4.907002177,0.003467949435,4.715351886,0.01148825065,4.754652389,0.007718984226,4.742864392,0.008849557522,4.520830118,0.04595300261,4.906988946,0.003356080098
8,5,50,44.78110943,4.101697279,0.1052219321,5.570346558,0.003356080098,4.715264777,0.02167101828,4.759354711,0.01599731514,4.746130148,0.01769911504,4.112147093,0.1033942559,5.580685395,0.003467949435,4.715153208,0.01618798956,4.759436448,0.01096319499,4.746153903,0.01253034693,4.112228577,0.1026109661,5.580603346,0.003467949435
8,5,87,50.65343277,2.691989245,0.3838120104,7.160780266,0.01018010963,4.690447979,0.0315926893,4.776787146,0.02438751538,4.750890129,0.02654867257,2.806030574,0.3571801567,7.290512657,0.008502069583,4.690985878,0.03211488251,4.778803491,0.02338069135,4.752463021,0.02600046989,2.805530011,0.3563968668,7.288380327,0.008613938919
8,5,151,59.81210838,0.06512021131,1,14.3817269,0.04116791587,4.839292386,0.06475195822,5.028852621,0.04810381474,4.971994942,0.05309734513,0.1807094372,0.9994778068,15.38330888,0.02438751538,4.868493923,0.06422976501,5.066308251,0.04676138271,5.006974797,0.05200093978,0.1865251193,0.998694517,15.35887387,0.02449938472
8,5,250,59.77149686,0.01197474964,1,15.52389035,0.04922250811,4.453871552,0.08511749347,4.643384985,0.06466047656,4.586541344,0.07079646018,0.05022058772,1,16.78392027,0.0284148115,4.500792544,0.08067885117,4.700130671,0.05962635642,4.640340161,0.06594095074,0.05432663547,0.9997389034,16.75088191,0.02852668084
8,5,264,59.72315511,0.01021278707,1,15.60743006,0.05022933214,4.407501491,0.08511749347,4.596474144,0.06466047656,4.539792707,0.07079646018,0.04465103731,1,16.89570051,0.02942163553,4.456479995,0.08328981723,4.655489517,0.06108065779,4.59579757,0.06774218811,0.04853955211,0.9997389034,16.86167216,0.02908602752
8,5,462,59.53053954,0.001108059642,1,17.19582972,0.06197561248,3.914065224,0.1156657963,4.104436077,0.08949546929,4.047335257,0.09734513274,0.009448284694,1,18.94117938,0.03467949435,4.000279471,0.1214099217,4.203501308,0.09631949883,4.142545898,0.1038452502,0.01154929097,1,18.8903331,0.03434388634
8,5,500,59.5531448,0.0007305636562,1,17.53656133,0.06544356192,3.837294539,0.1328981723,4.029065368,0.1073945632,3.971544632,0.1150442478,0.007201205318,1,19.37936612,0.03456762501,3.931926711,0.1302872063,4.137178065,0.1052690458,4.075613911,0.1127731224,0.009083448552,1,19.32467831,0.034232017
8,5,750,59.86774659,4.997281947e-05,1,19.91103971,0.07349815416,3.402502758,0.2007832898,3.608763395,0.1667971809,3.546896511,0.1769911504,0.001524697284,1,22.467445,0.03814744379,3.565818168,0.1712793734,3.79094242,0.136928068,3.723417486,0.1472315765,0.002585154848,1,22.38164877,0.03825931312
8,5,806,59.92436719,2.776639124e-05,1,20.44704385,0.07685423425,3.313483545,0.2007832898,3.522924753,0.1667971809,3.460103873,0.1769911504,0.001142620241,1,23.18008218,0.03814744379,3.494338687,0.1770234987,3.723938509,0.1445351829,3.655071149,0.1542798966,0.002116409253,1,23.08595278,0.03837118246
8,5,1000,59.84606378,3.973590718e-06,1,22.19670049,0.08032218369,3.02772548,0.2368146214,3.244976429,0.2019241526,3.179813054,0.2123893805,0.0005099704301,1,25.56726304,0.03859492113,3.275672659,0.1942558747,3.518167301,0.1638885781,3.445432202,0.1729971024,0.0013888244,1,25.4401591,0.03904239848
8,5,1250,58.71376613,6.12588255e-07,1,23.6853437,0.08502069583,2.714897823,0.255613577,2.927104163,0.2191520304,2.863453894,0.2300884956,0.0003376281631,1,27.79756751,0.03870679047,3.045361954,0.2167101828,3.290100549,0.1864861841,3.216692387,0.1955517268,0.001445552105,1,27.63199463,0.04027296118
8,5,1409,57.43886257,3.774258953e-07,1,23.83053547,0.08837677593,2.526345896,0.2830287206,2.723671087,0.2453294552,2.664484347,0.2566371681,0.0003909254453,1,28.24767306,0.03937800649,2.893387332,0.2355091384,3.127090041,0.2091956595,3.05699204,0.2170882606,0.001873300563,0.9997389034,28.06193827,0.03982548383
8,5,1500,56.70701007,3.477830773e-07,1,23.69175086,0.09016668531,2.432277937,0.3190600522,2.620604548,0.2804564269,2.564116889,0.2920353982,0.0004728963857,1,28.23662409,0.03982548383,2.814672352,0.2493472585,3.041239771,0.2210538092,2.973281965,0.2295402929,0.002377218927,0.9997389034,28.04037741,0.04016109184
8,5,1750,55.13612957,3.360849962e-07,1,23.11201772,0.09397024276,2.22028115,0.3545691906,2.38948987,0.3158071373,2.33873653,0.3274336283,0.0008945532905,1,27.97881026,0.03825931312,2.638073286,0.2832898172,2.850237053,0.2504754447,2.786599554,0.2603179576,0.004546489863,0.998694517,27.75482881,0.04004922251
8,5,2000,54.1119107,3.325982235e-07,1,22.53517875,0.09833314688,2.047610679,0.3908616188,2.204511759,0.3508222396,2.157450037,0.3628318584,0.001776877432,1,27.74066195,0.0363575344,2.495510193,0.3114882507,2.700106638,0.2746392214,2.63873892,0.2856919101,0.008503660621,0.998694517,27.48705669,0.03893052914
8,5,2250,53.3955701,3.28802616e-07,1,21.96022458,0.1022485737,1.881127229,0.4391644909,2.029576391,0.3933325875,1.985049781,0.407079646,0.003626817405,1,27.5298283,0.03568631838,2.357996165,0.3436031332,2.559058677,0.2998098221,2.498750946,0.3129454147,0.01464251614,0.9963446475,27.2417578,0.03792370511
8,5,2460,52.92910491,3.252633753e-07,1,21.48293567,0.1066114778,1.746112769,0.498694517,1.888633798,0.4563150241,1.845885302,0.4690265487,0.006572410306,0.998694517,27.37432553,0.03546257971,2.246023524,0.3684073107,2.445018563,0.3227430361,2.38533096,0.3364398152,0.02270500155,0.9945169713,27.05678361,0.03669314241
8,5,2500,52.85012981,3.245523088e-07,1,21.39627691,0.1073945632,1.72015388,0.498694517,1.861712561,0.4563150241,1.819252717,0.4690265487,0.007341235915,0.9984334204,27.34881433,0.03535071037,2.224091614,0.3720626632,2.422916103,0.3276652869,2.363279656,0.3409820659,0.0246091743,0.9942558747,27.0258962,0.03680501175
8,5,2750,52.40282424,3.207992163e-07,1,20.84721545,0.1125405526,1.566860386,0.5934725849,1.701515589,0.5547600403,1.66112641,0.5663716814,0.01472737852,0.9960835509,27.19824459,0.034232017,2.094411678,0.4044386423,2.291054463,0.353954581,2.232072407,0.3690970319,0.04125055529,0.9877284595,26.8401018,0.0351269717
8,5,3000,52.01508073,3.169237664e-07,1,20.28680533,0.1181340195,1.413577755,0.6336814621,1.540511552,0.5880971026,1.502438372,0.6017699115,0.02823329484,0.9932114883,27.05535041,0.03277771563,1.960007109,0.4318537859,2.153634708,0.3786777044,2.095557043,0.3946276138,0.06839157752,0.9775456919,26.66038644,0.03378453966
8,5,3250,51.66224905,3.129199465e-07,1,19.6912149,0.1216019689,1.261876638,0.6430809399,1.380562712,0.5967110415,1.344963396,0.610619469,0.05356666141,0.9843342037,26.90575761,0.03165902226,1.818050406,0.462924282,2.00785753,0.4123503748,1.950925798,0.4275197745,0.1113752987,0.9618798956,26.47531052,0.03367267032
8,5,3500,51.32978549,3.090676051e-07,1,19.05798999,0.1295446918,1.11075207,0.6979112272,1.220544188,0.649065891,1.187612571,0.6637168142,0.09804969024,0.9699738903,26.7590214,0.02986911288,1.667293372,0.4979112272,1.85299023,0.4489316478,1.797291352,0.4636228366,0.1753637713,0.9436031332,26.29227545,0.03322519297
8,5,3750,51.008517,3.055248932e-07,1,18.37997419,0.1354737666,0.9600352492,0.7274151436,1.059872332,0.6869895962,1.02992668,0.6991150442,0.1742894724,0.9407310705,26.59822176,0.02852668084,1.509324407,0.5407310705,1.689254171,0.488533393,1.635285106,0.5041898348,0.2694332406,0.9174934726,26.09648793,0.03210649961
8,5,4000,50.68855073,3.017343353e-07,1,17.65229104,0.1441995749,0.8161568484,0.7945169713,0.9053802085,0.7593690569,0.8786180917,0.7699115044,0.298188568,0.9015665796,26.41924718,0.0271842488,1.350644656,0.5838120104,1.523284535,0.5321624343,1.471502035,0.5476544757,0.4025094164,0.8793733681,25.88392094,0.0305403289
8,5,4250,50.37357898,2.980803955e-07,1,16.90688521,0.1553865086,0.6785043669,0.8360313316,0.757096802,0.8047880076,0.7335233799,0.814159292,0.4914637446,0.8420365535,26.26279515,0.02617742477,1.194003147,0.6292428198,1.358829977,0.5757914756,1.309390964,0.5918239486,0.592745349,0.8292428198,25.69586106,0.02886228885
8,5,4297,50.31344567,2.973209538e-07,1,16.75890952,0.1569526793,0.6523381529,0.8496083551,0.7287870661,0.8242532722,0.7058565831,0.8318584071,0.5369244934,0.8302872063,26.23081609,0.02606555543,1.163052379,0.6386422977,1.326109078,0.5855241078,1.277201007,0.6014566528,0.6361649037,0.8193211488,25.65854121,0.02886228885
8,5,4500,50.05130429,2.942472563e-07,1,16.10294879,0.1642241862,0.544000625,0.8819843342,0.6108671639,0.8609464146,0.5908108678,0.8672566372,0.7677542249,0.7749347258,26.10523273,0.02528247007,1.031407511,0.6791122715,1.185730075,0.6276988477,1.139441766,0.6431200564,0.8542394416,0.7720626632,25.51138753,0.02819107283
8,5,4750,49.71635454,2.898578512e-07,1,15.22070276,0.1751873811,0.4177587665,0.9360313316,0.4723325553,0.9262781072,0.4559634104,0.9292035398,1.15858553,0.6932114883,25.95124161,0.0238281687,0.8678432884,0.7313315927,1.00916471,0.6818436067,0.9667760307,0.6966872895,1.214733018,0.7117493473,25.32421261,0.02763172614
8,5,5000,49.35208266,2.852970405e-07,1,14.2022539,0.1909609576,0.3004085106,0.9524804178,0.3420918144,0.944512809,0.3295891084,0.9469026549,1.680062246,0.6091383812,25.74689229,0.02203825931,0.700059432,0.7890339426,0.8266795499,0.7420293098,0.7887004559,0.7561281228,1.684467663,0.6391644909,25.07945725,0.02561807808
8,5,5250,48.95544339,2.798420975e-07,1,13.03966343,0.2095312675,0.199019115,0.984073107,0.2285757013,0.9815415595,0.2197103457,0.982300885,2.336328368,0.5276762402,25.48996953,0.02013648059,0.5292176545,0.8449086162,0.6374232178,0.8032218369,0.6049674806,0.8157255854,2.271628717,0.5644908616,24.78495283,0.02427564605
8,5,5500,48.50920135,2.733281566e-07,1,11.69773228,0.2358205616,0.116796369,0.984073107,0.1348701042,0.9815415595,0.1294489744,0.982300885,3.164108415,0.4446475196,25.18272665,0.01991274192,0.364797835,0.898694517,0.4493009082,0.8684416601,0.4239546187,0.8775158587,3.019597008,0.4879895561,24.44185707,0.02248573666
8,5,5750,47.98388014,2.655602186e-07,1,10.06904228,0.2682626692,0.05490841535,0.9929503916,0.06380020047,0.9903792371,0.06113315238,0.9911504425,4.214630715,0.3569190601,24.75743843,0.0183465712,0.2149134624,0.9462140992,0.2723703934,0.9250475445,0.2551364639,0.9313963505,3.994024095,0.4039164491,23.991675,0.0217026513
8,5,6000,47.33559334,2.546848756e-07,1,8.095472286,0.3266584629,0.01752493598,1,0.02041263591,1,0.01954648423,1,5.50806505,0.2712793734,24.13482899,0.01812283253,0.09658960489,0.9791122715,0.1258258505,0.9691240631,0.1170565795,0.9721199781,5.210748008,0.3182767624,23.35928052,0.02270947533
8,5,6250,46.47657424,2.391813347e-07,1,5.684753587,0.4248797405,0.003511963593,1,0.004046495663,1,0.003886165345,1,7.096414715,0.1932114883,23.14478928,0.01655666182,0.02782824846,0.9953002611,0.0361554761,0.9938471865,0.03365776431,0.9942830292,6.715965048,0.2402088773,22.40453221,0.02181452064
8,5,6500,45.24381401,2.143199113e-07,1,2.965534017,0.5910057053,0.0003746779194,1,0.0004244511639,1,0.0004095219191,1,8.904589187,0.1255874674,21.53576021,0.01644479248,0.003397311814,0.9997389034,0.00436836747,0.9997762613,0.004077104007,0.999765056,8.508947951,0.1605744125,20.90100348,0.02013648059
8,5,6750,43.43464777,1.809611496e-07,1,0.7892491395,0.8310773017,1.727951517e-05,1,2.003211124e-05,1,1.920648332e-05,1,10.46544128,0.08041775457,19.00233113,0.01935339523,0.0001041458112,1,0.0001384678038,1,0.0001281730876,1,10.16222168,0.1078328982,18.54759042,0.02483499273
8,5,7000,41.08092888,1.524102936e-07,1,0.08115581111,0.9750531379,1.029258269e-06,1,1.202242087e-06,1,1.150356424e-06,1,11.00550658,0.06187989556,15.90676842,0.02696051012,2.528276545e-06,1,3.364518803e-06,1,3.113691969e-06,1,10.83923275,0.07597911227,15.63909725,0.03199463027
8,5,7250,38.7540552,1.355974653e-07,1,0.008945221949,0.9970913972,1.961910611e-07,1,2.279348064e-07,1,2.18413423e-07,1,10.48706437,0.0592689295,13.33758536,0.03948987583,2.950772575e-07,1,3.801200305e-07,1,3.546118607e-07,1,10.40857216,0.06736292428,13.17976526,0.04519521199
8,5,7500,36.71502103,1.228445886e-07,1,0.00133332932,0.999664392,9.953794099e-08,1,1.121204392e-07,1,1.083463795e-07,1,9.213544595,0.06083550914,10.99628305,0.0464257747,1.198654654e-07,1,1.45939637e-07,1,1.381188149e-07,1,9.179828056,0.06710182768,10.90099183,0.0534735429
8,5,7506,36.67009953,1.225937155e-07,1,0.001291461977,0.9997762613,9.877853656e-08,1,1.111902666e-07,1,1.07467428e-07,1,9.17917,0.06057441253,10.94414962,0.04664951337,1.185178489e-07,1,1.441172003e-07,1,1.364387983e-07,1,9.146229558,0.06736292428,10.85004129,0.05358541224
8,5,7750,35.01747714,1.134629218e-07,1,0.0003402167474,0.9997762613,8.287503795e-08,1,9.076811642e-08,1,8.840062558e-08,1,7.852718051,0.0545691906,9.059512507,0.04788007607,9.007297658e-08,1,1.042185811e-07,1,9.997567523e-08,1,7.83667034,0.05691906005,8.998460825,0.05078867882
8,5,8000,33.65571364,1.063101451e-07,1,1.130368054e-05,1,7.761313639e-08,1,8.335689071e-08,1,8.163407929e-08,1,6.775731855,0.04960835509,7.657034795,0.04474773465,8.077020466e-08,1,9.034105592e-08,1,8.747032522e-08,1,6.75933539,0.05039164491,7.610494322,0.04620203602
8,5,8250,32.59867432,1.01689653e-07,1,6.540502398e-07,1,6.902794688e-08,1,7.324479607e-08,1,7.197997248e-08,1,6.183878979,0.04255874674,6.878025628,0.04172726256,7.214689169e-08,1,7.897597239e-08,1,7.692762255e-08,1,6.147892496,0.04151436031,6.823981169,0.04038483052
8,5,8500,31.8076761,9.892260571e-08,1,3.411555071e-07,1,6.092057748e-08,1,6.422950602e-08,1,6.323700885e-08,1,5.976044826,0.0409921671,6.566634327,0.03445575568,6.505763688e-08,1,7.034283332e-08,1,6.875756413e-08,1,5.913924407,0.04281984334,6.494989592,0.03702875042
8,5,8750,31.22970423,9.727453008e-08,1,2.621865392e-07,1,5.713154412e-08,1,6.004210138e-08,1,5.916909376e-08,1,5.91209498,0.03968668407,6.446290159,0.03221836895,6.237606211e-08,1,6.697668242e-08,1,6.559674854e-08,1,5.826492054,0.04151436031,6.356681218,0.03154715293
8,5,9000,30.82150595,9.636613245e-08,1,2.308582298e-07,1,5.641575354e-08,1,5.921428355e-08,1,5.837487796e-08,1,5.884959717,0.0409921671,6.384753183,0.03087593691,6.277829069e-08,1,6.716040153e-08,1,6.584600851e-08,1,5.780764592,0.04334203655,6.280517442,0.03076406757
8,5,9250,30.54397688,9.586452825e-08,1,2.145475401e-07,1,5.652906423e-08,1,5.929747262e-08,1,5.846710187e-08,1,5.873338885,0.04177545692,6.350566461,0.03031659022,6.384423062e-08,1,6.814592168e-08,1,6.685565018e-08,1,5.756250025,0.04203655352,6.235921926,0.03031659022
8,5,9500,30.35782227,9.551701406e-08,1,2.048343311e-07,1,5.681496406e-08,1,5.958250613e-08,1,5.875239522e-08,1,5.869434233,0.03916449086,6.330934054,0.02953350487,6.491515788e-08,1,6.917956191e-08,1,6.790047448e-08,1,5.743276633,0.04203655352,6.209031086,0.03400827833
8,5,9750,30.23236028,9.523060176e-08,1,1.979172878e-07,1,5.702754423e-08,1,5.978746301e-08,1,5.895963867e-08,1,5.871962485,0.03838120104,6.319558042,0.02886228885,6.574458791e-08,1,6.996574285e-08,1,6.869962777e-08,1,5.73966165,0.04595300261,6.192762074,0.034232017
8,5,10000,30.14637715,9.49976073e-08,1,1.929113164e-07,1,5.721390085e-08,1,5.9967597e-08,1,5.914163911e-08,1,5.876069935,0.03550913838,6.312796333,0.02998098221,6.642363248e-08,1,7.060559855e-08,1,6.935123799e-08,1,5.739228288,0.04621409922,6.182284141,0.0351269717
8,5,10250,30.08620488,9.479238379e-08,1,1.89258952e-07,1,5.736318862e-08,1,6.010895247e-08,1,5.928537384e-08,1,5.879396112,0.03524804178,6.307761966,0.03009285155,6.693708388e-08,1,7.108087145e-08,1,6.983796234e-08,1,5.739665274,0.04673629243,6.17496484,0.03479136369
8,5,10500,30.04307737,9.461418405e-08,1,1.867535724e-07,1,5.750633636e-08,1,6.024684712e-08,1,5.942484413e-08,1,5.881928667,0.03524804178,6.304018013,0.02975724354,6.735240665e-08,1,7.146412265e-08,1,7.023083326e-08,1,5.740212082,0.04882506527,6.169737457,0.03591005705
8,5,10750,30.01128315,9.444936893e-08,1,1.846448829e-07,1,5.767087144e-08,1,6.0410158e-08,1,5.95885222e-08,1,5.884307504,0.0318537859,6.300910641,0.02953350487,6.77065808e-08,1,7.179592755e-08,1,7.056934771e-08,1,5.741627008,0.04960835509,6.165954843,0.03736435843
8,5,11000,29.98727289,9.430975415e-08,1,1.830010266e-07,1,5.780712345e-08,1,6.054406581e-08,1,5.972313314e-08,1,5.886207762,0.03289817232,6.298385028,0.02886228885,6.792719659e-08,1,7.199087191e-08,1,7.077199209e-08,1,5.743575557,0.04856396867,6.163721298,0.03859492113
8,5,11250,29.96862159,9.418199465e-08,1,1.815969917e-07,1,5.793642234e-08,1,6.067065871e-08,1,5.985053769e-08,1,5.887057024,0.03263707572,6.295377824,0.02919789686,6.808343632e-08,1,7.212084708e-08,1,7.090984518e-08,1,5.744949456,0.04960835509,6.161389301,0.03904239848
8,5,11500,29.95377004,9.406641895e-08,1,1.806115099e-07,1,5.808519103e-08,1,6.081930327e-08,1,5.999921948e-08,1,5.887644702,0.03342036554,6.293140629,0.02852668084,6.820684708e-08,1,7.22198947e-08,1,7.101620041e-08,1,5.746675578,0.05039164491,6.160309369,0.0397136145
8,5,11750,29.94163849,9.395772778e-08,1,1.799064098e-07,1,5.825175179e-08,1,6.099227204e-08,1,6.01702662e-08,1,5.88799648,0.03368146214,6.29152488,0.02897415818,6.832070092e-08,1,7.231791297e-08,1,7.111896849e-08,1,5.748521485,0.05274151436,6.160238777,0.03960174516
8,5,12000,29.93145671,9.385616727e-08,1,1.790726294e-07,1,5.841066414e-08,1,6.116018711e-08,1,6.033548095e-08,1,5.887672144,0.03446475196,6.288731058,0.0296453742,6.841230228e-08,1,7.239744584e-08,1,7.120212124e-08,1,5.74961503,0.05248041775,6.158988718,0.0397136145
8,5,12250,29.92276808,9.376376762e-08,1,1.782773869e-07,1,5.855578307e-08,1,6.131197809e-08,1,6.048527068e-08,1,5.88745446,0.03472584856,6.286480964,0.03143528359,6.847004828e-08,1,7.243868453e-08,1,7.124831121e-08,1,5.751085194,0.05430809399,6.158498922,0.04049669985
8,5,12500,29.9152313,9.367717918e-08,1,1.776223521e-07,1,5.869839309e-08,1,6.146004722e-08,1,6.063170237e-08,1,5.886905041,0.0365535248,6.284303828,0.03199463027,6.852595023e-08,1,7.247852279e-08,1,7.12929677e-08,1,5.7522768,0.05587467363,6.157961947,0.0409441772
8,5,12750,29.90858495,9.359517557e-08,1,1.770361329e-07,1,5.883655503e-08,1,6.160354956e-08,1,6.077360289e-08,1,5.887217591,0.03681462141,6.283087417,0.0330014543,6.856847186e-08,1,7.250543086e-08,1,7.132455899e-08,1,5.754413461,0.05561357702,6.158460839,0.04139165455
8,5,13000,29.90268048,9.351652587e-08,1,1.765085343e-07,1,5.895824584e-08,1,6.172993563e-08,1,6.089858064e-08,1,5.887728458,0.03785900783,6.282475532,0.03367267032,6.859036184e-08,1,7.250835755e-08,1,7.133317363e-08,1,5.756611312,0.05509138381,6.159514509,0.04183913189
8,5,13111,29.90025,9.348497238e-08,1,1.763026702e-07,1,5.901156392e-08,1,6.178436405e-08,1,6.095267602e-08,1,5.8878346,0.03812010444,6.282303518,0.03378453966,6.859827912e-08,1,7.250716334e-08,1,7.133471236e-08,1,5.757476122,0.05587467363,6.160069811,0.04139165455
8,5,13250,29.89735358,9.344592367e-08,1,1.760068992e-07,1,5.908558357e-08,1,6.185926522e-08,1,6.102731278e-08,1,5.887839152,0.03838120104,6.281902258,0.03333706231,6.86184156e-08,1,7.251521491e-08,1,7.134638874e-08,1,5.75839843,0.05430809399,6.160554858,0.0409441772
8,5,13500,29.89251192,9.337689919e-08,1,1.754848075e-07,1,5.922043601e-08,1,6.199620833e-08,1,6.11636288e-08,1,5.887504399,0.03864229765,6.281027558,0.03322519297,6.863498778e-08,1,7.251102728e-08,1,7.134842791e-08,1,5.760008254,0.0545691906,6.161571823,0.0409441772
8,5,13750,29.8880899,9.33139863e-08,1,1.750455151e-07,1,5.934732206e-08,1,6.212787012e-08,1,6.129385813e-08,1,5.887161853,0.03890339426,6.280185975,0.03378453966,6.863862585e-08,1,7.24971891e-08,1,7.133983165e-08,1,5.761633925,0.0545691906,6.162707221,0.0409441772
8,5,14000,29.88401262,9.325113328e-08,1,1.746264582e-07,1,5.946294294e-08,1,6.22480582e-08,1,6.14126763e-08,1,5.886929642,0.03968668407,6.279549702,0.03434388634,6.863894033e-08,1,7.248056528e-08,1,7.132828839e-08,1,5.763172597,0.05352480418,6.163867982,0.04105604654
8,5,14250,29.88019166,9.319236148e-08,1,1.743866836e-07,1,5.955843769e-08,1,6.234905895e-08,1,6.151202556e-08,1,5.886940361,0.0407310705,6.279308546,0.03445575568,6.864110146e-08,1,7.246883218e-08,1,7.13207228e-08,1,5.764588689,0.05326370757,6.165087937,0.04150352388
8,5,14500,29.87662254,9.313568108e-08,1,1.741223693e-07,1,5.96513569e-08,1,6.244874459e-08,1,6.160968164e-08,1,5.887077998,0.04177545692,6.279159136,0.03523884103,6.86325298e-08,1,7.245055913e-08,1,7.130535963e-08,1,5.766300772,0.05404699739,6.166455603,0.04206287057
8,5,14750,29.8732931,9.308560134e-08,1,1.738650135e-07,1,5.974653894e-08,1,6.254899019e-08,1,6.170840844e-08,1,5.887367973,0.0407310705,6.279543583,0.03568631838,6.862840143e-08,1,7.243524887e-08,1,7.129340333e-08,1,5.768158184,0.05509138381,6.168383263,0.04284595592
8,5,15000,29.87019005,9.303397532e-08,1,1.735863889e-07,1,5.984320727e-08,1,6.265007055e-08,1,6.180816544e-08,1,5.887879168,0.04229765013,6.280039872,0.03557444904,6.861830757e-08,1,7.241366777e-08,1,7.127526777e-08,1,5.770343905,0.05561357702,6.170554023,0.04329343327
8,5,22901,29.82210044,9.21494684e-08,1,1.694503116e-07,1,6.103945969e-08,1,6.384760976e-08,1,6.300531868e-08,1,5.905531081,0.04673629243,6.304194202,0.03669314241,6.826891828e-08,1,7.177228078e-08,1,7.072146408e-08,1,5.812460832,0.05483028721,6.219223853,0.04553082
8,5,40000,29.67738402,9.07647061e-08,1,1.691108784e-07,1,5.453693745e-08,1,5.701920668e-08,1,5.627466199e-08,1,6.217000529,0.03237597911,6.622944287,0.02651303278,6.189787544e-08,1,6.469805832e-08,1,6.385815696e-08,1,6.144298523,0.03498694517,6.559511063,0.02919789686
9,5,0,42.22244257,4.772950356,0.00861618799,4.776687201,0.006824029534,4.769600386,0.00861618799,4.7745529,0.008949546929,4.773067418,0.008849557522,4.772965599,0.00861618799,4.776693835,0.006824029534,4.769599277,0.00861618799,4.774553468,0.008949546929,4.773067482,0.008849557522,4.772966702,0.00861618799,4.776693269,0.006824029534
9,5,1,42.17600025,4.740291169,0.007310704961,4.756328495,0.007718984226,4.739820841,0.00861618799,4.753451474,0.008949546929,4.749363031,0.008849557522,4.740342397,0.007310704961,4.756382759,0.00760711489,4.739822444,0.00861618799,4.753450882,0.008949546929,4.749363098,0.008849557522,4.740340787,0.007310704961,4.756383352,0.007718984226
9,5,2,42.13534427,4.72555765,0.009399477807,4.753759999,0.0079427229,4.72828344,0.01044386423,4.74974976,0.008166461573,4.743311041,0.008849557522,4.725633383,0.009399477807,4.7538417,0.0079427229,4.728285545,0.01044386423,4.749748959,0.008166461573,4.743311112,0.008849557522,4.725631294,0.009138381201,4.753842493,0.0079427229
9,5,3,42.09841167,4.71858907,0.01331592689,4.758204488,0.008166461573,4.724926157,0.01174934726,4.75281691,0.00760711489,4.744451213,0.008849557522,4.718696901,0.01331592689,4.758313478,0.008166461573,4.724928758,0.01174934726,4.752815897,0.00760711489,4.744451284,0.008849557522,4.718694329,0.01279373368,4.758314476,0.008054592236
9,5,5,42.03054417,4.708884382,0.01436031332,4.76652575,0.00727150688,4.723123811,0.01174934726,4.758171097,0.00760711489,4.747658832,0.008849557522,4.709050043,0.0138381201,4.766670163,0.007047768207,4.723127773,0.01174934726,4.758169504,0.00760711489,4.747658906,0.008849557522,4.709046113,0.0138381201,4.766671741,0.007047768207
9,5,9,41.92651124,4.688499569,0.02219321149,4.771080041,0.006824029534,4.719339445,0.01148825065,4.755814341,0.007718984226,4.744873872,0.008849557522,4.688775783,0.02193211488,4.771321095,0.006488421524,4.719342857,0.01148825065,4.755813018,0.007718984226,4.744873969,0.008849557522,4.688772447,0.02167101828,4.771322384,0.006824029534
9,5,16,41.90009263,4.647281442,0.0318537859,4.789963246,0.005593466831,4.717127488,0.01174934726,4.754076814,0.00760711489,4.742994042,0.008849557522,4.647817582,0.03054830287,4.790447801,0.005481597494,4.717131231,0.01174934726,4.754075466,0.00760711489,4.742994221,0.008849557522,4.647814068,0.03054830287,4.790449054,0.005369728158
9,5,28,42.42262309,4.516747228,0.04751958225,4.914841742,0.004810381474,4.71489096,0.01174934726,4.753025627,0.00760711489,4.741587318,0.008849557522,4.518226652,0.04751958225,4.91621444,0.004474773465,4.714890138,0.01174934726,4.753027391,0.00760711489,4.741588306,0.008849557522,4.518228465,0.04778067885,4.9162121,0.004698512138
9,5,50,44.60490212,4.115735013,0.1093994778,5.570573072,0.004586642801,4.714286983,0.01148825065,4.762432102,0.007718984226,4.747991206,0.008849557522,4.12605703,0.1075718016,5.580635897,0.004362904128,4.714209951,0.01148825065,4.762501306,0.007718984226,4.748016547,0.008849557522,4.126129068,0.1075718016,5.5805676,0.004474773465
9,5,87,50.33969647,2.753493804,0.353002611,7.190574145,0.005481597494,4.676045075,0.01044386423,4.757977271,0.008166461573,4.733402104,0.008849557522,2.853516405,0.3250652742,7.301315445,0.003915426782,4.676100592,0.01436031332,4.759601245,0.01174628034,4.734555627,0.01253034693,2.853590297,0.3234986945,7.299862115,0.003691688108
9,5,151,59.7239342,0.07670358002,1,14.7274404,0.0158854458,4.523611594,0.05169712794,4.70038644,0.04105604654,4.647363677,0.04424778761,0.2211236605,1,15.79656533,0.008949546929,4.546312049,0.05639686684,4.734871782,0.04150352388,4.678314199,0.04597071031,0.2286383208,0.9976501305,15.77712471,0.008949546929
9,5,250,59.83587534,0.013038517,1,16.2250778,0.01912965656,4.166004768,0.0864229765,4.351055842,0.06410112988,4.295550664,0.07079646018,0.06700881501,1,17.67937887,0.009620762949,4.200103937,0.09712793734,4.402137966,0.07126076742,4.341538833,0.07901950035,0.07303757284,0.9997389034,17.65169066,0.01085132565
9,5,264,59.79205615,0.01111930934,1,16.32062657,0.02024834993,4.126058578,0.0864229765,4.310955325,0.06410112988,4.255496437,0.07079646018,0.06071616056,1,17.81749299,0.009956370959,4.161398142,0.1018276762,4.363814957,0.07316254615,4.303101009,0.08176051374,0.06658360247,0.9997389034,17.78875069,0.01073945632
9,5,462,59.61778099,0.001205261491,1,18.02061279,0.02606555543,3.692097464,0.1143603133,3.882696675,0.09005481597,3.82552736,0.09734513274,0.01889091614,1,20.21913891,0.01241749636,3.742247094,0.1300261097,3.957788518,0.09285154939,3.893137907,0.1040018796,0.02308624963,0.9997389034,20.17877703,0.01264123504
9,5,500,59.63989693,0.0007949253502,1,18.37936268,0.02707237946,3.624629219,0.1334203655,3.816971355,0.1071708245,3.759279258,0.1150442478,0.01591487847,1,20.72831372,0.01230562703,3.677510494,0.135770235,3.896104891,0.09788566954,3.830538556,0.1092489623,0.0199667911,0.9997389034,20.68594151,0.01275310437
9,5,750,59.91593139,5.403856438e-05,1,20.81176348,0.03098780624,3.27417355,0.162924282,3.480668617,0.1324532946,3.418731417,0.1415929204,0.00781030391,1,24.25676521,0.01163441101,3.344621486,0.1639686684,3.58548777,0.1258530037,3.513241089,0.1372856136,0.0120261304,0.9997389034,24.20362679,0.01230562703
9,5,806,59.95581785,2.995568055e-05,1,21.35069114,0.03266584629,3.213574103,0.162924282,3.423898955,0.1324532946,3.36081303,0.1415929204,0.007489630352,1,25.06816458,0.01163441101,3.288470825,0.1694516971,3.534827562,0.1327889026,3.460934046,0.1437857311,0.01206522298,0.9994778068,25.01326305,0.01152254167
9,5,1000,59.81219103,4.232244745e-06,1,23.06411892,0.03736435843,3.026381492,0.1825065274,3.247336443,0.1493455644,3.18106207,0.1592920354,0.009022226833,1,27.79394755,0.01107506432,3.115406351,0.1968668407,3.377833581,0.1556102472,3.299119798,0.1679849636,0.01597838092,0.9976501305,27.73637638,0.01152254167
9,5,1250,58.60641012,6.314213111e-07,1,24.51013681,0.04251034791,2.827054787,0.2300261097,3.0487971,0.1921915203,2.982286562,0.203539823,0.02109369143,0.9973890339,30.4339609,0.01118693366,2.933134463,0.225848564,3.203713943,0.1788790692,3.122554932,0.1929673428,0.03370815434,0.990078329,30.37069206,0.011298803
9,5,1409,57.28425633,3.791091378e-07,1,24.61792889,0.04474773465,2.699794178,0.2368146214,2.907280751,0.2019241526,2.845046154,0.2123893805,0.04067353202,0.988772846,31.030003,0.01040384831,2.813956933,0.2449086162,3.073252128,0.1965544244,2.995477784,0.2110580312,0.05674524495,0.9817232376,30.96278774,0.01141067233
9,5,1500,56.51870672,3.465129242e-07,1,24.43818165,0.04519521199,2.629211441,0.2454308094,2.826203377,0.2108736995,2.767116595,0.2212389381,0.05781962863,0.9809399478,31.05252492,0.01040384831,2.747666874,0.2524804178,2.99742527,0.203042846,2.922511443,0.2178714073,0.07525101222,0.9738903394,30.98277555,0.01118693366
9,5,1750,54.85852502,3.330554436e-07,1,23.71861993,0.04732072939,2.470129344,0.2634464752,2.646441984,0.2284371854,2.593557858,0.2389380531,0.1393396407,0.9501305483,30.8196899,0.01118693366,2.597634629,0.265535248,2.828854523,0.2169146437,2.75950123,0.2314981596,0.1592857462,0.9425587467,30.74268285,0.01085132565
9,5,2000,53.76789452,3.296064864e-07,1,23.00393722,0.05000559347,2.349549466,0.2621409922,2.516720512,0.2289965321,2.466578362,0.2389380531,0.28661098,0.8942558747,30.58853843,0.011298803,2.487034084,0.2704960836,2.710186832,0.2239624119,2.643253241,0.2379199624,0.3058121393,0.8939947781,30.50338693,0.01163441101
9,5,2250,53.00128224,3.253042038e-07,1,22.29475083,0.05302606556,2.243884388,0.2892950392,2.406942826,0.2552858262,2.358034234,0.2654867257,0.5082132843,0.8381201044,30.37866928,0.01085132565,2.39149778,0.2780678851,2.610260296,0.2344781295,2.544643533,0.2475526666,0.5227778047,0.8386422977,30.28535141,0.01152254167
9,5,2460,52.50205286,3.220057353e-07,1,21.72120259,0.05593466831,2.16113656,0.2869451697,2.322042016,0.2562926502,2.2737792,0.2654867257,0.7511294487,0.790078329,30.24901706,0.01040384831,2.320288062,0.2879895561,2.535878914,0.2442107618,2.471213477,0.2573420002,0.7639379797,0.7877284595,30.14733283,0.01152254167
9,5,2500,52.41751054,3.216126047e-07,1,21.61686995,0.05615840698,2.145078158,0.2869451697,2.305341707,0.2562926502,2.257271428,0.2654867257,0.8034799535,0.7804177546,30.23143276,0.01029197897,2.306474357,0.2895561358,2.521376243,0.2456650632,2.456917458,0.2588299789,0.8160060221,0.7788511749,30.12804418,0.01163441101
9,5,2750,51.94171102,3.17353541e-07,1,20.99886495,0.06208748182,2.052970079,0.2973890339,2.211582342,0.2644591118,2.164007358,0.2743362832,1.152672366,0.7355091384,30.14602075,0.01062758698,2.22942935,0.3031331593,2.442728549,0.2576350822,2.378750483,0.2712820111,1.164523521,0.734464752,30.03327223,0.01118693366
9,5,3000,51.53242035,3.137364361e-07,1,20.43412184,0.06577916993,1.973975976,0.3553524804,2.131174679,0.3154715293,2.084023686,0.3274336283,1.552228497,0.6924281984,30.11714488,0.01051571764,2.164458212,0.3140992167,2.377267871,0.2703881866,2.31343664,0.2834990994,1.564712209,0.6929503916,29.99548763,0.01118693366
9,5,3250,51.17307474,3.105819539e-07,1,19.92935678,0.06902338069,1.898811004,0.3874673629,2.054646049,0.352276541,2.007904078,0.3628318584,1.971269599,0.653002611,30.13810483,0.01073945632,2.103209912,0.3211488251,2.316384052,0.2796733415,2.252443497,0.2921137129,1.983176174,0.6550913838,30.00662783,0.011298803
9,5,3500,50.84710026,3.070331498e-07,1,19.45517639,0.07237946079,1.825558159,0.4156657963,1.979370092,0.3781183578,1.933234944,0.389380531,2.401520493,0.6206266319,30.18747489,0.01073945632,2.045140287,0.3292428198,2.258194214,0.2898534512,2.194289715,0.3016681024,2.411559146,0.6245430809,30.04463269,0.01163441101
9,5,3750,50.54909896,3.038996231e-07,1,19.01443776,0.07383376217,1.759146131,0.4156657963,1.910789908,0.3781183578,1.865305088,0.389380531,2.835645254,0.5885117493,30.26058361,0.011298803,1.993533521,0.3368146214,2.205613865,0.2995860835,2.142001388,0.310752604,2.84046519,0.592689295,30.10556155,0.01152254167
9,5,4000,50.27711569,3.011026578e-07,1,18.59887957,0.07786105828,1.700729808,0.4360313316,1.850755975,0.3946750196,1.80575635,0.407079646,3.279196943,0.5613577023,30.36070977,0.01185814968,1.950024533,0.3485639687,2.161858416,0.307752545,2.098319864,0.3199937348,3.278364654,0.5691906005,30.19106321,0.01185814968
9,5,4250,50.02742485,2.986879344e-07,1,18.21084462,0.08278330909,1.647746882,0.4637075718,1.796115156,0.420740575,1.751612807,0.4336283186,3.719460535,0.5381201044,30.48259899,0.01208188835,1.911680207,0.3579634465,2.123643598,0.3153596599,2.060066201,0.3281384603,3.712140187,0.5527415144,30.29824119,0.01208188835
9,5,4297,49.98267843,2.981780156e-07,1,18.14041201,0.08345452511,1.638199053,0.4637075718,1.786246221,0.420740575,1.741840187,0.4336283186,3.801607576,0.5318537859,30.50615793,0.01197001902,1.90506137,0.3603133159,2.117078749,0.3184920013,2.053485158,0.3310361031,3.793016789,0.5490861619,30.31879234,0.01241749636
9,5,4500,49.7969918,2.962615959e-07,1,17.84510758,0.08770555991,1.598619462,0.472845953,1.744823338,0.4294663833,1.70097019,0.4424778761,4.155240821,0.5107049608,30.61199946,0.01219375769,1.878074785,0.37154047,2.089512621,0.3259872469,2.026092862,0.3396507166,4.140205738,0.5263707572,30.41293623,0.01241749636
9,5,4750,49.58198188,2.94403022e-07,1,17.51420231,0.09039042398,1.550289119,0.5005221932,1.693249443,0.4555319387,1.650369183,0.4690265487,4.600593046,0.4968668407,30.76906211,0.01286497371,1.845694259,0.3835509138,2.055932424,0.3352724018,1.992872499,0.3497533088,4.576747153,0.5057441253,30.5564991,0.01264123504
9,5,5000,49.3763563,2.922760132e-07,1,17.20795593,0.09385837342,1.509137639,0.5195822454,1.650035622,0.4726479472,1.607773951,0.4867256637,5.042589878,0.4767624021,30.94573792,0.01275310437,1.821263428,0.3898172324,2.031925108,0.3426557781,1.968738152,0.3568016289,5.009668557,0.4864229765,30.71772382,0.01275310437
9,5,5250,49.18124756,2.902341634e-07,1,16.90907582,0.09833314688,1.469499658,0.5300261097,1.608510366,0.4808144088,1.566814774,0.4955752212,5.49309696,0.4558746736,31.13087348,0.01264123504,1.799785112,0.3976501305,2.011067651,0.3480255062,1.947694472,0.3629101731,5.451758283,0.4725848564,30.88590804,0.01364805907
9,5,5500,48.99627945,2.884112456e-07,1,16.6375304,0.1005705336,1.432925906,0.5409921671,1.571015191,0.4887571317,1.529595976,0.5044247788,5.925409663,0.435770235,31.31231299,0.01297684305,1.780857043,0.4065274151,1.993660905,0.3537308424,1.929831413,0.3695669199,5.875172862,0.4563968668,31.05082307,0.01398366708
9,5,5750,48.82175207,2.87740855e-07,1,16.38287467,0.1061640004,1.402604749,0.5409921671,1.539534031,0.4887571317,1.498462753,0.5044247788,6.361521886,0.4177545692,31.50361662,0.01342432039,1.770489347,0.4154046997,1.984772926,0.3586530932,1.920499599,0.375675464,6.301243769,0.4438642298,31.2234285,0.01398366708
9,5,6000,48.6566043,2.847591572e-07,1,16.15301932,0.1086251259,1.375425874,0.5498694517,1.510481575,0.4975948093,1.469972268,0.5132743363,6.778379523,0.4036553525,31.70886333,0.0137599284,1.765813189,0.4195822454,1.981025743,0.3604430026,1.916473775,0.3781815334,6.708114577,0.4289817232,31.40770017,0.01431927509
9,5,6250,48.4966201,2.844807136e-07,1,15.93076648,0.111981206,1.349724347,0.5511749347,1.483737759,0.4970354626,1.443541082,0.5132743363,7.20202051,0.3916449086,31.92087378,0.01342432039,1.765901178,0.4232375979,1.983679314,0.3626803893,1.918357812,0.3808442321,7.120123139,0.4174934726,31.59673046,0.01364805907
9,5,6500,48.34388509,2.81290635e-07,1,15.71877165,0.11466607,1.324737623,0.5584856397,1.457562025,0.5065443562,1.417721986,0.5221238938,7.616103032,0.3723237598,32.13211416,0.01420740575,1.771962084,0.4203655352,1.99158255,0.3626803893,1.92570845,0.3799827708,7.520752634,0.4114882507,31.78199961,0.01420740575
9,5,6750,48.19756336,2.800836765e-07,1,15.52215418,0.1182458888,1.300385385,0.5775456919,1.430892757,0.5236603647,1.3917477,0.5398230088,8.023546645,0.355613577,32.34486139,0.01431927509,1.781122858,0.4195822454,2.001124016,0.3633516053,1.935135729,0.3802177148,7.912000563,0.3994778068,31.9672706,0.01409553641
9,5,7000,48.0574958,2.782290243e-07,1,15.32928783,0.1210426222,1.276755646,0.5587467363,1.406761631,0.5064324869,1.367766963,0.5221238938,8.419285264,0.3402088773,32.54355637,0.01398366708,1.789635813,0.4195822454,2.011569111,0.3657008614,1.945001288,0.3818623228,8.285769815,0.384073107,32.13849635,0.01409553641
9,5,7250,47.92379811,2.764153927e-07,1,15.1463709,0.1231681396,1.250051667,0.5399477807,1.377584207,0.489204609,1.339331436,0.5044247788,8.811720122,0.3279373368,32.74173741,0.01420740575,1.797100694,0.4174934726,2.019260256,0.3689450722,1.952624566,0.3835069308,8.65749866,0.3712793734,32.30801367,0.01431927509
9,5,7500,47.79315479,2.757392339e-07,1,14.97907885,0.1248461797,1.224401797,0.5485639687,1.3508404,0.4981541559,1.312915751,0.5132743363,9.199566261,0.317232376,32.94995425,0.01387179774,1.803498203,0.4177545692,2.027865063,0.3688332028,1.960567305,0.3835069308,9.025562672,0.3639686684,32.48648974,0.0146548831
9,5,7506,47.79003638,2.750090061e-07,1,14.97591035,0.1251817877,1.223004851,0.5485639687,1.349095561,0.4981541559,1.311275261,0.5132743363,9.208237646,0.3161879896,32.95662532,0.01387179774,1.803173583,0.418537859,2.027208722,0.3690569415,1.960010462,0.3838985042,9.034328366,0.3631853786,32.49226807,0.01454301376
9,5,7750,47.66562688,2.737585019e-07,1,14.81577275,0.1287616064,1.195394276,0.5579634465,1.319539356,0.5067680949,1.282302638,0.5221238938,9.586759856,0.3088772846,33.1660979,0.01499049111,1.808174101,0.419843342,2.033167567,0.3720774136,1.965681861,0.3864045736,9.394210822,0.3587467363,32.6717532,0.01431927509
9,5,8000,47.5408075,2.739174988e-07,1,14.65251494,0.1329007719,1.169960959,0.5770234987,1.29392963,0.5238841034,1.256745825,0.5398230088,9.975131605,0.2966057441,33.37826371,0.01409553641,1.812840742,0.4232375979,2.04147739,0.3750978857,1.972898929,0.3895371603,9.761181534,0.3485639687,32.856399,0.0146548831
9,5,8250,47.41885763,2.709264062e-07,1,14.49977256,0.1371518067,1.139951824,0.5939947781,1.262687432,0.5418950666,1.225873478,0.5575221239,10.33576274,0.2882506527,33.57373771,0.01476675243,1.811957408,0.42845953,2.043301328,0.3801320058,1.973910835,0.3946276138,10.1044611,0.3394255875,33.02859068,0.01454301376
9,5,8500,47.30123549,2.699100659e-07,1,14.34758568,0.1406197561,1.106605948,0.5939947781,1.227330326,0.5418950666,1.191119631,0.5575221239,10.68354694,0.2785900783,33.75808684,0.0146548831,1.811028693,0.4355091384,2.043725437,0.3849423873,1.973929171,0.4001096405,10.43619278,0.3328981723,33.19087781,0.01476675243
9,5,8750,47.18511028,2.704776679e-07,1,14.19382504,0.1450945296,1.07694568,0.6107049608,1.197304677,0.5600178991,1.161203576,0.5752212389,11.00524126,0.2694516971,33.91658307,0.01443114442,1.810246145,0.4433420366,2.046594782,0.3891934221,1.975703148,0.405435038,10.73776348,0.3245430809,33.32862846,0.01476675243
9,5,9000,47.07357687,2.683329716e-07,1,14.04431267,0.1491218257,1.037687835,0.6180156658,1.155126451,0.5695267927,1.119901304,0.5840707965,11.32465826,0.2595300261,34.08232928,0.01431927509,1.806667092,0.4449086162,2.042884553,0.3938919342,1.972032264,0.4091941421,11.03604337,0.3187989556,33.47272835,0.01510236044
9,5,9250,46.96478015,2.65842848e-07,1,13.89527173,0.1524779058,1.004770876,0.635770235,1.120450214,0.5872021479,1.085752755,0.6017699115,11.62931858,0.246997389,34.23043357,0.01353618973,1.80174401,0.4519582245,2.039642365,0.3979192303,1.9682859,0.4141279662,11.32069537,0.3093994778,33.60208905,0.01510236044
9,5,9500,46.85954151,2.665277032e-07,1,13.74277565,0.1546034232,0.9675638318,0.644386423,1.079967201,0.5961516948,1.046252352,0.610619469,11.93764143,0.2396866841,34.3717515,0.01275310437,1.792855682,0.4600522193,2.029508704,0.4028414812,1.958525771,0.4200015663,11.60676695,0.3005221932,33.7251138,0.01554983779
9,5,9750,46.75713815,2.657762551e-07,1,13.58197992,0.1579595033,0.9300999131,0.6634464752,1.039556927,0.6132677033,1.006725823,0.6283185841,12.22461454,0.227154047,34.49298365,0.01297684305,1.779227337,0.4699738903,2.01670429,0.4086586867,1.945474222,0.4270498864,11.87622234,0.2916449086,33.8285411,0.01543796845
9,5,10000,46.65647638,2.6307102e-07,1,13.41507165,0.1614274527,0.8945304099,0.6992167102,1.002297966,0.6485065444,0.9699736068,0.6637168142,12.49679655,0.2208877285,34.59927719,0.01308871238,1.763254882,0.4765013055,2.003569397,0.4163776709,1.931488217,0.4344114653,12.12726305,0.2806788512,33.91629146,0.01521422978
9,5,10250,46.55684677,2.643924101e-07,1,13.24501725,0.1664615729,0.846917007,0.7310704961,0.949943743,0.6854234254,0.9190413701,0.6991150442,12.79203289,0.2138381201,34.719573,0.01353618973,1.73901324,0.4877284595,1.976640535,0.4246560018,1.905365373,0.4435742815,12.39805016,0.2699738903,34.01563726,0.0146548831
9,5,10500,46.45604521,2.660738096e-07,1,13.04748147,0.170824477,0.8081942507,0.7229765013,0.909587501,0.6762501398,0.8791750843,0.6902654867,13.05105139,0.2052219321,34.78741089,0.01320058172,1.712884629,0.4973890339,1.954641094,0.4322631167,1.882127408,0.4517973216,12.63127692,0.2634464752,34.06172276,0.01387179774
9,5,10750,46.35485866,2.597364658e-07,1,12.83951813,0.1767535519,0.7492533392,0.745691906,0.8447473859,0.7044412127,0.8161044069,0.7168141593,13.30320272,0.1971279373,34.83624086,0.01275310437,1.670439825,0.5096605744,1.90890228,0.4452399597,1.837376616,0.4645626126,12.85399577,0.2592689295,34.087783,0.0137599284
9,5,11000,46.24880371,2.580559995e-07,1,12.5964135,0.1833538427,0.6985533607,0.7707571802,0.7903361825,0.7316254615,0.7628063675,0.7433628319,13.55158284,0.1911227154,34.8453209,0.01219375769,1.626092773,0.5250652742,1.865837225,0.4581049334,1.793927032,0.4781893649,13.07093747,0.2483028721,34.07186957,0.01353618973
9,5,11250,46.13965607,2.576629823e-07,1,12.34831362,0.1883879629,0.6377826902,0.8101827676,0.7232649961,0.7779393668,0.6976249905,0.7876106195,13.81876322,0.1843342037,34.86475293,0.011298803,1.571372902,0.5417754569,1.807148384,0.4751090726,1.736428664,0.4951053332,13.30415048,0.2402088773,34.06122048,0.01342432039
9,5,11500,46.02309478,2.548458783e-07,1,12.05743249,0.1962188164,0.5735392768,0.8195822454,0.6526951066,0.7865533057,0.628952697,0.796460177,14.07560069,0.1778067885,34.84613146,0.01141067233,1.505565431,0.5569190601,1.738019815,0.4926725585,1.668296243,0.5119429869,13.52536518,0.2279373368,34.01169697,0.01342432039
9,5,11750,45.89583054,2.541812777e-07,1,11.71099848,0.2044971473,0.5013092925,0.8430809399,0.572389194,0.8144087706,0.5510691202,0.8230088496,14.32312956,0.1699738903,34.77338849,0.011298803,1.426807007,0.5796344648,1.653173412,0.5116903457,1.5852759,0.5320698567,13.73856483,0.2182767624,33.90564898,0.01398366708
9,5,12000,45.75711635,2.506752247e-07,1,11.30912999,0.2142297796,0.425799342,0.8819843342,0.488743549,0.8609464146,0.4698637375,0.8672566372,14.54195579,0.161618799,34.62736405,0.01152254167,1.329722336,0.6031331593,1.549036821,0.5392102025,1.483254498,0.5583835852,13.92505331,0.2060052219,33.72470149,0.01342432039
9,5,12250,45.60130953,2.485389638e-07,1,10.83790901,0.2257523213,0.3436729891,0.9044386423,0.3966686968,0.8892493568,0.3807728897,0.8938053097,14.74329467,0.1522193211,34.39619153,0.01118693366,1.21277186,0.6305483029,1.421699874,0.569638662,1.359032923,0.5879082152,14.09485514,0.1950391645,33.45852448,0.01320058172
9,5,12500,45.42160591,2.463308401e-07,1,10.27921271,0.2409665511,0.2582480065,0.9334203655,0.3006765815,0.9147555655,0.287950335,0.9203539823,14.8979514,0.1430809399,34.0427379,0.01118693366,1.060952288,0.6720626632,1.256371146,0.6149457434,1.197756201,0.6320776882,14.2206909,0.1856396867,33.07698025,0.01297684305
9,5,12750,45.21196073,2.42667433e-07,1,9.590782838,0.2627810717,0.1730740164,0.9569190601,0.2041784537,0.9426110303,0.1948488277,0.9469026549,15.06569938,0.1336814621,33.59402857,0.01062758698,0.8744141675,0.7287206266,1.049219477,0.6684192863,0.9967874671,0.6865063826,14.36540672,0.174151436,32.60367248,0.01241749636
9,5,13000,44.94757565,2.405169076e-07,1,8.69920197,0.2925383152,0.09460547961,0.9872062663,0.113847823,0.9801991274,0.1080761748,0.982300885,15.22791656,0.1174934726,32.95367543,0.01085132565,0.6486190137,0.7973890339,0.793403829,0.7470634299,0.7499763215,0.7621583523,14.51259012,0.1569190601,31.94778974,0.01230562703
9,5,13111,44.8034378,2.371993211e-07,1,8.20667019,0.3085356304,0.0645296759,1,0.07831647469,1,0.07418119085,1,15.287736,0.1096605744,32.55906199,0.011298803,0.5337178855,0.8318537859,0.658714623,0.7904687325,0.6212224541,0.8028819798,14.5711903,0.1451697128,31.55417144,0.01174628034
9,5,13250,44.59060302,2.323617494e-07,1,7.473073495,0.3340418391,0.03486521269,1,0.04320039365,1,0.0407002963,1,15.33627602,0.09921671018,31.94702595,0.01141067233,0.3866034105,0.8780678851,0.4837703806,0.8422642354,0.4546256163,0.8530033675,14.62368591,0.1297650131,30.9496163,0.01163441101
9,5,13500,44.04538136,2.203884622e-07,1,5.653636289,0.4146996308,0.006089451601,1,0.007876802596,1,0.00734069528,1,15.44143753,0.07754569191,30.33222287,0.01118693366,0.1358098934,0.9522193211,0.1757185157,0.9426110303,0.1637481168,0.9454929908,14.77511913,0.09895561358,29.39696809,0.01073945632
9,5,13750,43.12700295,1.997102528e-07,1,3.137575304,0.5735540888,0.0002714643657,1,0.0003603053935,1,0.0003336579554,1,15.66468071,0.05639686684,27.81253958,0.009844501622,0.01155187884,0.9966057441,0.01518836355,0.9957489652,0.01409761749,0.9960059519,15.11686334,0.07310704961,27.02029984,0.01141067233
9,5,14000,41.7779326,1.829064804e-07,1,1.065907642,0.7885669538,6.055426856e-06,1,7.787883634e-06,1,7.268241574e-06,1,16.16087534,0.04151436031,25.04669305,0.01062758698,0.0001679928608,1,0.0002138389638,1,0.0002000876462,1,15.77113,0.05378590078,24.44258104,0.01163441101
9,5,14250,40.4464264,1.743141013e-07,1,0.3463650514,0.9158742589,5.090592741e-07,1,6.273855597e-07,1,5.918941607e-07,1,16.90790214,0.03080939948,23.46008136,0.01141067233,6.946131982e-06,1,1.056925505e-05,1,9.48251675e-06,1,16.62508715,0.03707571802,22.97900606,0.0125293657
9,5,14500,39.21123878,1.636740002e-07,1,0.1312371891,0.9662154603,9.53256153e-08,1,1.141846183e-07,1,1.085279512e-07,1,17.30189695,0.02402088773,22.22546811,0.01107506432,9.250211529e-07,1,1.214282982e-06,1,1.127520291e-06,1,17.08619197,0.02480417755,21.81970636,0.01320058172
9,5,14750,37.98660001,1.507860607e-07,1,0.04420420381,0.9852332476,3.710285361e-08,1,4.410076531e-08,1,4.200177542e-08,1,16.78093702,0.01462140992,20.40921198,0.01062758698,1.982073766e-07,1,2.609438324e-07,1,2.421263349e-07,1,16.61276263,0.0135770235,20.06190049,0.01208188835
9,5,15000,36.63060424,1.336885656e-07,1,0.006242968875,0.9974270053,2.826481691e-08,1,3.279286815e-08,1,3.143470101e-08,1,15.01155084,0.01018276762,17.46222438,0.01040384831,8.192272238e-08,1,1.080969132e-07,1,1.002460909e-07,1,14.8832744,0.01044386423,17.16822173,0.01073945632
9,5,22901,30.09818231,9.545320078e-08,1,1.833410483e-07,1,5.320810816e-08,1,5.594047537e-08,1,5.5120915e-08,1,7.116066597,0.01932114883,7.583758406,0.01778722452,7.633081535e-08,1,8.301029928e-08,1,8.100682027e-08,1,6.854247233,0.02402088773,7.223019994,0.02237386732
9,5,40000,29.92662257,9.31091015e-08,1,1.866917039e-07,1,7.202546427e-08,1,7.804416917e-08,1,7.623888765e-08,1,7.279556203,0.01958224543,7.714346452,0.0192415259,1.028602923e-07,1,1.140888066e-07,1,1.107208679e-07,1,7.095194644,0.02349869452,7.432545035,0.02091956595
